963.798120808,-1411.65868144,9338.99456565
2768.58315495,525.049945882,13232.7838769
6472.73889185,693.368083264,11365.7151744
1991.94520213,756.783824227,42107.4157945
787.253782978,-6815.67571737,10114.0654154
-26.2438265618,-20.9866940249,2890.22759529
-60.5086337999,32.2987185979,7.74177019214e-12
792.762026661,-2439.26035551,12668.4315255
-290.41811234,-6219.76435281,21966.5111396
234.845604451,6.16498646915,5997.06056602
10180.2710898,-70390.2996106,10166.7079374
-578.161433931,447.120363667,14434.6509153
-17363.0816302,435.874039275,40717.060463
161.87832788,1578.34017229,4875.48197069
1663.2960946,576.902209468,10764.88691
-73.7141523293,39.9421484696,1.10015635177e-11
934.516240483,-8203.72028842,13445.8436847
-480.692083597,304.165337671,15981.1832512
-453.69135349,-1457.75239232,13543.727008
-88.5697313663,42.6649041047,1.09613019813e-11
5270.01888174,-30152.2546798,23162.4231517
1198.44664013,-345.10813951,7954.62691784
-12095.5885152,-510.704123099,5050.63421347
-146.313904703,133.143180506,9011.9230311
-6505.99108768,7016.00891907,15824.8854635
-57.9817132911,38.6054872769,3.96211582743e-11
1297.02339326,9.99763346007,20494.5995773
1053.78463417,1513.93640364,13533.7570802
-185.297885534,-14.6117616418,4712.50294273
379.757087508,410.722835269,8657.01382002
-55.3973410446,41.1366807838,1.42746006537e-11
-3155.52125231,4297.39519296,14201.1648052
-377.608554425,-351.706385175,9476.68258673
1226.87419288,298.980904364,7742.20106418
5405.10938724,3142.04000271,24069.2056944
-229.965015284,-554.750686504,22968.1386966
2455.58014594,-1241.05693824,11176.2230522
-2220.93166993,2577.25399438,11171.0702492
-75.3138412546,38.1592459762,0.0
-564.246297579,-906.264093366,7627.78121807
-4145.4564424,1471.77488257,15821.0235787
-75.9856992584,38.6036013293,9.03208836945e-12
7242.12403066,-1208.10824353,11029.2599618
-1679.90145515,-158.126076156,1748.91048707
-84.7949559184,43.3398969096,1.37026578327e-11
859.279261002,-2231.47698018,47880.1434319
-53.5484742776,28.1670026166,2.33642700845e-11
-847.610184692,-448.189390425,7329.08411139
311.22017557,-1149.09786482,8570.12961345
1082.33309902,-1389.16205664,5779.41488583
-15437.1288787,-1337.82242872,15062.7656351
1835.46854423,-13924.4031347,12582.8707867
48.6452324416,-373.513343483,26920.9351747
94.4944254595,-107.150391843,6317.30565963
-51.1070790809,-186.291392306,11933.3490553
-70.736072435,36.1456092711,4.26325641456e-13
-2549.58109737,1967.71892601,20496.5765552
-28.2467322778,-733.443120612,4179.69351906
-88.6436680809,38.2688884972,1.21173801433e-11
286.449184729,-42.7491745791,7384.07768665
-529.131387343,-2421.39285911,19972.6832227
-64.3190554738,40.7516644013,1.64912392062e-11
775.044975754,-491.147479155,10615.0762629
-568.795515412,-1932.74810077,73408.6086334
-870.763916197,50.0250700584,5297.19500012
1347.04082952,3238.16128974,23271.4756879
-9515.76977852,2516.99010116,12693.5437158
-111.598168845,25.1359411335,1.32508470009e-11
-1072.2314911,826.7713412,16358.9781194
123.453484741,887.769744963,7906.54707137
401.11347028,1046.14106668,5491.31936669
-1248.4697651,4111.7221252,31329.5348006
1542.09941933,-66.5229661662,8879.57632566
1742.03981954,870.535488162,13125.6480645
1060.44451437,1448.67417689,11504.4956678
-76.9545916999,37.6487750082,4.24774297488e-12
83.1395168058,-206.102415435,7828.38219986
4625.9351589,485.676107726,26308.725787
-1283.51012934,721.054747727,7098.50516658
-2879.53942353,-916.917827606,3935.84669357
-46.0945093787,7.95471202492,274.13507406
-114.514287133,28.4295645643,0.0
-113.128055768,-23.3282300849,2002.50098087
-198.258004666,16563.3544637,22415.5218694
-1086.12415889,981.505334453,10384.4797737
298.860705232,-528.826886173,11099.2128264
-109.841091025,-70.4303637208,6375.79254355
2525.44973449,1446.62758943,21575.0010951
1336.3664873,-9435.76074823,573354.778592
1280.64658477,83.7314345079,13685.2980741
-112.077500727,37.8618438469,1.67128120423e-11
-2500.51002978,-1930.69990679,17007.8731314
-76.3555441105,44.4205605437,1.06640225108e-11
-986.228533507,3394.00707779,87368.1515553
2480.03622867,-7298.40468303,14165.0031289
-28.4449154627,95.6303618213,5974.83955459
-84.953246262,52.6780138769,8.28229198955e-12
-8.79773843865,3.92284104897,3994.91037042
-109.408422884,21.9253120279,3.64400422878e-11
2310.00126096,2680.10171435,17625.6992553
-1492.97709206,-186.078363046,6457.73452551
-3256.14449253,-1470.96565207,24310.1305048
-432.988130602,3279.88304665,8922.33951058
427.19182455,-544.594891014,10082.573313
-58.1025552329,29.482610031,3.09064119693e-11
-46.5487196642,-15.2180065873,1513.8818984
-864.633339356,-8874.73483685,56346.4775569
173.951574582,-46.0128244283,8258.56706688
1872.59892742,45994.1513212,16389.9665183
757.352622416,3955.91358506,12735.6614122
72092.2185841,246.840417568,14432.1102419
-108.54039839,38.5489634571,0.0
1686.66044399,-453.280588715,31862.786993
622.579610388,-789.261780109,10816.6090739
-905.90889172,-620.288918386,27908.1155595
-4667.0432975,1324.49256772,14721.8596483
113.822508404,1226.48206756,31379.8305949
1514.7681454,-184.220511127,15326.7587318
379.247699988,-3478.52485043,60844.2282999
-152.999882069,187.599931306,12065.7889214
-788.804058014,3860.59980278,10057.5514753
40812.7566502,-3064.67872398,22837.6645869
-80.669921463,42.0303109966,9.53830874506e-12
-4729.4763015,-3253.03155695,20136.2175282
2968.73013775,488.742710775,13305.6103549
-183.262899573,-141.089337141,19195.7188547
32287.8394079,-8350.08132822,398716.082334
-957.69116663,2656.48765662,9947.80176416
-11.2175933267,-3893.05229894,12771.8115146
-2062.4847022,-101.003505902,17328.0470462
-70.2080929398,40.1816229206,0.0
-29.3283191512,9.22667519475,5875.21734844
56.8701335636,-838.157356221,15023.8328953
6481.45671747,-467.238272985,38597.9953957
8840.70684421,-36.8840063115,10489.0704629
1043.21625072,-1445.40296835,13081.6630273
-1282.2475334,-2838.72074131,95002.5581922
-7407.69512198,161.448365512,76850.5219429
-1498.72818405,-11916.3113353,5814.03662864
-753.650630775,283.39631817,11924.8856792
-1310.6908531,-927.882005206,14576.5812465
-118.622252548,9.78735208985,581.165691209
-99.8570448294,33.7715926645,9.16364378213e-12
-480.647414804,30.9923735698,1855.47364716
-38.2351348966,59.9608723301,3534.34818734
-70.1182446257,46.569398347,6.39558108712e-12
42657.7519868,-1955.45015632,150803.464421
-107.322048889,34.8195207794,1.1633312499e-11
6.72264077684,904.739206468,7453.95090967
-104.746647306,34.1315836667,2.39537729177e-11
-29.3877711597,2171.76423801,31311.1264241
7274.21379649,-203.609686453,7491.4965764
190.490188043,-25.221318554,7364.67782724
388.018492027,-119.558547491,7379.25528431
-51.5660307165,30.0599555624,1.64362225971e-11
9863.95123003,2368.35624218,11972.8222553
-1839.44422493,3856.76225877,27211.8901582
-1550.9619393,466.635338595,13394.3147993
-29368.7699572,-1040.78795518,24078.3487254
-122616.732317,-73101.8975828,4436465.73766
-492.316503392,1896.00061456,21376.1090233
-8540.58777167,-472.708728309,28184.6185848
-58.2704984132,24.2872523012,1.36431385119e-11
1814.76151257,-382.82413409,10892.1432479
-62.7600217466,40.824050242,3.34735080058e-12
-481.813693347,-386.085233355,13456.6622717
401.442503277,489.833367348,9708.20892991
-4821.20527917,-1800.99523084,65980.1241732
-226231.733791,-568.913265124,13118.5140324
-4280.1099755,2195.16752884,16346.6729652
1648.7696136,-1096.28804426,22335.6621536
-142.80419308,-568.136163742,10760.2596202
-4381.9428254,-14.3071518428,15716.0750856
-63.4595885176,35.1831705367,3.26778417365e-12
-2823.37307516,4909.83916713,13409.9535251
-363.651776665,141.157186884,7393.79367146
3552.02317755,-63.7703039515,12292.7090534
1140.03262096,2470.74858036,14215.5860194
4121.35850663,163.833013683,12132.9082997
142617.948205,-77874.6936711,52643.7596433
-985.569302391,1145.15490151,11458.888388
5445.8853348,-39805.7080062,17046.7241666
-516.124726003,-8669.98699787,8384.25509398
-96.5797187249,33.6723411823,1.67798500469e-11
1138.1717539,-251.511671379,7418.9644894
-126.292300308,25.2296141606,2589.68416095
-107.480292255,39.0368480552,1.3373272209e-11
-2510.30327421,-13563.449882,5704.80580599
-97.088537133,34.3049345051,2.55701303643e-11
2403.94150837,5781.25614842,20314.4785373
-320.701244698,-2798.11885936,21975.3975337
-57.3794195765,36.9687138943,7.47488715218e-12
-1211.79333189,1357.67445856,9427.47149516
827.494784202,-18.1874577712,6801.42387347
257.984859389,-102.797071923,27106.9668618
40.2616517861,-1383.61179837,115753.885346
5.10857207841,-68.8977121025,6136.73328106
1002.03419,-453.955163185,11795.2049567
-1.1129102063,-393.658373715,8837.78992017
444.477569345,4314.83389602,21268.7291793
-49.3851972018,15.4795339374,783.313474565
1384.08557116,-670.062215582,9812.57668846
-6273.11664049,-361.961088862,10304.3747656
-9178.0157297,1312.51049244,15060.0946424
-654.274820246,-598.299536514,18336.2816493
-113.64832015,33.1747159477,4.92026788136e-11
-408.748024626,-489.394003713,28667.5094924
49.4439289294,-2848.25979218,195447.64495
498.137423312,136.335064152,8666.72061669
-84.9951960226,45.794814723,0.0
370.578735597,1046.84996433,28428.3712247
-45.5124632668,-351.587697571,2054.28312146
-525.396748874,-1224.73544285,40133.0218022
6809.27072341,578.053484347,6397.11063453
-247.450266459,3464.41828638,10353.6057693
699.08317423,-1959.09260716,9218.58468406
348.127845447,1353.258663,7986.25872712
-621.456087424,-283.339988491,11490.1392737
5436.53419003,-25014.6121649,30759.178198
-428.559748374,-168.149547783,14923.4502968
-776.359296093,-774.049658446,15440.1543331
13865.9592069,-72512.901182,21434.2258288
5118.39759602,1346.90005645,28490.4604245
-87.2338603648,40.7259842376,1.36297522474e-11
-765.32112236,167.257492803,18210.5120495
1239.7068381,-942.233890351,58316.7562585
-31.9625184655,-535.220073018,21500.5234116
3888.90392854,1451.25735014,28409.7670048
33229.5203099,1292.09332114,16023.8291921
-66.1722679142,-1078.74616265,7829.96652911
-484.920184495,466.514326394,19434.0747853
-45.5039865906,27.1714930468,1330.01345338
-3457.82785488,126.057112761,8317.54604992
-878.844257645,510.631597405,5260.32238145
-72.0481882101,43.3568866259,5.83437962262e-12
97.5685319962,-14122.8589344,19156.3521004
-7797.69811652,729.155167548,52470.696725
-1719.31020963,727.951345364,46448.5830642
15366.7910632,-2863.33195746,10680.428035
-99.524137802,44.9154901517,3.38555862435e-11
-1175.46720732,-3017.37838772,84284.6939648
695.132100123,-17544.4729802,19724.5037317
-120.868338327,-4.03611166307,921.03704018
-36.5523937709,0.670188183278,1361.8890967
-109.346036352,31.1238268371,2.82223499774e-11
-47.5553256478,29.3846146132,8.38101173608e-11
-51.3827950147,15.627009026,841.652442645
-103.668972698,-406.949055319,7319.23609313
2858.63100766,-1195.40200793,19881.9681824
-403.22296815,38.4208274226,7572.09158042
-104.619079043,-93.6055875451,7433.53295365
-193.217068137,526.140641616,2704.79333015
-59.1951694489,36.7849365177,2.24533958382e-11
-146.044418983,-2.81360523251,3144.99021185
12756.2123185,1678.89470862,13519.8204862
1076.73725946,-1154.76271708,17763.401856
-199.350616051,7225.6792621,503690.398382
736.202111379,-4953.52746501,27123.2418162
-6293.72213776,-1853.184806,28060.7555563
5921.36121699,-533.620342786,9856.7818567
635.281933964,-460.247717726,9293.45738271
-520.240580969,3589.13819838,11943.1893892
-221.970329049,11.0027203261,4527.21080738
942.132479056,675.391529564,12887.5347918
1800.27237312,-3487.98601523,10677.7114122
329.468048815,-513.40024065,5677.20675777
-4570.5562051,-1193.95430823,15824.8668262
-78.4037992439,39.2501043078,7.85958663935e-13
-118.21952476,-51.6662671442,5637.49771081
-268.471086526,571.49767541,34227.8131882
-113.667751277,-105.330588702,6930.82012061
1241.50658678,-1397.30279016,28476.2541412
-115.499491402,-13.1507136558,2774.98519699
27744.4829082,-2116.82315199,6228.52296386
606.678130317,932.414337726,11663.9746025
1568.06640633,662.7327018,7890.00227001
-127.04039363,-32.4580181017,4573.99900795
-71.0011992055,48.3372618348,7.42744447489e-12
-41.6346247132,-48.4538448565,5130.54091544
-1958.81063574,-1425.7465666,16363.2060305
-1491.9610461,-1394.40938671,7737.12531332
-115.294808697,-57.7114719312,5675.1574907
502.843996621,71.2350484842,5865.32674582
-114.765316128,17.7514078467,9.3398689741e-11
5336.52271201,11350.0926423,13929.8405475
513.409867751,1941.48559453,3078.66696147
-64.9753792333,35.0511724248,4.40769819634e-12
-4511.94126449,467.961844097,11702.4489777
-73.5126686557,46.7563620588,7.32677772518e-12
-562.171842032,18.5705711612,9169.90174186
1673.88386767,-6482.918001,19224.9751745
2102.06484288,612.31046332,25895.4803199
259.931213892,873.320491396,7337.65081382
38985.4508703,5309.63525709,10859.6322175
-78.9216896148,46.51594239,1.83683637825e-11
-1563.48456422,9.9745215376,1655.97121699
2680.13769894,524.83633152,22358.499735
-2058.4607105,-8422.49223527,16428.8951747
15070.4253487,102810.127778,9886.3743888
-150.891297819,99.4982323015,7548.3764253
-1328.26568841,-469.535865833,17399.0032366
-1571.41701109,13692.8986472,2221.35765396
-46.1772664908,33.114095403,1.08488068078e-11
-10209.1521672,3448.57848957,17745.594208
1657.07683667,-5382.94036516,11772.3044705
-43.1941065976,-746.123242108,15095.4141139
-1973.86393853,-347.409243054,12942.1992993
-2587.09308527,1002.31190976,17131.1705435
-635.352044488,-1625.07322558,6759.04993168
-3682.65365127,-2760.12751592,18464.8015458
-8968.20623861,-245.556691355,7741.41916348
865.934598583,4854.94932539,9301.57375652
193.623760174,-571.42199244,72789.0880381
1052.52518127,-7062.93158027,15365.9606203
372.995081454,229.22942256,6065.1381377
5157.36489984,-15508.9463629,272586.047614
-2310.62130356,11049.2278377,15181.8588269
365.031283965,2493.15063898,13452.095876
-56.8599624261,33.9948303762,2.28146728914e-11
-72.664774168,42.8443286267,5.87925371052e-12
-95.1485376622,36.7222133089,1.61769485734e-11
-54.6673861817,31.4822001375,3.97699885877e-11
18854.8410429,727.30366633,36358.9234518
-48.4396414934,366.442101355,1210.51086371
1665.21780702,-755.477112271,56423.4669046
1291.61983198,-6775.84123965,17496.2349415
-7453.2013956,-475.232677198,11527.7216619
-95.4140530002,33.5460816078,2.42898576563e-11
-111.9015384,37.8160831648,7.08031512982e-11
684.961695546,1160.63332698,21737.496379
-112.112766349,28.0755286416,7.64256753547e-11
-59.6851456291,39.2622714494,0.0
1337.76170841,821.025856323,18030.8839843
362.214626061,-261.783842081,9020.48209699
3199.78575782,903.939927997,7873.77102074
-104.963192896,32.3681067009,4.39037919287e-11
-1349.6630014,-823.869648591,10774.0080102
4.35005481263,955.080926056,30171.5555487
-3250.7783133,31969.8554007,13274.1558636
20760.2261307,234.092350093,11263.7464687
-124.775397695,16.607049222,1599.42360668
4319.82458424,86.9818067043,21469.2085112
224.779290392,547.631481686,14447.2805674
-1048.38913954,884.889361823,15654.641354
-579.831316329,-1208.96163164,16828.7833549
-61.0346559494,44.5709323091,9.42086389928e-12
-112.3460264,20.8638424606,2.80496958072e-11
-26472.5180849,-12862.6963519,20358.3550759
138.8862131,-1659.51366542,3573.07576286
-62.5143387954,45.0895821246,1.16379294208e-11
1093.10301147,258.990284039,13679.9095994
-820.056035779,-5578.23553188,6013.52661832
-94.616662579,40.1728716812,8.36835297578e-12
19732.9134945,-122916.572262,17252.6328503
815.913710741,233.275570305,17073.990091
125.286556569,11150.8412394,26823.5119838
-97.122664832,42.3796069749,4.56340899177e-12
48215.3515339,-349240.055713,20689.3193006
3298.14048329,-414.885035758,9341.42389002
2486.27133795,1624.49269519,5606.68616004
-27.1880492369,-2434.14874639,11046.7912144
-8272.20232742,-1795.03527459,20086.2943421
5060.57879799,3126.35060326,19647.7824486
7835.58976712,-1364.16146215,12100.9499164
537.483437218,511.798122454,4632.64223518
-140.702967288,42.7757472389,3681.42905737
-55.8521369649,8.32465571577,500.124538948
1537.8186102,-4190.89570078,404311.270735
1645.56014059,-69.189699251,9901.68581642
2027.96285843,1580.3915531,23005.8145427
-3283.66784063,1001.08859958,9023.0604638
-551.327194309,-1644.41096824,11208.8269484
2514.67928795,-179.145329857,10265.3191139
-862.283639153,665.676474954,6554.80428161
4385.56688929,84.1856369585,8364.61869846
843.88566618,673.053817347,28903.8223422
-5951.22803762,-499.66159948,9391.80625103
-110.394025322,28.1016947166,1.69582314159e-11
-33.4270142859,31.1948658837,2771.99621288
792.547951566,547.958150395,33566.9909281
-1650.44875878,-310.205228231,13811.2084518
-50.1440208777,-847.678181833,9443.51809397
6617.9792379,-687.729750052,17417.8310792
-493.191885761,395.222954029,11375.3827939
-2598.83130183,-358.659662557,11306.2228144
-76.4373562912,39.3224331814,1.83741491215e-12
-995.812918114,-551.797960281,8583.99415063
3572.53485864,504.402148822,13791.4908389
-57.5211016823,278.266866983,5481.74379033
-46.0798150449,-2.40931285059,1307.46393766
22233.3805608,75.655984415,24825.6048148
-58.1547653855,42.9747656138,1.36421596502e-11
3174.29588286,664.622374629,21321.2955979
-77.8328267969,43.1448522286,3.42798642027e-11
-55.6704613943,-460.53954053,6496.63500757
623.951931736,3239.23988077,261602.694196
-106.133180024,30.3802658179,2.91172893968e-11
1436.82583382,2496.41144611,8420.96641933
-848.363707011,439.256967758,28206.9272475
-107.647241378,36.5023832002,9.37391525158e-12
-215.546634184,345.571442194,12590.4563727
-101.918487558,48.855925282,1.08226063368e-11
-108.939483688,31.262230742,2.90268356439e-11
171860.110576,-1073750.51939,25857.8917552
2114.30020863,5983.26117173,352641.924026
1374.32390214,4000.49915773,42585.5989736
-1458.89481511,1637.31347368,19332.5630113
-685.735106479,3616.02484017,9926.04402876
2998.94939414,-720.481909544,45348.955428
-45.0479683813,-4106.78085988,22365.5014032
-236.553317371,-372.454002937,10981.81324
-81.5218923345,46.008874912,1.90701123899e-11
-98.0177540212,43.7576372748,6.51693666057e-12
-896.757445917,-6340.13594576,39717.1673782
-60.4173988955,-1605.49687044,41576.9835677
409.190558676,796.914989548,11940.9841058
3198.88971125,-1026.99709237,19267.3934667
-106.947000642,31.8485783259,5.61123322783e-11
-93.0475197979,-52.1954731304,7608.11365737
2205.05851075,-2589.93972771,21040.7764281
4768.41840279,1169.91433618,10944.4091851
-997.993306663,-1245.75390136,8228.48926489
647.022745894,-740.097393942,7881.8700962
-1156.4079302,-1385.97616757,13507.6766476
-178.305524113,108.193215315,17129.0023943
-67.7071546152,38.4853428927,1.79893539607e-11
-555.752417246,141.947639642,11266.7859325
-1288.47151392,-1569.34641285,10795.1050406
234.225066783,94.1693578667,7755.45602275
-316.184484087,861.805762023,2706.94821449
-4676.72362926,-564.990572783,9678.81532562
-497.913643956,98.2527585513,7966.42671326
-112.64606172,-61.7570062483,5952.40956793
2791.48456684,1012.04636155,23394.2587065
-83.4132889275,42.2762393009,4.26325641456e-13
-113.843882453,5.26866491153,482.415272868
14.1559647232,-919.779893412,28062.6400074
4471.17842494,-1105.19041149,7820.53123534
-14419.9114216,-1070.89335946,3169.59787697
-458.23357545,5682.62412715,10030.5249669
365.356453655,52.2355647479,6806.12294829
-118.258697,-21.3259785322,2716.99750919
963.31976407,-159.745226653,74037.6123387
-62.5265752068,41.3273878569,6.15394053362e-12
-53.8765940624,24.0225385526,2.75102900759e-11
-1191.28883269,96.3140990218,8507.23528076
-58.234703222,36.4744516767,3.75028907779e-12
-2131.76439471,1931.09022361,12659.8344633
-103.55236165,43.8741732245,7.48025642844e-13
-14.1070719737,1492.72371688,4655.19440192
-501.378974123,80.7438930858,6928.02008048
-55.0822047411,25.3381218923,2.87627358936e-12
-52.8721522725,41.3738084043,7.33109089587e-12
-6487.98837498,16740.2448843,22163.139686
-54.4979391505,28.4859606792,0.0
10847.8999101,1208.5452554,12706.6374486
18340.7257876,320.296874384,33651.1147635
550.467897633,1928.40248303,10360.6637421
-208.702570277,1574.36777987,15419.1627983
1001.68912703,347.862154723,8300.10649574
-976.678840148,1930.25263144,7478.61171521
-2205.82119637,25.6612729831,6853.36836092
-7740.34726431,-2622.65337975,15060.191576
-256.878352912,-121.226183975,9613.33087309
-107.474108564,33.1880926526,7.13108490533e-11
-14585.1165967,916.199576531,9486.11121591
2010.50904026,171.71301444,15676.570876
1695.68299538,-1286.30237179,11342.3019626
-43.5620442374,20.7150462193,8.77598894592e-12
-117.341579607,12.3113017411,3.89384713037e-11
-68.6920756655,39.1068190386,2.52694833533e-11
-113.241856975,30.7771029707,6.05023903644e-11
-95.0425256692,-81.1468049193,7884.41580615
-426.522428783,680.478645857,5911.94880115
-2442.63577833,4829.60637451,15338.6518917
-298.66604634,147.630588232,8296.13465418
-113.591382844,23.7840590415,4.92205674178e-11
13266.98839,7047.03629022,8101.62390209
19532.8251239,1139.24506165,9964.12655412
610.629913191,-4229.74710986,25845.1292213
1180.89412489,-543.587280851,19570.5430077
-89.4867308254,44.929840754,6.09645374291e-12
-3751.02092369,13085.8974585,23748.3987309
-21850.0723176,352.326808386,18777.7350011
-2966.76120113,1548.71036625,25060.4145588
-327.22830277,-4772.459832,11863.6476559
-1286.9665361,-586.585535891,10216.885024
2346.78864852,-5296.68966815,72214.4767304
39.5581002443,-1352.57440499,92553.9503204
18961.022689,2294.07691087,86071.8133161
540.759247159,4626.18401425,6378.20676209
-40.7917448319,22.1575276513,4.20474742782e-11
5931.05864331,-28556.480159,19220.1715888
-49.5397855651,31.4532306716,7.35670849437e-12
97.0139158435,-233.629017976,19338.1832128
-272.97185902,548.593823595,10519.3121074
531.663271299,-580.740708756,7982.73897908
-98.9766000386,37.3326049987,2.81713096749e-11
-93.700235408,35.9687742764,2.86438251906e-11
-119.808310884,21.96830102,1.76946070821e-11
6.24530837328,1193.27216569,7324.50399817
557.076591979,-112.178080415,16671.1439862
1816.32075058,-5846.60193566,17548.8576695
-35.9722498808,5373.55106907,17124.3348377
2533.6116065,588.536258698,12021.9345963
583.87797763,-37.119610097,8148.6884543
548.656054954,-258.966591001,13586.2027953
908.50526403,641.815154748,23118.5783349
-5801.46895094,-785.152640019,25069.9877699
-109.569413172,32.0297888514,4.28034258032e-11
1216.65849375,284.507561188,8430.39429887
-44.9328564319,4.56703726506,973.392132271
1876.22040849,1012.32829695,19836.5282223
2787.02413878,-8371.98971591,16070.0809103
2127.48107478,345.38894697,8773.49599474
-88.1026592797,38.6917764344,6.00475673424e-12
-118.50643841,22.8731255979,9.29969265065e-12
-9356.96890223,55272.1400008,34659.7625525
-6863.9026265,111.960785105,7447.61922652
-66.5233214258,38.7565404043,8.52651282912e-13
1838.26917194,-3551.88285454,20472.7829317
1.66134242581,-334.541854202,4756.76298413
307.983823235,27.2269250977,7226.50473505
1606.85906559,-126.646847547,8082.95313189
-3937.23529421,-1142.81977383,24391.5929787
-47.38053318,12.0624786363,1.10362169968e-10
-86.7942130292,36.6291308245,4.26325641456e-13
-105.259380057,29.5811046831,1.92096873594e-11
-101.440727569,40.6996903276,2.15643939076e-11
-1052.97975306,731.513370398,12565.0365607
2639.69203432,-971.565128883,13880.5202428
-1138.01590277,4113.1342539,270928.202419
-1303.88545409,-830.38184735,61496.0074955
3021.49005908,121.979031352,12186.0476405
-1474.57297382,644.118422868,10539.3907057
368.984644311,1776.42296335,16972.1797781
-112.810604356,11.6256038723,521.028922549
-113.594519229,29.1674172998,3.57020612678e-11
-1847.03658706,-2321.93292399,152738.131402
1086.65500908,1803.8400693,15762.7480368
-11396.1789524,2214.65772698,1600901.06156
2057.36822861,1347.05593721,9940.71638029
-107.043925401,40.3298215915,4.29081717945e-11
-119.053540102,27.6178426004,1.12494811724e-10
-59.967732093,36.2946522817,0.0
2042.81885757,-1758.39789944,9931.22453795
990.986668343,-780.199777554,58285.9240265
-1636.38459921,-7520.89181139,85925.8198073
714.77757469,-16.472267529,3812.62023133
-45.6000176276,5.23286162807,551.601410071
3141.57175444,3198.15066106,26591.9641167
-102.247892916,43.1592821397,8.29462055316e-12
-423.082630714,174.582757432,6768.7623899
101.512960277,-2774.82385442,9680.46836898
956.009930073,-232.770272674,24193.7227767
-114.694721226,25.8850484253,1.53489591645e-11
921.017732667,682.947751447,17157.8043597
-47.474059703,23.5680093121,5.28611955541e-11
-756.776411384,314.184503924,8444.89766283
310.937050718,879.695510592,45262.3830266
2656.42814948,52.6019243476,16357.8120173
61138.1626928,-452.316769818,13511.917986
-48.1048193182,15.2530392916,7.63933163688e-11
-1422.0659913,-1262.27876586,56297.1749228
126.816519129,367.612378334,5909.34564919
-1910.11430413,-3734.71825413,7695.34705105
3161.63809296,-3003.56976087,26437.1594623
41185.5747255,-9379.65233496,20925.1094662
2276.81198509,-4433.00770191,257872.215298
207.198311431,-75.9978686652,10639.6708766
2328.43604412,-2101.59552174,82992.4548243
-9576.5333248,-238.613867449,9310.62134724
-10331.1417523,-15112.6524089,17075.1941669
-3566.72353587,7442.01183073,14678.5553922
867.371753289,-20088.9410426,45337.7149156
-46.8373920973,10.8081221941,1.26092066985e-10
1584.19047432,1483.15855805,11724.2327531
-37561.1318053,8190.97867908,540306.271292
6316.61669369,-4324.49934113,30470.8106914
-2071.45770636,-1066.77112521,9334.68060776
1349.30572084,-3025.0946186,18090.387379
1661.68203891,-789.808389539,35593.554464
-106.130773064,42.2541459918,1.19223836018e-11
-62.912355253,31.9834099044,2.02846784609e-11
-54.1377292408,32.3347037105,0.0
-83.9268070059,41.2038700385,5.78930509822e-12
2812.95577148,2174.8238292,34874.453547
1188.62063016,1208.07612337,15564.6417797
729.645145026,-531.511297342,4373.61734741
-120.796789717,14.4438413655,3.98508527307e-11
-75.1332985888,-294.489024055,2815.14671708
-1131.40409162,-23.1985932106,7352.02102648
-403.051649267,-171.715529041,10871.0950609
-43544.3879616,-1765.01897509,20929.3742903
-716.335116594,-617.148004218,11197.9069578
-1626.25250396,2206.09502055,122864.121047
-131.785592187,1.38395249514,2417.57714085
-11363.2958057,-530.585008662,3065.10664041
815.935932972,1369.07240633,16842.6479201
-101.526805009,40.1410226309,1.82626609826e-12
-76.9104313017,49.1215383384,0.0
-5319.59478904,127.453443579,29971.8792763
-10644.1810946,-886.93779736,12151.1246038
2589.38621218,858.031821603,23476.1435025
-1301.54695848,-947.221490465,7384.29701798
346.30354995,773.524412657,5478.58500387
-320.915114565,-4358.43534501,17311.4134546
-49.4420854496,-5.47907028688,1721.05609231
136.850217797,-613.521682815,39909.9682126
-3040.45869938,-14620.2192996,13055.4029311
2033.37127753,4672.21110324,30864.5961573
3136.47862216,-1144.30084494,11572.9427754
4047.00050533,-1233.89254627,18620.8596188
-2263.70766941,532.198753166,12586.3977523
7535.80082807,-52575.1965651,13512.7702001
442.674412118,11244.9377962,659308.663633
-94.8190582511,41.8934445092,1.26940668341e-12
2813.8412992,-78.4485034354,14538.5235151
-501.272516449,-5291.57804425,36278.4004508
-77.2860915702,44.3279893109,2.01874073403e-12
133.614373252,-459.12364129,7479.76084683
-53.6203913927,1046.38519834,8339.46364388
-4343.76099488,-60207.3503423,12626.5227104
-2749.74105567,4380.42479926,176950.992971
-70.7840688878,34.6443024776,3.89996032366e-12
-94.9545588453,38.8693905239,4.5176553522e-12
-3398.79358302,-2676.11797281,20198.6605452
-1065.34773087,3803.16246346,23432.1137078
29.9580674376,397.201714706,9542.0090759
1242.96264137,-193.678914063,29506.9082414
41.1748117475,-2872.80900648,87327.89672
-83.1336886313,47.6325879429,4.02210607185e-12
-121.431739252,20.6874815756,1.85025563949e-11
186.923333976,3940.00442378,10837.8255535
-97.7798381637,43.3918378044,6.32471249088e-12
-4828.70386202,-4731.71125015,208029.574381
6235.65800914,46624.9792993,187295.076482
-40.9958596361,4.7998964582,2325.45064515
237.625157453,602.048941345,11689.3445135
-75.2492252694,43.476214272,8.32121469234e-12
2187.47519404,857.994598675,9932.91624868
-104.938863858,34.4333958735,5.57080486876e-11
3027.25371286,15804.9015527,553389.74279
-67.3770583731,45.1636940504,1.26961645248e-11
1739.88596835,301.688833424,37317.4429578
-104.110359189,35.4088663292,0.0
12707.2029479,-187.675652339,14590.7873214
-1367.69030372,271.41005181,113121.253891
1320.52018967,32.6017672099,8525.74077883
19252.1936188,8249.98367397,20354.2295545
2408.8315182,-9288.03335491,17176.4750961
-33.6354156059,-4.51661094699,2971.72019312
-133.114455933,-14.6158498041,4829.01693394
-826.27874466,159.591075055,29193.6669479
-1217.13475881,-57.611273749,46245.5163846
-57.4954538034,-65.7333749953,4532.45177097
934.984730167,-451.41258411,10791.2103397
459.76250567,-4014.21675232,9011.44957339
1910.56456969,-4013.19100259,8187.53061194
-64.3807225472,41.5956383145,1.02508392111e-11
-75.202776554,44.8581426686,1.98052978128e-11
-7209.43912207,-1139.87544709,8725.0829981
-60.4639497029,42.0931411243,0.0
-3671.99679319,2254.92658027,23488.0479664
1075.22604201,21449.0436409,39792.4923113
-1419.40934289,-4378.99889573,11578.5058243
657.397374596,-2240.72958184,19988.5060502
-148.025079721,19.3982312912,3541.97416774
-34.4858696554,-18.0041248352,3831.00223188
-521.864471099,-648.88103455,11420.556439
376.221084207,-362.306745115,7592.21424329
-103.188407722,33.5813963104,0.0
-4.94524633558,-1688.30570392,9356.30967433
921.106855519,771.744740524,47042.3331945
-121.159462113,63.3345734981,3473.55914218
251.167030931,-54.4883735065,4289.18139019
-112.334461647,33.7064903088,1.61923045616e-11
137.187024371,-797.321635503,13143.0525426
-5571.5040793,1330.16052564,27705.914152
-57.4041837859,30.342826977,1.55813142165e-11
192.50271442,884.536581432,11001.3337176
167.387934545,1477.10140268,101491.001733
-253.265116487,-204.205477768,9958.67283815
158.734877305,1619.83030505,3796.86349509
-118.787790678,4608.70272144,18517.2678424
400.772052132,-7291.00716914,376692.298241
-202319.205469,889.566840724,20090.3774026
-1648.68654706,-2608.69936886,6738.90827858
-1376.55216402,-17769.4630513,11890.7517425
-1873.44410882,473.368338182,15632.4207298
-1921.95326631,-3331.52926376,12955.2655544
-19144.4676066,-946.516067049,34061.221735
-3837.00177553,18471.5289285,36048.1022138
-551.243332649,-1245.59546602,8269.91059594
1281.76691419,125.549443651,11723.2156606
-6265.69971829,340.42905086,14517.9718692
-394.00665477,464.817371453,8134.8020199
-120.379534336,-4.5868921355,884.09720909
855.197986447,1652.25264841,4965.83174653
-616.713408817,241.035420958,24281.9712692
214.149636994,-39.3276682985,34770.3481083
-487.426207519,2171.72203882,9185.90302292
694.185162307,-1077.32254041,8630.14027821
411.569989099,-3759.83624796,3180.96290109
15002.5243709,-529.079361631,14371.0719256
324.156229363,18338.2808027,10837.3787997
988.125615214,-764.846027261,17101.8617496
310.67296158,2512.12969883,1268.60396781
1772.99023313,1125.69251001,102062.170102
1831.98681039,2874.84833769,15013.2143657
-82.6297047703,36.5650040007,2.77231120859e-12
-103.531276756,39.3831326353,0.0
58.6803636118,1450.91146684,8419.29845287
1476.76583343,5856.89989716,29749.4804739
-381.227087802,-826.776116825,9921.27449381
-539.523487513,5222.37850823,294759.935795
-23.2260345776,-2.12888107829,8893.60438676
-90.0073401129,46.8554424931,1.3837693934e-11
275.00937713,405.342740057,7192.25072999
-1700.88753475,-1679.93750876,26563.7397466
-76.5969462005,44.3986930127,2.28649901559e-11
278.676246264,1163.37520467,61953.8299224
-150.634393871,304.466033084,17997.8656213
-1631.18045138,6781.8607955,14140.372702
-305.432001754,5254.95705521,10689.7798644
-145.053340535,-254.178868785,6616.53850066
-93.2331824992,43.3354228818,3.81748807632e-12
-638.452943494,-7003.3020498,64650.6187926
1331.46663029,589.826643761,9704.03726971
294.824883629,-1639.19448908,65599.3312295
-1285.68961837,-601.663529333,15520.3446025
-1343.62047627,-569.600896632,13781.1604221
2072.45365356,-9035.75570964,13036.2670472
-113.371781568,33.7268734159,1.28662073155e-11
-755.149827023,1080.61707858,12947.5579324
-1283.32985135,-824.499455825,14591.4852642
1642.21128747,596.349596358,17700.8525307
-55.9966995032,40.9942465338,0.0
1013.05727404,2990.52057956,8623.01198472
1483.90106015,-439.698065314,8537.63307474
834.874976097,-6292.04172484,7189.8520243
1428.4033036,-3496.85301547,84208.5956991
-71.0408243734,42.0230596814,4.35746537404e-12
1181.72615441,-772.920059966,10488.2589241
-397.058484406,19.2667267973,2066.25157107
1273.68281338,1293.88124283,17430.9575053
-376.363037519,-2717.92653178,9766.65334908
392.320730573,-129.835301018,5652.07509076
-51.9329320481,35.8736365925,2.22022637762e-11
27.0130277742,-1855.67889907,13704.0175296
2366.7222299,-16672.1954442,18566.4273362
-110.809521954,-501.697663778,9282.79416117
-1500.093893,577.794529915,7697.46152131
753.900062354,-3127.17607643,17953.1915834
-76.9652847382,38.5832613652,3.35975743704e-12
1751.04465507,8879.88234149,11386.7342824
-54.0776800907,25.6353186191,2.09038076302e-11
-117.216489704,-39.7323453551,3066.44327913
3506.12330536,3852.70989993,11476.9283373
-1824.69399239,7106.33405455,30906.53664
305.513911079,-3312.40202765,19027.01864
-59.5655826811,36.7465709757,0.0
-53.3262115158,38.6593783014,7.99970769445e-12
1846.04089533,-173.676875354,16048.7293728
5567.63019102,-841.291783963,19870.9424067
-66.984532868,43.4644903789,1.13472298106e-11
-1217.12869259,6501.03545505,16318.9258321
8105.99510837,-3167.08375492,29910.740085
-4159.06976092,-154.256002441,40903.5593753
-4700.42115644,22614.2421758,9081.70841923
-4452.17482729,3487.6682081,7624.50930707
-42.0331983297,-307.927636457,2957.36368704
-78.6357319779,41.7924494377,3.29090652943e-12
-56.8189657055,27.7718887573,1.11368126436e-11
-104.635941173,34.3800155943,4.26325641456e-13
256.200868618,-954.77185363,12831.5112102
-47.6150782717,-48.1372253821,3473.36209422
-99.8284547692,42.6419530442,2.25953549842e-11
-827.607314841,-1293.54502241,7975.47550146
-16804.7953889,-1050.88565206,21805.3882319
1037.29149805,-442.977140926,21836.6635825
-58.2342116452,36.6978245761,4.26325641456e-13
-90.2918354731,42.8449545994,0.0
2962.01090027,-14.7549097569,11464.1714511
9182.02816848,-156.848791029,14289.5628621
8113.40599819,-841.342755691,62851.2060677
2666.1542028,-1125.53289599,9369.29329459
-85.6513173532,39.5053938731,6.59255550374e-12
-459.593316164,-692.640437535,29707.1410507
-52.2148641072,31.0012060051,8.65398288598e-12
5900.6898989,623.639727597,11799.2089641
-3820.46698651,801.72031866,69490.3334256
1890.41752662,2440.7642,20839.3886947
1640.70814476,-649.550588534,4588.65440723
1186.40795137,-976.706448953,24340.0663381
-2543.08839035,-1207.72315444,29016.825005
1327.66523116,-18.6230856208,21536.6069863
-24.6228526826,-658.199817821,4619.00852006
-60.329724697,42.3917547196,4.61501539621e-12
1159.22160828,-247.777838808,8309.31796693
815.262685072,-62.4162778443,8514.21915187
7484.05096255,-1165.14354558,15245.143474
217.452043564,1134.62905962,23437.1223746
-44.8399310314,26.5495242728,6.5916314353e-12
-3026.75757051,-7473.99651038,8765.72861461
4392.29583114,5930.33344596,15228.1581936
1319.39937226,-1550.98635063,11141.265078
-69.2177549858,41.677624753,1.0642292078e-12
3563.11962341,-2014.10685604,74685.3770802
-87.0058599148,854.764538942,16935.7328002
-1676.51643811,-279.209975027,29024.2110111
-44.8957248848,33.6585826471,1692.2033397
-119.52576216,27.370702361,5.34153121758e-11
40.5015467038,-8726.81159301,12991.2780182
-42.8411489389,26.2284371435,4.2094581421e-12
-122.900418347,32.7009337065,1.48702268139e-10
-85.4408982453,47.0717398565,1.10420181596e-11
-114.572350534,24.4812880656,1.44088520575e-11
4631.04309335,-777.398107554,21666.4757244
2677.83656995,-168.077717926,18354.7360156
2300.69639726,-4107.04256009,21402.2357888
-117.167515364,15.8977548855,1.59542050983e-10
1694.4879239,-137.990001776,7459.28405863
2800.90103714,-2337.93989824,6045.64889246
-74.9546889637,38.630417042,2.69822088225e-12
-1486.42507919,-3821.82998272,16562.9128648
5880.46742976,59492.1382634,19657.831725
33.7781249351,21378.1808592,8267.12370856
-100.841082662,44.8695484241,2.49554140254e-11
-4434.36620766,610.941318561,12849.0448646
2766.60372345,-380.721563301,9774.84109146
933.119528347,1399.51426341,27163.8218845
-35.9384242977,49.6856118075,3067.54709614
-85.4818627214,46.384631399,0.0
-655.062327053,-164.933812756,22712.6825919
510.716253958,3899.06556093,8987.72313965
-60.5003508487,38.0597745203,1.09355109152e-12
2775.53645909,-12483.7125047,39336.277921
770.581025971,2426.73689297,10772.4306575
-1778.12232569,258.776678988,10440.6037543
-11497.4354395,1.38328352885,4477.19117608
-107.523873744,35.3945809411,5.83408454198e-11
-857.901864638,906.021024354,88429.2940251
-723.080135701,-3581.05450832,18170.8140129
1179.18270688,1095.4391284,15022.1514943
762.204258528,1370.53797328,10014.2879641
-106.829176685,35.3381428405,2.79425775647e-11
576.196000762,533.856749509,10267.3339875
-951.615766251,12058.5438385,803972.267071
-117.597103197,27.377085848,2.35646680263e-11
-113.654133718,19.6828345836,8.90827721279e-11
752.75552718,-428.383054203,9898.62728527
353.19730212,143.892337735,4332.67475627
428.967416734,1520.45774209,6799.70701596
-2211.63850196,-3680.63551042,21963.6585196
-106.618518203,28.5930244891,5.18664998325e-11
-16541.7741286,25.4307717421,21341.4522869
66.8332945574,1264.85556089,12264.1462525
7055.31709761,-4632.12436737,19442.2448588
-1331.79789134,599.818992374,9841.19900956
-89.1146304121,46.0654085078,2.20917236253e-11
571.752928759,1150.4478684,48224.0762413
614.768959448,-128.562764626,7190.35743949
-120.783158655,23.2026276905,0.0
2925.60535757,9062.06555301,16584.4642514
-558.045444552,794.728094211,39827.6311444
3777.0243915,263.277055882,16253.6157203
691.514155365,-69.7432606811,8882.57772675
-487.683853844,-16.3139241662,6864.01012613
1055.36469898,-671.480440705,8602.62012507
-42.6237077062,-351.385328734,1350.08964272
1099.78412221,-428.721295514,7106.52252032
1734.41446782,-624.036263908,9776.82987713
1768.9509832,-1767.66462649,12130.9081737
4452.1667906,-369.499851584,11997.9762677
-108.796046887,35.0737579223,1.92209978821e-11
3052.53742993,-8147.0504484,15343.8154291
12084.9603833,-14933.9451382,17006.6347243
59116.3227866,6376.72900661,11761.9134953
-1273.38640633,938.589994315,27082.7541247
-62.5991061413,38.3142647245,1.72600260379e-12
-116.095750069,34.7619902123,2.26782303972e-12
-317.736006424,-1278.8730475,99970.0872235
-11859.2757117,-986.684482919,15502.6403389
-41.9286588686,1.8056808115,694.38207503
3255.20542689,1057.09990405,11417.7826329
-58.0916623349,46.1453715904,2.72595056353e-11
-252.364655702,609.358772484,11660.8313349
-2769.60730824,-1724.99376906,148019.327026
197.015902309,402.645890804,8542.52773047
-119.414607411,-36.5955162883,2983.34027648
47311.6519741,-109.716247277,15458.1211959
121.707161809,-5056.39081785,17771.6463313
1732.18115131,-1010.98507705,12219.3789992
-87.977218717,45.7445146271,7.3199366805e-13
4835.05445911,-2382.77826258,12265.8079831
-872.314054569,-5795.32408847,10430.8878817
566.973075101,-1247.12739495,22979.8069471
162.051699294,2057.9370061,5689.4440303
-178709.379747,-1229.4810247,27784.7783456
9220.53667009,1045.33890877,20211.2237504
-2.75507016987,-496.684048628,7311.58960693
2749.0365334,-7728.74317481,13705.308286
-239.614331411,-520.456895888,6864.74601821
601.655020306,872.719421003,15580.2265352
-6551.67093706,423.347913257,12404.4190544
69.5774343936,1.91290408563,6687.47672235
-335.282992775,867.269690949,51340.6035089
6205.46990522,-1943.29334793,14119.2721334
-98.6177301203,35.0445553147,2.73758519301e-11
-51.1728279724,19.4925709174,2.88628931819e-11
-2689.92767001,-246.62123728,11471.8230433
-91.8050705153,45.8640009475,3.66314853838e-12
-102.172266082,42.2535808956,2.36794528289e-11
-17409.0171217,-11330.304282,6498.79664021
147.592073035,-336.291603417,20149.0033118
-544.734927718,957.23695819,15068.5207844
-984.266075438,-338.536622932,9547.23341884
406.087892762,-5440.32393846,77074.2622097
-49.5388041203,22.9460209943,2.3390208824e-11
-437.728851925,-3978.31235312,13919.9853593
1384.11920848,1000.73039953,21173.8001648
-133.26244796,17.4625101728,2538.06658057
-34.5222187972,-323.977485072,7295.12607509
2318.36337052,4997.30953516,25075.523635
-43.8839938766,29.1377045597,6.27451877101e-11
1940.76324437,-2491.55126939,98907.9321275
-3890.97262157,2930.69773367,25327.2267698
1051431.27626,1126.34391766,19151.4189179
26223.9978871,-320203.749521,17441.8255188
-652.404800342,1187.27276783,11217.9679046
-3279.87082915,-1186.92628373,13616.2004269
-52.6308756501,11.7590892355,1.30309343383e-10
-1195.73249938,21008.957216,13945.2223428
9436.09662886,1153.73505692,46906.1689426
-123.827012983,14.8960446624,3.00658038358e-10
-3010.13997494,1151.70622275,11745.1463581
-3529.10158748,407.038696965,35769.6302686
-53.3094113803,-2152.35269053,3961.3371646
-61.8514201934,-77.5036839701,5873.56011723
1405.26329795,-4231.89221583,20979.4688504
-135.723923627,-338.505755782,3055.4335718
-116.709720733,29.2422136731,1.51970728567e-11
-41.774867275,21.4387504767,2.89687917057e-11
-1683.83302484,-27619.3629403,472734.60037
-834.32115072,3946.38485236,6786.71037031
1852.60656964,32.0001868774,6777.7934075
-3558.43738907,-868.251418862,77011.3859817
1954.94507036,10927.8383363,11364.7153396
-5335.92928482,-31700.8842553,1804726.86323
1120.39431401,1039.53146603,29529.8346426
-2391.72069454,-36.9692836461,14967.5701774
-106.950764305,29.1537118598,9.15796555403e-11
-2294.43016631,947.70728565,25930.773729
3232.16745459,-761.248166424,11518.8058321
-74.8421673459,35.6245372881,3.25480997134e-12
1117.52832236,1646.78522193,35972.2844814
1808.19752156,1554.05713378,14989.4819175
-100.577694161,33.3094695115,2.08558437208e-11
-325.195313652,876.684447783,3627.50201619
518.810809879,-163.028978734,18630.3927234
-106.671477886,-319.860386089,1696.27751993
-40.7899015808,52.0284642277,3019.4452746
-2301.68776732,25212.4581831,16121.6452758
6401.31325724,-155.10455836,9446.32317497
1519.91636373,-978.49242764,12971.6372736
2287.40658438,-8061.32818967,34635.7258614
166.81016035,2759.24826516,20065.0963326
-737.210745027,-14546.6614519,14868.0131747
-60.7603974828,31.6793505983,4.42508529582e-12
-6250.27834229,761.428080379,39266.1689252
-45.3271834929,25.4503068091,1.25344912384e-11
-36944.9743976,2495.08382539,11771.6725685
-307.787616164,522.895209129,1787.91192234
-3349.61239427,684.677211127,40654.150223
-80.6902699632,45.1757210519,1.20514723883e-11
-325.909225949,1587.69555622,3707.11250218
-35.579379446,-5.14113133496,2847.37386238
-1337.61018852,-509.224384593,8625.23333211
836.71472763,-6358.20125078,6236.05428958
-368.527539645,265.654173023,7413.95932127
77016.4975739,-3060.21397927,21212.3271561
-88.5720861579,-522.875040674,42056.2930973
2755.94571735,705.196528717,10849.4129048
-1385.80263503,-2041.67532786,102244.181775
-304.131229193,911.475569687,2154.17653036
-1336.32529393,526.10599999,6022.08238486
8440.8029685,2183.95333046,19343.2583242
-2540.92943471,1289.76957677,11393.4186564
-118.75909174,-58.1738483952,4727.06279497
666.35228856,445.005686946,58878.1002334
1745.86411127,-105.706996598,9191.26781065
131485.350818,-532.840190316,19758.5402261
4655.78672346,65.49707296,18738.0296942
1420.49285037,242.267708094,7584.07334552
-379.28992373,-10.9959082886,5238.2448202
919.448699404,-406.756369905,11580.2839828
-269.813727808,-35614.5142647,9915.93387365
27030.4327612,-138.225923966,4610.51168238
970.022099136,-6895.394298,9318.76937416
