-185.709601384,-261.468804397,6935.09805728
-110.146630364,41.3831227122,1.47773954168e-11
-47.0748927041,21.873221701,2.50582320709e-10
-119.44568516,29.2143443012,7.1901114951e-12
-89.8291980655,43.7642044206,3.92504904881e-11
-5463.04471075,997.864212112,5254.85805705
-73.9006490129,44.084559645,2.59402189189e-12
-62.5144213254,41.0535989649,6.2911225752e-11
-78.3417430672,44.7271417872,4.42913957436e-12
-32.7857194822,-354.47946559,2150.08313944
-36.6068567989,84.533574244,5592.53891201
128.65892179,256.709485188,5257.5548084
-58.0070177257,29.1841686121,8.71433570602e-12
-80.0615711195,41.8983845172,7.64551874893e-13
-61.904170698,40.8261795348,1.77564395441e-11
-103.283128899,46.18368274,5.5865377517e-12
-54.3146264378,36.8456172285,3.20113306545e-12
-51.398054038,1.45121387077,284.871691849
346.526888738,159.238441867,9711.10018474
-62.525903354,35.0115740892,2.08320523869e-11
-63.5422764872,42.9213732484,1.02904655916e-12
-84.1277378397,46.2894736713,7.07919044194e-10
-74.8913091915,43.7770950365,8.99060428604e-12
-76.6862778264,47.8566374173,1.22107862997e-12
-85.6064574431,46.4535901511,1.76241051562e-10
-46.7927893368,-1.21624291006,723.628221561
-122.046666801,9.628646339,491.886044817
-58.0842898544,32.5040358895,2.01779559493e-12
-75.8309873145,41.2215310139,2.31032331324e-12
71.0664818287,219.595692468,5265.53636763
-71.9392923853,42.2032635558,4.90833977149e-12
-40.090203889,45.5858636184,2801.4200715
-37.6473109274,-15.8308632472,4536.82606254
-83.061565282,48.2533347037,6.73826608575e-10
-129.974900202,8.62231137203,1859.13267851
-47.9225443084,-25.4910131523,2131.8987131
3294.67669766,-6095.81938654,8978.73679061
-237.696975381,3045.02199478,6005.13512363
-96.1351043675,46.8310180926,3.23085431707e-11
-384.941051447,-824.265682954,6294.13399661
-95.8172407877,43.2314409456,7.88147100266e-12
-81.6418612704,43.9396483333,6.05078927452e-11
-115.403768918,33.7077362953,2.8338504274e-10
-759.794315589,-1620.9858371,6790.04050554
418.816436905,2234.96339708,10684.0025059
-2380.04432906,13911.058377,5433.43984747
-119.656295751,25.5902837309,1.59624319361e-09
-47.310186986,10.559349674,105.461599556
-54.8732306584,32.6495630253,1.79907871224e-11
-1317.60571523,-33.9511927381,11260.7224617
604.206883016,872.034053951,10385.0047816
-65.3261935543,39.2208939093,3.93094832009e-12
-204.212601745,-36.7336898478,6529.99791385
-111.650562959,37.6320681986,7.86242628819e-10
-59.9796225854,38.4060795821,2.03471416533e-11
-48.6328943178,26.2078692568,6.9275319549e-11
-51.2743402907,29.2972167552,7.51788153956e-10
-87.6116316534,45.9477842563,7.33375887633e-10
-165.970811168,-65.2368524822,18070.1561596
-66.3622427143,45.5042750888,3.44031636498e-12
-123.664918904,19.0501874916,1.88616514386e-12
-87.3537111215,44.6221223012,1.28645274399e-12
343.741612414,3599.78319499,3551.06963324
-75.8021497402,40.2871648085,5.3581908373e-12
-59.379405621,38.5207642213,1.31802550365e-11
-88.098968462,42.6508253994,7.58310918848e-13
1873.56488685,1404.40160985,40998.6970865
-105.090068232,41.4600070337,5.41019491409e-09
-306.640585528,399.054631981,11530.7008936
-48.5031821937,21.684622372,1.86355031873e-11
-70.127088621,41.8533118301,1.32788304583e-11
-1091.35562308,1200.28252448,7720.48356247
-2203.66418177,765.123577576,5000.44085127
-61.8683856194,34.6269811051,2.46296978003e-12
-294.480902047,1249.02840844,3296.0002757
-50.8509966427,26.2198362002,5.64998333874e-11
-83.5765088626,43.6227051544,6.78956304164e-12
-50.4998040632,31.5104057439,2.49212173145e-12
-76.150653942,42.4640194432,8.70457905772e-12
101.0519031,214.163641732,8915.47519834
-52.4742621684,30.3720606124,5.71799076154e-12
-123.503020464,13.4861503595,8.37945987579e-06
-47.5750309116,14.9232566872,2.07773227706e-10
305.199716427,-23.0739903092,4310.12986153
-93.4063036209,44.304924576,2.25648483886e-10
-37.1970842253,56.7517784782,3357.02467644
-91.3145556544,42.6744757364,1.28879418271e-11
-55.6014592652,35.4122206621,6.18426729615e-12
-105.942979484,41.4961979515,4.33639355265e-10
-2213.21180565,35750.3164158,7659.42818015
1867.08116704,-8.54972255718,6484.22159343
-60.7591030134,34.125218982,3.63371336731e-11
-77.9037715619,47.7493704494,2.87188272338e-11
-51.5525351115,33.0957590132,9.51920063282e-12
-42.711762238,-21.909981397,2305.80424694
-512.877192084,-545.954314309,4166.26134004
-70.2761081306,43.6569687384,1.16683005798e-11
-48.8573948226,-440.946547108,5610.06505718
-102.783151743,38.6142715073,4.19997046365e-12
-48.3300879253,27.9212188155,1.36375843454e-11
5571.3835824,190.423561923,11451.3514402
-768.91753058,-1181.85789732,6948.37798194
628.611025974,71.7870397951,18738.0846744
-118.049165178,26.4464616179,1.02699874463e-11
-46.6789874003,21.7562543593,7.71461484709e-12
425.512444121,225.609689425,34830.0661809
-110.509758798,34.6693274058,4.60436001659e-12
-119.986758325,19.0162882872,1.16231514276e-11
-65.718177507,39.918599559,1.69073113099e-10
-92.951966978,46.9321330489,5.62055509846e-11
-109.962237791,40.4206151513,1.37121560284e-11
-90.2831989597,46.1232749965,6.56408628504e-10
-493.692700319,-1061.91605164,3295.70415879
-55.1629561338,37.7932153911,1.85788753231e-12
130.559203411,-3089.70979274,5586.04069443
-80.2133510857,45.8638429958,4.62901906231e-11
-66.668050479,39.7621611391,1.61911921754e-11
75.5885637266,-158.434546821,21639.0884541
-1312.1882264,-11662.4065104,3268.19413949
-49.9103205899,26.9971655756,2.34924902479e-11
-57.9517020023,37.3144481109,6.94178700141e-11
-64.0834707439,41.5219901669,1.5075537562e-11
-108.797168058,40.7722983375,6.21339276666e-12
-123.167160617,342.782471006,7856.52769942
-52.2150514444,33.0204051912,6.95713670765e-12
-70.8399195574,43.1799639538,5.14944539738e-11
-98.3767625161,42.7918826778,1.71630709429e-10
-49.8280588971,18.4852091887,1.34726878828e-10
-63.3777868149,38.0639143235,7.12289004596e-12
-120.226129647,-1.05116141146,0.25669216771
567.96371612,-4984.40175547,7005.30577191
-69.6790664313,44.8700039489,2.87754978554e-11
-61.6263506001,44.2594726879,4.72210298898e-12
-118.355408401,22.522064961,4.46857463006e-11
-217.390439812,-1993.99791598,2133.70048956
-94.9892940444,43.335150677,2.83463004143e-11
-53.4200098019,33.8506943973,3.54060010125e-13
-57.580898863,32.2783036247,3.78392140172e-10
43.9707125084,962.54817231,57574.0970124
-228.4336173,1664.05473476,12046.0602733
520.057988544,-1255.86789385,3250.45481701
-210.395619401,504.359687307,3275.65005195
-121.900974106,-59.3298867413,5422.3819508
-854.655686498,227.505190664,6471.64933425
-527.041879094,281.31268043,16836.6018552
-63.1581975529,40.2048915964,3.11338036714e-12
212.064976131,-398.133156313,56768.162692
-92.6671854214,46.6627283795,1.44799791024e-12
-5025.30817332,-2121.5060817,3624.75634864
7.92999297326,-1554.28913508,8363.913234
597.265479745,-688.263511993,7041.04280271
-90.1512293793,44.5257953724,2.44495683076e-11
-52.4640839274,19.8892138508,2.21512596966e-11
-110.515514654,37.6277759923,1.17804983527e-08
-90.907711343,42.5011777695,3.39254796979e-11
-26.8846180344,164.803904543,9655.56349343
-57.394142128,33.0712995195,5.89537745447e-12
-106.813933212,40.5285208125,5.20347842069e-10
-41.5803726549,55.2066379575,3127.02586131
-59.2671847374,35.3838188473,2.55715436553e-11
-137.398449043,-3.79898588007,2767.40183344
-122.598630499,20.37741109,3.71087072812e-12
-50.0236264412,26.5872336796,2.38400906352e-11
-83.4545599103,289.657337298,7356.46108158
-96.188698918,45.4292398315,1.87875237081e-11
-677.421318061,859.186414637,7097.5323651
-29.7093438201,-1923.78661947,15129.4884532
-103.971872072,44.5500593961,1.0062254801e-11
-666.560075848,5521.30872118,6626.16514947
498.157204296,-2369.08673205,2123.33275859
-60.8895579326,42.4485273859,1.36784141969e-11
-50.3819595616,20.1276560531,3.21683182987e-12
-135.048818728,-2.84774864711,2626.4605645
-761.862192229,-2877.57037696,1450.91902848
161.426779082,-1284.82331052,3775.93455613
325.561607797,125.758532485,35525.144316
-69.8933457715,41.0044706921,3.34193061764e-12
61.1818340286,-339.619996331,5888.13783776
-79.4837240581,42.9346824186,8.39056512408e-12
-53.48336059,35.9169928555,3.94140696275e-11
-52.9527476503,30.2832895082,4.28007345942e-11
73324.0817568,-1629.36962662,21251.3658493
-148.075698958,142.054052535,8538.84396439
-66.1453678229,37.1850319931,1.46670031501e-11
-110.773042053,35.4560176553,3.21488298862e-11
-64.4072835605,43.1545516357,3.89735636304e-11
-34.5615998109,70.6294325414,4482.51020238
-67.3067556788,43.9849407847,1.4038611881e-11
1491.84724645,-5121.14647351,13149.1722187
-55.7538638879,36.7226129551,2.60135760266e-11
-63.9813205202,37.6759139365,1.590823586e-11
-109.211341575,37.1490062191,3.76207397043e-11
357.052264207,-368.225586595,4200.68321286
-82.6927405004,47.2639142107,2.66251984832e-10
-48.0348978255,1.91951125328,34.0134152111
-78.4142012621,41.2731027786,2.81075334819e-11
-38.2219593037,47.5691863831,2835.09542571
-112.221245743,37.7158221247,2.64538649451e-12
-115.305158499,35.1733605724,2.52310052151e-11
-123.311927972,11.1536310752,2.13056239318e-10
1581.70494832,-1330.00449099,26998.3192707
-79.6658537635,43.3445139934,8.42034747664e-11
-49.7384008036,-5.42104641032,937.357759708
-300.767376049,-163.481548529,5065.43040298
-59.5097622065,40.0330328075,4.72097904452e-12
-86.9885617368,45.4675528547,1.71317116787e-09
-85.393642961,45.2055428537,1.23160130781e-10
159.289267013,-1709.72479567,5857.17196677
-143.193075452,54.2929006042,4068.071937
-120.888078597,-3.60681232072,2142.18417535
-63.6329439861,37.8459146194,1.35295890472e-10
-406.582907682,2113.5296134,5600.51971373
-56.3438061966,35.8268361915,1.01906406122e-09
-61.4543480579,36.1584304171,1.1326490992e-11
-103.055147531,42.9416805129,1.74517678044e-11
-98.1617893025,42.7583867257,1.18928515733e-10
4497.37829738,594.919904531,12021.4541288
-472.559898951,527.821756191,7926.40867513
-86.3968503199,45.277736884,2.40145755324e-11
-62.6685652772,41.0638951139,5.48583219598e-10
-53.9440394975,22.4251895464,7.01834974359e-12
-99.4398145492,43.5691914766,2.25181595113e-12
-116.923890152,32.6884269357,9.17176489565e-12
-422.586740874,1875.45857906,9533.07505251
211.758604312,-30.4565267936,10104.9607686
-116.638971254,32.6204107242,1.02814955464e-11
-89.0158415857,46.4646907565,2.90672373816e-10
-109.306335237,36.5410428055,2.59509082616e-11
-234.495322214,11.2375964274,5414.01529393
161.073543505,2.59231113254,5092.97890857
-90.1902439538,45.2080130954,2.42135134512e-11
316.129576549,-11.9604699528,1825.73408461
-34.5914826002,-3.19794782474,2937.954646
454.721789616,-13545.5130231,80220.6018348
853.606685204,-140.752594505,5232.67568163
-53.1513923652,35.9575735426,2.98032770291e-11
4951.63767563,-35606.2790326,6421.29220849
-65.3717093463,39.6152382931,1.408656957e-10
-66.9977711039,39.4022234216,5.15633882124e-11
-78.4188036127,44.6353230755,1.98782511275e-11
-59.1555735617,38.2171789055,1.82076208863e-11
-71.7002144832,42.1095155599,2.68734258833e-11
-123.518236997,-27.3450522515,2668.12785589
-69.6486870387,37.6830734599,0.0
-1473.21470585,-3227.85926778,10553.0676223
-56.8421757979,36.1433069503,5.62074996187e-12
274.09161687,1052.95046554,75258.058798
-123.014760144,14.3700595127,9.90938369917e-08
-60.0260660444,36.0577697837,6.8398870447e-10
-53.9053768814,-94.7812034469,6186.28958574
-1842.08446193,-23.4724022669,2686.01766445
-80.8963169127,43.9885877132,6.13463967197e-13
-54.966890204,29.7292871692,4.36066404783e-11
-92.8769972431,45.5677316208,4.69070596871e-12
-48.0200754745,-404.135899998,3534.50417173
-120.498674577,24.9947647818,5.73914400476e-11
-45.4471855029,18.0149354346,1040.99786611
-107.58452745,42.5042757523,4.0748370547e-11
-112.655413264,33.7988557888,7.41923474281e-10
-66.6552316971,46.3027890507,1.78483304098e-11
255.259566698,-374.77428673,7519.45577586
-51.9742840978,22.6105280433,2.76116487511e-11
-50.3021583581,21.8193496787,7.05054310923e-11
-46.2426856226,374.211865766,663.365312632
-58.8185279589,32.9340539284,2.12537334027e-11
-122.517773607,4.18916626625,693.256558656
-421.924426014,1132.04680871,7010.16867882
-60.7927872481,37.721278988,1.00781327559e-11
-68.2227745575,43.6205037104,6.11592110466e-12
784.929696462,2343.13363431,7397.84239148
-64.5027673334,37.1122204362,1.27897692437e-12
-75.5589922904,46.2402476269,7.27686972144e-13
-2509.69843172,-4377.96044153,6610.87274252
-3638.44853936,342.410253588,4699.80778003
-61.813421833,35.3342602447,7.70271718092e-12
-70.0986017322,40.5494708501,2.64103384314e-11
-3210.80207328,-34460.2014671,12219.9823178
2614.2757411,41620.0715753,9981.83594891
-100.074989663,42.6966531672,2.0841079193e-10
831.38882832,1042.36569465,8940.86908444
-120.64553711,27.9891486959,4.82466390169e-12
-113.568776461,36.1234054315,2.41581984868e-09
-40.107413548,-347.268683976,1721.42076977
-130.401656786,-695.441713863,1914.15218302
-103.033616671,40.9278894051,8.70018218445e-11
-2362.01339586,4063.60507992,26204.7559647
-38.3054808272,-741.400537081,2553.64876361
-62.2029729596,39.5271950366,5.59100621229e-12
-53.2382433206,31.7938381839,7.9738806622e-11
-2375.49927653,791.766077035,16282.2826642
-52.8094786995,29.721104613,9.99772995373e-12
-68.8555974602,1637.15675558,6029.64733452
-119.632305048,19.7452994063,5.67145761821e-11
1087.37302966,820.048287306,40442.3292386
30.6936303907,848.386918778,7533.59169099
-70.58892411,44.0649424991,2.61635883941e-11
-119.924054909,-34.5839940844,2972.18316035
-73.7318816282,44.0791259023,1.94567580708e-11
-119.632596133,30.2267960565,2.66671069508e-12
-113.793915549,32.0036381385,4.42721518655e-11
-67.6473417057,44.4945958549,1.32074060892e-11
-46.329553919,27.6642225903,3762.27695619
109.902891734,-2035.42424582,8686.71778078
-57.3773363439,29.5757685397,8.00799126277e-12
-121.179692819,17.1863194098,4.70105550198e-10
-63.6115766359,40.9713006193,1.82393184695e-10
-86.1881675142,45.6637271182,1.3594403592e-10
-57.3199470944,27.6748514753,9.47118501982e-12
660.097405983,381.530959512,8144.73014981
-111.692879589,33.5473424161,3.31479360808e-12
-88.2888538125,43.568047051,8.93303279142e-11
-100.519208629,43.9560762432,8.33774598608e-11
-105.067543263,42.7302172729,8.58126582798e-12
-84.8339792243,47.5810757157,1.38042580381e-10
-296.004650455,-85.8221360284,5944.15154343
-65.0075872709,44.455390128,1.34257027162e-11
537.851814773,76.3774588226,6175.15288508
-122.755955004,15.4526586626,400.646530113
-159.163130171,-3163.66913299,14716.2768043
1281.27827059,-2102.37461012,399622.764179
-67.5276552774,43.2495935206,1.26724795357e-11
-1115.39570907,-6402.42831341,7270.05990382
-85.2455002894,46.3070343366,1.56676199457e-10
-70.6913109243,45.639033702,3.08002444257e-11
-2452.2958295,-414.809603186,7899.47971845
-46.4869710985,14.497852272,0.00235820387434
-114.963908842,33.5406704258,7.11389762817e-11
-120.081352346,28.3068665328,6.32676265652e-11
-470.175105657,-2356.18548515,44423.7153377
-398.815255774,-420.491088125,5530.01973394
-979.949365362,-123.486061667,10880.8033363
-140.111405211,-221.023375765,7191.40537466
-202.698004147,-361.333172433,8771.43007942
-56.6073193018,34.5912714784,6.92694825226e-11
-767.546688374,430.657494315,7678.60182697
-530.180372292,-3209.74283249,7089.41925758
-59.8763048795,34.960644256,1.7389581123e-11
-61.5979282075,38.3451918131,1.03265149437e-11
157.335364569,-2005.2098884,3621.58642799
-69.5016956026,41.8630656669,6.25647132022e-11
155.797651518,281.61717716,7112.76782006
-102.510260277,39.4684352438,2.1236569384e-10
-96.1655194665,43.1752631199,4.84108090079e-10
-81.4848291652,41.1542895465,2.64904451535e-11
-54.2141316939,35.8241857718,2.036372249e-10
-118.13915567,27.5132267618,2.67875353671e-09
-125.145353798,-48.8160938371,3930.57951876
-145.433196508,64.2609886451,4520.8021823
-556.246165115,-371.26744562,6368.01918225
-74.9330561649,42.9070597905,4.50737990872e-11
-55.9694542032,33.6060453399,3.16162878742e-10
-65.3597302256,40.7733004652,1.36422131233e-11
-67.3697597561,44.1690628841,2.29242487581e-11
-108.341291301,42.0732497218,2.85465479063e-12
-51.2612049253,20.517987263,1.84537413351e-10
-93.6643335212,47.5486801991,3.55676496034e-12
515.024493208,354.10966961,5847.11972921
1412.62550972,-8483.62432694,7943.13023497
-91.486218336,44.8023390114,4.30775981062e-10
-77.1419450125,45.4802269283,4.8581378364e-12
-72.6675497763,44.9631816462,1.20660562806e-12
-83.7627977784,47.6386347575,1.07503751466e-10
-37.0135178051,25.4761065464,2077.52875338
1604.18591209,-634.584001733,7419.05023218
-73.0698046513,45.8618462111,9.07037635085e-11
-77.2567547228,46.0090382795,3.4138364244e-11
-1151.52047602,-66.1928636499,7175.14035236
-68.2570043678,42.783260623,1.91215759183e-11
-39.5765421688,-15.6676913192,2828.25936288
575.387718382,-584.52168743,8564.28280813
-98.3045443137,44.4555446827,2.79016760452e-09
-486.568288971,-985.77144528,12867.0728814
71.0883212262,425.839591808,5295.15314861
-106.494199251,39.0077099703,6.6256228904e-13
-123.69138637,16.8190258272,678.614164768
-67.6365694321,40.0475713887,1.71513736098e-11
-94.7568763455,45.3536306868,4.34698351947e-10
3420.16793952,509.43711945,4624.45164225
-112.00379482,37.4542121488,1.41629908817e-10
-122.665586008,16.7674763727,1.61180206626e-06
-499.590950811,-635.884365889,5147.25658742
954.315073995,-196.97137873,34529.7143414
-58.8905030675,30.908636151,2.13771202726e-11
-109.783620956,37.3142325034,9.09138976144e-09
-310.230362996,-0.022852412314,5958.51661182
-587.059293512,-6302.27621833,2837.02235696
-1956.36436112,-157.502300315,53734.4721953
-47.2298456603,21.9082935176,1034.72365381
-97.4193698388,44.886188821,9.84053169208e-12
-77.0301752785,45.688770476,1.72137645026e-11
1344.52080806,-2559.71528304,155645.380544
-3526.82252567,-22.074321378,10441.6437777
4312.89921252,-3610.77414384,11214.9327162
-62.613593103,39.3851456801,6.02756932238e-11
352.962954365,26.3022111166,4350.2435122
-51.326369294,28.3992198642,3.31043236574e-11
1193.49467055,-6060.8380527,11369.4361276
254.972386649,2568.08601382,7373.85979058
1495.83991064,-16031.5908681,1156.58727367
-77.7339614922,40.8277984053,2.57652547047e-11
-118.902276013,19.5622419569,3.04939242036e-11
-51.0549017319,10.860155638,400.168901997
797.197416571,373.239554104,12281.0723265
677.323469371,363.933839478,1474.07159009
-50.9072485968,23.4381095563,1.9579344905e-12
-96.6300251502,43.2306926898,3.16671615444e-11
-45.4308716793,36.3304752677,2113.71329505
-50.614012268,17.0845754158,8.19003182544e-11
139.939776609,192.89079901,2890.93822961
-61.1699186111,32.8567377192,4.23281143679e-12
-106.745107353,-531.640416402,10956.5727841
321.776362397,-378.628716496,4903.75756975
-382.629171065,5130.19864602,12181.9522206
-60.4306901215,37.7585594792,9.25867999701e-12
-84.5560664826,216.530816221,8738.25827536
-91.6318924415,47.5464971447,6.19304642867e-11
-64.2503001526,41.8800074327,1.0184974667e-11
-429.165908278,-99.5951587792,8248.56117363
-84.0195141552,47.3480762803,1.49687021415e-10
-899.948779002,655.30358053,11083.0131204
-102.475344824,40.8206885456,9.61016464805e-12
-55.286478508,33.9242924985,4.26325641456e-13
-831.880874978,392.548108701,8945.35815985
-57.1808632874,37.6480022726,7.06914566714e-12
-59.5537110509,39.2640933033,1.84811262869e-09
-182.032483375,-471.200640271,9566.08961889
-48.4768303327,18.3555003303,7.75466865772e-11
-117.25197426,27.9682252851,5.05908389138e-10
673.530809295,-169.215273879,10708.9077531
-98.6885634801,44.3143034202,7.06805099314e-11
-45.6568902394,20.132696445,4.28859695901e-11
-36.6462802936,-9.01250293203,3039.99742707
-102.816730234,43.6159949115,6.57127517676e-11
-111.782355066,39.5353579224,1.3763929392e-11
-38.5494375853,-54.7966293856,4172.67595218
-1527.7989274,-7036.40495439,5619.18481392
-66.2045684284,43.9318893154,2.57552137458e-11
-1763.3283353,-2.71265227246,5509.21387256
-108.712044441,37.9856478974,2.20845324426e-10
37.8391401328,-627.248556528,15570.4326453
98.8580401638,-1630.53143765,8941.31381278
-101.949558415,45.5353863625,2.99501453329e-11
-129.923772333,759.738580229,2249.66075843
-32.4289901695,-380.429734174,2394.66724548
-119.550353113,24.4250391797,8.80781748772e-10
-82.5718649888,45.5315297503,2.5695733934e-10
-56.7834064544,30.7053181235,3.98685187332e-11
-1820.1184275,2894.03126013,10244.1728446
-57.9995283905,32.6903005512,1.03596898873e-11
287.269572425,-6.54716164221,8264.07694132
-26.0008742332,88.4902938922,5530.35120033
-1083.55005246,6138.2019939,8937.30146117
-72.5577510542,42.2235997351,3.44938313692e-11
-133.502562704,3.41122399556,1858.03176545
67.8019981786,1.7777462246,5003.84954411
-59.4004148787,37.7739326274,6.73964376309e-13
-113.873130614,31.5515529575,3.86978193204e-12
-68.5706781058,41.7078333888,2.37511272346e-11
-45.63882815,3.1449647923,367.633289865
-1641.2690997,-279.36137647,13932.5752138
-184.623068718,-377.236862745,7351.08627944
-682.673652986,191.503836272,10176.8234268
-85.8694991309,45.0868968489,1.48733210168e-10
-112.468662411,31.9983436696,2.75933869466e-12
76.8874133475,-2634.84857716,126327.414187
-84.4387447461,46.3270277543,3.93379103809e-10
-79.8749853436,45.4760989203,2.14707927981e-10
-122.791939372,20.1419714764,3.24004535297e-11
-111.257655749,36.8184022514,1.89074420686e-08
330.071156286,183.263830177,11547.7401352
-88.656145703,46.3407259224,3.30142036373e-10
551.9256355,-404.840657876,22946.8622603
-98.4789239311,44.5916274956,5.02196925699e-11
-93.9863413458,42.3982293923,1.03942649991e-11
344.939972287,-1423.02627048,3949.42898959
-639.594866062,1249.19831289,8340.27711805
-51.2931540811,20.8322479942,1.25845705029e-11
-83.7713595391,48.9822212012,3.24813650861e-11
-66.7013459516,44.0207422235,1.32892957541e-11
-412.304062978,367.325728642,5150.77505432
-98.6730785507,725.680373923,8715.41629387
-50.4057659807,16.7625132571,2.12094259952e-10
-54.0926597728,30.0052615352,4.48614195031e-11
-62.2851338762,38.8566781225,5.45150771191e-11
887.03496272,-883.896041025,3429.92633118
-119.16214668,30.4615831701,2.86088532653e-11
-142.029646527,347.796205555,4596.81337688
-63.8430103171,42.251154909,1.54753535908e-11
-84.9905387062,45.5675999149,2.51898831468e-10
520.286375369,-2109.00748114,7925.15800284
-100.730593649,42.6267733828,2.87262310584e-11
-22.017146728,528.965267006,9953.35496816
55.9362261961,1.43159101984,5044.35754245
4884.30323388,-14882.9335191,903718.213084
-56.2493392925,37.5640407932,4.76699704573e-12
-82.72835237,43.2817581896,9.89018404876e-11
-62.0464630225,39.3696346058,3.42147502922e-12
-953.636215391,-1757.42836094,6657.62296616
-56.9427832304,33.7259547409,8.74202949999e-11
818.325970705,-1.50441244944,6182.53663876
-1111.09839307,-2140.92318253,7836.3286664
-219.527381254,198.480225177,3319.02392095
-940.779302486,313.942024534,9664.54137872
255.252734424,-761.052152402,7111.04537881
-1682.8866442,-331.685399639,64362.2892279
-943.329022383,1902.56927507,5755.60072013
1168.04537525,-692.879401761,33039.7258748
-67.6751311241,37.9836574864,1.3762797822e-11
-39.9033437689,43.2793818992,2679.57704795
527.114537684,5504.43812165,11730.6327938
-109.210414907,40.3573907299,1.36762141213e-12
-119.971444913,21.0491199333,1.34266752789e-10
-58.4134790413,38.033080741,1.2045874373e-11
513.199064339,525.530445687,2140.37907071
-795.553180875,-375.625755883,8356.47208152
-58.7927767959,32.6953832452,5.34805604514e-12
-49.5549232992,26.3483250483,2.60409467504e-11
-33.2208144339,13.6606861587,3098.76364852
-610.39778947,-1155.83292692,27389.2713889
523.823479541,-297.22620748,9674.37624556
1197.66084052,554.313299476,6572.38291635
617.767882156,185.675792259,5393.38368119
-87.189658843,43.2382810136,2.20935503857e-10
-87.7545584822,44.850319913,1.5942799948e-10
1429.52166359,-1349.19099199,6283.18649053
-62.2589550809,43.238651328,6.27821250264e-12
-88.1053109639,45.237341013,1.27134649855e-10
-3494.76267123,-19318.5591238,16870.3567674
-48.9850128998,21.6290221023,1.74985035366e-11
-62.0178811006,41.6641427832,4.59888577218e-12
-100.612824151,39.0957371895,1.03836294415e-11
651.078435617,-5183.81419447,11429.8442753
-103.804286106,39.088183582,6.53860645264e-12
512.806421817,392.6207441,7793.98342837
-111.398677867,34.2912381824,1.52741375049e-09
-74.7158206039,41.674848582,4.77312073497e-12
-82.5878566799,46.3539694293,3.74105862266e-10
-91.0794231729,47.1325350436,1.38174729485e-10
-139.826398024,-584.386342608,46330.6653595
-544.919297726,20.3488964522,6025.01011005
-72.3730649487,46.6014384223,8.17962586443e-12
-102.032748638,42.1126188629,5.46551132419e-11
-53.7269993969,32.5672251674,1.46701748821e-12
-76.7351449938,44.6962435279,2.32064940179e-11
344.3289979,45.2099659161,4589.68492259
-128.946214109,-345.836993835,1684.724471
-109.536496219,40.1992136034,7.78390724955e-12
-62.9789696046,42.9568945903,4.78797162824e-12
-118.458552873,22.8101953324,3.71517722981e-11
-6817.03627584,31519.1435837,7556.94655624
-107.326053012,38.0698228453,1.77022047346e-09
-1037.57855816,-819.499212726,13889.3457785
-406.909371244,645.489745643,94145.56202
-71.7323537513,42.760705697,6.26012873904e-13
-58.5020803761,41.1520678183,1.31489609589e-11
-118.385178693,1.86709252019,0.617987535216
-47.2714927785,19.3526589658,1.51094671646e-12
-77.7971128093,43.6634233225,3.71067347485e-11
-87.4293982152,45.9902254754,1.84090677473e-11
240.870707984,-496.199257114,9029.32453829
-209.999722194,125.102130321,7556.5866437
-96.3422910127,48.1790337659,2.49548162771e-11
-68.8663302657,44.1106033545,1.06827788751e-11
-1349.73356255,-9281.34198222,47659.8621286
-167.489654044,-123.896048075,6045.65007973
-214.789283143,-1816.42578152,109869.00267
-55.7401743258,29.7515987486,1.69942041333e-11
-83.2394931453,43.3607737369,1.16996158583e-09
-56.7491474482,30.3555213151,2.45392676324e-11
-94.5154358995,42.4143677594,2.51800279159e-12
-92.2706651467,44.743401923,1.00813123307e-10
-102.64935373,44.337744746,3.97037171464e-11
-41.4229431438,387.95458469,1924.69345121
-71.3822031888,46.8460300804,1.45130611601e-11
4371.48921972,4059.72305507,7016.50460595
-113.835669929,34.566024791,5.82982928217e-09
-378.231574693,1438.84243272,3471.17437902
-120.103242399,23.3782168344,2.70499077844e-10
-120.995033944,21.7298730435,2.1015345307e-11
-90.5648339823,46.4784998732,1.30139505159e-10
-48.8480682839,11.8947073783,89.4580778415
-62.9591644499,42.222062181,1.34532598008e-11
-68.1034526791,40.2442508998,1.39213912797e-11
-47.1308945996,12.8934414199,926.89338442
-113.85101957,34.631712495,1.28159288597e-11
236.914529515,682.235967262,6391.16921354
-108.387443963,38.2599209642,3.56354093111e-10
13.6475036454,397.9803223,23862.2570512
-85.7315653075,48.385840013,1.27425227695e-10
-52.0268982939,26.0552070099,8.75875831456e-11
-102.95465332,41.5934216558,4.4652701797e-11
-56.510241804,37.3834177529,8.50580147967e-12
-127.060953366,14.7866050966,1289.39973854
-78.5294311188,46.516029979,4.04781087632e-11
-225.942016922,-543.107623753,941.629285148
-111.294063004,38.7574303827,1.02830071391e-09
116.569348804,959.779285152,8146.31358866
235.12546309,-29.3606903505,2565.29831504
-45.4540297862,12.9500673621,634.80947516
323.856620653,363.098277766,20953.7901059
-4798.04729232,-1831.05715475,24959.6298982
-120.88029928,18.5577575763,2.24325956902e-10
-209.563935765,-327.198042312,6109.15773316
-101.906073471,41.8148570567,2.44972502667e-10
-120.303081465,-53.2053373015,3919.7929852
-62.4218366143,40.3232863078,5.36096991226e-13
-91.3294601655,45.7302818697,3.62062683429e-11
-38.902546165,293.246917784,4423.84461655
-53.4252428675,21.0640645322,1.34522363245e-11
-71.2320803148,43.6208586209,1.90019825538e-12
201.513885876,588.456214179,6289.50260215
-1263.54325122,-1074.21487466,10844.222937
-1246.97736426,-372.15278267,3847.84040669
-48.5760964573,24.1317918549,1.37768846987e-11
-66.3244386888,37.1940038996,7.17757601136e-12
-64.6190691118,39.5755135409,3.13350990974e-12
-115.696802689,36.543434668,1.29334261252e-11
-39.5057069393,43.6482034248,2706.24745186
-248.094969959,-432.842218384,7854.43737442
-100.425417954,44.1119576603,5.73532734976e-09
-93.4230285839,47.9080207868,1.14310309499e-12
-120.058821517,-33.6147164099,2728.20175024
-101.494993789,42.7507783835,2.3723559232e-10
-93.0420596557,44.0201963261,6.84774272891e-11
-2844.36995661,11530.2899328,4994.25779154
1658.2496822,-148.081689382,7321.6520092
-28.630320775,-12.3130779305,8014.16731143
-83.402690015,43.3215803304,2.89452152403e-10
-2157.04452615,15403.9697768,17275.1047737
-737.969888675,804.937163324,6651.99808435
489.064533122,-140.479933675,6080.66698056
-49.6439818744,16.5784359187,2.14663507371e-10
-55.1418261047,31.6105386844,6.91325955841e-10
-84.0200339947,46.9895056293,1.58339005165e-09
140.65846693,1216.65224514,2443.25066347
-153.091689962,-42.7602474333,10476.1636804
-119.983425594,20.1618358828,1.13765376727e-10
-1319.46331587,-945.378347251,23482.386324
-66.2064864057,41.6152513951,3.83441382386e-12
-210.540051097,112.910720588,5099.2946271
-67.7922114635,41.179292169,5.14379235757e-12
-123.487672407,19.8195119539,4.59958400325e-11
27.0799985126,-565.276073708,2376.35774707
-122.378293836,-6.50652272472,876.882829045
-47.5281808619,22.6653817042,7.88007606036e-11
736.596284071,-1862.81605845,112084.674704
975.702721958,225.9484714,12967.1017139
-50.6041283825,23.223476735,2.92629605002e-11
-129.677600139,10.2255313945,6588.66407194
-72.2331295862,44.6055628692,4.26325641456e-13
-88.564761723,44.8355156065,3.88396416789e-10
-69.6837062413,41.5683393404,2.09377596814e-11
-1934.38626996,-74.3972792058,8485.93908942
-75.49037122,43.6410566464,1.0906004615e-11
-70.7929414036,41.3644695415,3.44581323272e-12
-51.2860365211,23.3926503119,3.82138927146e-11
-58.6089359589,31.236061022,1.81575742555e-11
1578.74732059,-516.098891057,9158.33706678
-49.2832689025,26.8743699979,1.34564696826e-11
-164448.402072,189.823949156,7526.49372055
-35.8901915876,39.3536845021,2637.97415085
1114.61855499,-125.716777074,15848.3090599
-64.5152654366,285.625883801,6894.74060884
-123.873024843,-3.16040603103,985.121429664
-16.6090950349,1.72604820753,4377.15114342
-107.885646713,36.5572590515,1.98238465993e-11
-78.0736714542,43.9122189308,6.52350470205e-11
145.612537193,6309.27252356,2004.44223454
-76.5901683732,44.8998620114,2.61603224304e-11
-72.1115197786,46.3708655471,6.25745558224e-12
154.704353892,97.2328150046,7317.04784964
-107.058260276,40.2581523558,2.06419738776e-10
-17291.0464207,-17828.861274,5369.50911802
-629.516487057,-394.396895436,7554.52596087
-49.328126868,25.3258063722,7.3336067908e-11
-122.778769271,-3.64099602814,959.111272345
-57.7047752682,38.3837979424,1.48633477709e-11
503.74351165,-3017.75795496,10907.8596176
258.291806595,-1786.71011178,5033.16038057
-88.1646978291,42.6374032219,1.10328245041e-10
-101.136608697,42.8643235197,3.559857577e-12
-73.5568188748,42.7833615142,3.55471247967e-11
-1426.91734638,-480.923884337,6625.18832377
-746.274037152,-17.2944788191,3258.70400635
-42.7526031814,8.90388662799,1576.96773642
-49.7786074734,-5.81464848014,1094.06008649
-104.953943794,42.7273320727,2.81297180985e-12
-49.4642674275,-226.912051337,23672.9654114
12.6906029389,20.0739516667,4930.54858964
503.597392523,-234.064664352,11620.2428232
651.527085008,323.400185496,5974.09192311
-72.6500092755,46.8662109838,2.96504290967e-11
-63.2460922022,43.7202242166,2.52370689974e-11
-392.51423513,-1948.59326707,10328.2632631
-42.3425665962,47.1351335635,2688.83542226
-76.9213945664,42.6629826922,5.29794852098e-12
-115.661839856,34.578105595,5.38788779003e-10
-80.3296538179,46.3084935347,5.36905000299e-12
-119.032958614,29.1337071779,8.60837087838e-12
-322.750357349,1612.52147341,2381.69335679
-58.2952062001,40.9242478021,9.8361507291e-12
-63.5755088636,44.0916798889,9.0596461021e-13
-79.8531254055,46.3020185636,4.28917215887e-11
-71.8386295127,40.071533044,8.52651282912e-13
-117.719814799,28.8096103261,2.50369658347e-08
-1736.61980281,1794.7802298,6647.43836893
-256.656688946,856.285221075,7473.4275059
-248.856011876,454.59843208,15059.1357598
1069.20956181,489.042968358,9910.02651912
-61.8147009163,39.6525519382,5.78109658607e-11
-77.0078697254,42.9333681079,4.55317976344e-12
-70.8213419388,43.8006112293,2.34926052276e-11
-48.5383288206,13.7577680225,4.72667410864e-08
-1386.47604398,-14923.4393059,2089.46545568
-67.1963429161,43.8696625182,2.81188413552e-11
-55.2611663996,34.4885200086,2.17151083563e-10
-115.280806587,28.0739345428,2.06462509448e-10
-85.0251707207,42.817527035,1.23462443132e-09
-50.2483085719,19.6729798329,1.50217589818e-10
-99.5457870608,44.6045638856,1.7523882795e-10
-109.152820146,41.0862957988,1.43136121517e-12
-54.4585769303,26.2095139091,2.14603029657e-11
-72.3122550365,46.357656668,3.63226228366e-12
-34.9673195177,-10.0244268332,5400.59063797
-1104.34625986,5722.70341967,4476.79995969
-75.167506928,46.6797189706,4.18271371902e-12
-62.5216257198,34.041375081,7.98143257855e-12
-59.0772799432,34.3984334119,3.36973476453e-10
-111.226062902,37.2823457435,3.73065936325e-10
-50.3366738907,32.0031316029,1.45176761347e-11
-74.6866429199,44.809460601,8.87174547428e-11
-59.495667026,35.482864958,1.98345668226e-11
-69.8568041146,42.1631495417,4.06161308873e-11
-103.148182384,43.7762648974,6.29343804519e-12
-52.7418486884,31.3291855914,4.18150182912e-09
-65.2762421329,37.4538311951,3.55326613622e-11
-68.8285869214,44.4812644863,4.26325641456e-13
-849.25704006,833.151240695,4552.50553891
-92.8477608839,42.9406791127,3.12095698816e-12
-4417.38312486,-2439.9742928,4860.10497394
-100.364756305,41.6892811555,7.66274254708e-13
-56.4930074504,29.7057328818,2.34695237742e-11
-122.118158384,17.1409065417,7.75598503007e-08
-68.5757527603,43.2496597321,5.40055196016e-11
-71.8851696849,45.3108010883,9.41540226079e-12
-65.9262690353,-204.892631899,12851.5456168
-93.4327770965,43.6254478772,7.60024202337e-12
-50.7298919363,20.0522987236,2.17902785064e-10
-84.9772781614,45.8597922462,1.34793384707e-10
-75.8245548603,46.0111390359,6.73352009199e-12
194.822773214,62.8717355143,7089.55700671
-89.3165224368,47.8373896684,1.46368894456e-10
-147.208694931,-554.46096215,8033.76204995
-48.7539691451,20.2216504282,4.21567886393e-11
-1358.41495016,1349.08158536,137207.062055
-195.295536579,-309.897779634,6425.31083953
-113.090560628,37.8830536957,1.76157154689e-11
-7.0081847499,-705.536112819,21641.6758442
-153.901351669,16.0119047123,3877.6774401
-399.211585982,349.421772032,1984.84116856
-100.236555505,42.1579267058,5.53473024935e-11
-119.989660277,28.7237439149,2.91063120658e-11
-85.8145884132,14.3000673891,5210.42467467
-96.8617683991,44.6848090659,9.8697001717e-12
-62.2466785429,41.9232342051,1.82538572544e-10
-54.4109277491,38.1946272879,1.19291102742e-11
-43.9657034662,20.7655754127,1557.91420648
-120.209707087,26.1245969073,5.7927000538e-11
-74.7884825649,48.2097681704,8.89873976864e-12
-49.3661245223,31.0138203457,3.21118569213e-11
-75.2558025662,41.172754286,3.45455199005e-12
-71.5732889138,47.1940828389,1.72584999059e-12
-58.5378065019,39.7585479817,4.96275824014e-12
313.604176148,2024.12983623,10285.4703509
-835.41838398,5885.85580554,7825.8551276
-49.9940395449,28.9543109154,9.31339833121e-11
-81.9064072607,43.8365567296,3.71474360797e-12
1750.6378913,-573.612422271,11508.7245162
-22698.1233311,-7436.94251896,9121.35553316
-94.8315046202,48.0916602089,3.12163841387e-12
-118.224290121,28.1547882439,4.97750806172e-10
313.690236207,-298.897191114,7688.50831619
-307.104340208,560.193338625,2587.05312449
-46.0108236621,-0.0133731813904,850.737905713
-102.418269002,41.8812053855,1.06562175022e-08
-112.241540546,35.0594376177,5.82807941617e-12
-363.562814805,612.718847729,13630.1453051
-69.1184346522,43.1439121464,2.51814407449e-11
-61.9687908403,698.5717885,4539.88799943
304.065003725,8963.6670945,565527.052214
-66.7743820904,42.1104937576,1.52559872288e-12
-47.9694478019,12.3759033722,0.297431408803
789.423334932,5222.26811254,9615.00392079
-733.756986591,2247.17810789,14964.6257104
-96.4159693685,45.2949013621,5.88406989986e-10
-39.2303919797,-2381.29313965,24094.4991874
-103.614045163,42.238790431,9.96956468234e-10
-65.659926012,44.8711611635,5.68110959558e-12
-560.972053005,1208.1859371,4654.20246681
-64.6464310593,41.6870748992,2.04102747555e-11
114.629497186,2471.90219584,169711.747524
-920.75875261,857.464236232,4168.7140375
-55.2145033742,33.6488398969,2.66741276964e-10
-103.168831045,39.620925664,3.29907810312e-11
-2577.51774425,18899.2073489,8501.514783
-57.676589303,35.5761503302,2.86940032431e-11
-59.2060069617,34.4243427696,8.75411985662e-12
-59.7859568205,37.3300042015,7.42990233039e-12
-111.62030222,33.6010992155,2.49638018066e-10
-62.3159828346,41.7498808693,9.17782512255e-12
-113.278461172,33.412059391,6.31427642513e-11
-69.8313753953,43.9490582937,4.04112436619e-11
-68.3098964271,42.1015418639,3.3860644429e-11
-60.6636574991,34.2780971911,2.36827239401e-11
-115.95245325,34.9224818682,3.34867922599e-11
-79.1961208661,45.4548425961,9.06236004137e-12
-76.7627715443,42.9529977382,3.00201510046e-11
-81.5734789209,44.4800467443,1.43092764779e-10
-67.857806635,39.6722312479,9.73570926549e-12
-91.6100144794,44.4311369075,6.91910487091e-10
-67.8921255695,44.9479483445,8.92858756091e-12
-76.4972387553,43.1421275214,1.5416592635e-11
1142.24133746,-361.275663437,44688.3232188
-81.9997390482,45.8615237779,7.03574977632e-11
-26.7885399054,19.1007835756,3183.40906976
-52.7894967612,32.8399565649,3.90210810507e-11
-106.84708558,40.2831683729,3.67222759854e-12
13060.9215569,-364.741772071,7343.56571658
-87.2178915152,44.4105828637,2.74386872619e-11
-66.0494354075,41.1035656582,1.95892839019e-11
930.919784688,120.516236413,7576.49534681
-56.2264382022,26.4329573799,5.77616709088e-12
-110.863983325,39.5048651795,4.16692946401e-12
-116.618143546,34.3552024692,1.3974604018e-11
-54.2368468552,25.8556355965,4.04392039059e-11
-117.0825138,27.3399206066,6.19504462772e-12
-83.4405045179,42.1852707438,1.89969588633e-11
-58.3935141012,33.9957279334,4.34146538207e-11
-22.2970841349,-12962.8680642,3255.91120016
-77.9435629035,-287.610779255,17880.6993737
-973.637714762,907.836210753,5868.17575047
-51.167931854,21.4246605459,5.40448049535e-11
-673.102220703,321.177485096,7800.31154059
-84.0061582698,42.4727899269,3.33569683503e-11
-91.8973921036,42.3536243257,2.12042721002e-12
4353.68541836,33343.3789571,5269.14414412
-539.606460522,-502.174893678,5068.78780537
-50.0128977802,16.6466145986,2.53420178756e-10
-48.2919463921,17.5915135698,8.67345119951e-11
-222.246544363,-1313.65302481,10238.4646642
-657.058507892,-661.630946946,10176.4445213
-121.594557498,20.7934179692,2.07747488703e-12
-98.1021628112,43.1221431877,1.1116072396e-11
-50.0001132197,31.7178309304,3.1636188375e-11
-95.554022123,44.2777419268,1.73894595294e-11
5879.84756904,-499.810276821,12128.4001829
54.5264408035,1245.9113062,1186.08098528
1410.75153627,-884.340440536,18583.5390894
-108.529530722,38.0496876507,3.02375066888e-10
-91.8001069505,43.0370524348,3.61721499926e-11
-60.9946393264,42.4916262763,9.36155888862e-12
-98.7419150577,45.718035724,6.67216797035e-12
23.7267955268,2.42113306261,4632.66099567
-90.6246694389,43.9419824168,5.48352718269e-11
-47.6633830962,-0.0595517247444,1.40684221985
-53.6162261482,30.4331604051,5.62915258628e-13
35165.7199117,1517.36210257,19572.52093
658.725506369,10944.5505662,5378.25148322
-108.248852768,39.6135687205,1.31409991813e-09
-51.1352460321,30.9478465465,3.60138236405e-11
-112.389903736,37.2706576695,5.86493076499e-11
-69.439235494,39.3204755244,2.07553730622e-11
148.653641367,1327.02615644,6818.60586505
193.601329525,-2121.62422396,73653.3959378
148.398841076,164.93804025,2457.3147706
119.629509955,205.862723584,7140.52103296
-57.2821204481,30.9878240395,2.2461646979e-12
-446.593084433,1848.81637267,101160.333365
322.904577318,-17.745421395,4262.96195899
-46.5535833085,19.1276821534,3.31467121579e-10
176.800495269,517.081495163,4881.16150164
-111.948812294,32.3284998022,2.28792022831e-11
-53.1777030055,32.6354901647,2.60304264157e-11
-76.9946077297,46.4219465228,3.79050171761e-11
-468.347019463,373.499169196,7764.43903223
-119.160402308,25.9970543019,4.37602958512e-09
-66.0466842726,43.0649618194,6.18543876491e-11
-242.657727202,1085.58800445,65123.2995561
-95.1366645221,46.9805698225,1.20110098193e-11
888.076830235,-131.10828869,10078.6026207
-1416.98100387,2009.66767396,9618.95349131
650.868324926,-136.850687163,9989.82094211
-52.4551488605,30.9560589777,1.36309162012e-11
-86.3693878286,43.5324754413,3.79192310435e-10
-216.157179052,-312.979939511,6052.07996053
-98.7349864418,44.0909635048,1.51364584732e-11
-79.6375584541,46.6085499319,4.68386514402e-11
-67.7853749818,41.9394996159,1.61341383509e-11
-102.099249577,41.7203624358,2.15289663243e-11
-69.3379010514,41.4566232361,2.07700312965e-11
-60.0981210842,41.6957328838,3.55266265355e-11
-52.4632698933,32.3075838533,4.40410127281e-12
-166.793949354,-124.803703215,8526.87897381
-73.5922579973,44.254939195,4.21151451724e-11
-55.2103241835,31.6519691817,1.32356157745e-11
-90.5798802774,45.3429899739,5.21720615835e-11
-142.868705458,65.5774843022,4721.12267288
-87.4364884665,45.8123826604,8.09874425906e-11
-104.180028343,42.1549191056,1.04416398494e-11
-64.9065156691,42.4688858187,1.51965215716e-11
-100.299879499,45.1535819274,7.25634094199e-12
-258.955408962,-581.872902948,19776.9214879
-104.811410755,43.8234846832,1.32339930462e-11
-62.2857132754,35.095736078,7.46879050139e-11
-32.6409296498,72.3743693987,4280.04390703
-104.757097213,39.269704827,6.19319429241e-11
-50.84086041,21.6160695783,1.20741532928e-10
657.19048921,-544.536855331,7655.09654039
-115.72832249,32.4169414427,3.64515401871e-09
-79.7776271156,44.5340612053,6.53022844732e-11
-107.761869054,40.155861192,1.55747800604e-12
-3494.88559466,-980.214936329,8490.81434917
-142.633273059,35.7472352033,3463.11932911
486.476796238,-2624.52843821,6295.6272967
-82.6357290461,44.5906902029,1.94493291192e-11
-103.843825342,40.2801041473,6.57108473639e-12
-89.1587992808,44.1184265563,8.87372062758e-11
136.673956227,315.83795426,17615.6118682
-1590.47614571,5500.60482232,5238.18665
-126.148871519,35.0887734319,1917.48571033
-92.735108583,44.894598607,4.90683843117e-12
-49.6239183467,26.6350599253,6.33186555015e-11
2814.14719082,26.1757622287,8650.90074075
-45.8457446315,22.4383121936,3.91703154044e-12
-102.85041365,42.9592777877,3.38518980979e-11
-54.0151328653,34.6485543709,3.6116158748e-11
-3406.76056941,5825.53977306,483392.081921
-59.4406421889,36.6987970547,9.62578520245e-12
-115.057238101,33.4113936421,2.71411837593e-11
-530.326976665,-2001.8366279,8699.81205605
922.095153322,235.146924172,7892.33625684
-57.8950823268,31.9989001502,1.61877578894e-11
-88.5167363189,43.6214559545,7.38089448766e-11
1177.53368449,949.952303687,8350.40887329
-228.578576225,-455.970284971,6203.30444003
-50.8631753432,-374.177272115,3425.70923887
-49.8378090141,25.7946339227,5.21756774597e-11
-37.4078469368,55.5199783243,3350.45312304
-112.921000978,34.4143535835,3.90537917229e-08
-68.3545295806,40.0599239697,6.5880380086e-12
318.199717037,-23.1840758659,3081.55824784
-114.50471772,28.9296355433,1.10143834919e-10
830.414182165,-5068.80591902,5052.06622405
-140.498731895,1884.16726243,15107.2314754
-52.6729201764,29.7552661746,1.51235186489e-09
692.709142974,424.52941437,12256.0421615
-68.7251036213,46.5159460623,2.34707828665e-11
-69.4716384903,37.7612782651,1.33358812679e-11
-52.8059904012,28.5502440435,3.52514171063e-11
-52.5782320473,32.3973109929,9.18070955911e-12
-69.3908467568,40.821789211,2.88047820792e-12
-101.812996725,42.4140707495,2.47911626756e-10
-59.4766212006,35.0081167132,9.06771022654e-10
-5270.41037425,-1030.21209839,9678.83640579
-25.8340847034,6.11255241459,3187.22647596
-65.3123892997,43.3217823518,4.28908616856e-12
-49.0418352666,24.3015063983,6.60671199494e-12
-106.834549144,40.1652364516,3.23628294156e-11
-401.533138827,-568.355851197,13199.0028856
-59.8484562575,-3536.82891606,49737.6020751
-86.4924353036,46.2339436945,7.15348533669e-10
-54.4586144372,31.9905726529,3.48919178531e-12
-109.670061576,36.5208022866,7.79528810133e-12
-122.260770234,-37.4199877923,3266.86926333
-36.7273195064,-2.04991100033,2627.60453307
-85.4116095819,44.3582444377,1.96794111422e-09
-40.7578647364,35.9331862281,2308.38135049
-121.161904773,-12.2361883084,1617.63162667
-48.7361167836,21.2671036984,1.39714176319e-10
-60.9929534345,36.1958209337,3.44859862348e-10
-52.6717993077,31.9563917457,6.73985863924e-11
-142.74225716,33.2852031161,3242.89433642
-53.5116139503,30.1182504457,3.43270604424e-11
-111.347644707,37.8619789313,2.43882259886e-10
-59.9723936153,36.0405099373,8.15938393504e-11
-91.7320782444,43.0806865661,1.1096878706e-10
-223.987597679,-1999.50775002,1229.72339049
-63.6380117355,40.0332061203,2.66953396378e-11
-124.277087505,-3.42371300772,1234.70692735
-111.817319518,31.7587393266,2.68958383838e-11
-123.95836526,20.6090123051,7.85897713054e-11
-110.025145552,39.0454758209,3.78921194237e-11
-129.509734433,341.16227781,2780.09603678
-97.853125772,47.119746323,3.0237195255e-12
-80.9602897427,43.9685740669,1.18661749169e-10
-546.283242049,-585.820343344,4790.09365746
-50.1962327961,33.9005203628,1.46172185298e-12
-47.2171928502,0.945514636763,1075.4048276
-80.5028095148,47.2482585141,1.74585525629e-10
-67.5597300933,40.8656067256,4.88612395714e-12
