-112.337654295,-25.7179524581,3.82061150492e-06
-113.373824022,-26.9264968216,14.5794641128
-112.63095333,-27.340952104,116.315398856
-112.920153115,-26.1469897413,0.000706258264542
-108.576162998,-28.7905888655,558.125379082
-111.785117674,-25.4812517278,0.0116616467957
-113.056779672,-27.1693295285,63.6094127813
-111.991895579,-25.5571473301,0.00194034849336
-109.466095795,-28.4490940744,463.670809798
-113.386012353,-26.800700417,4.42828898749
-112.089973696,-25.5978988954,0.000598974104591
-113.117799605,-27.1391637912,55.4864251361
-113.189780392,-26.4556319963,0.0464471468463
-113.389037458,-26.8185855659,5.36819925211
-108.973428869,-28.636815907,516.030989273
-112.128975775,-25.6150812277,0.000344062815404
-113.351126679,-26.9652654176,19.6793042642
-113.06819861,-26.3052422487,0.013560230768
-112.804240324,-26.0396604726,2.17053487847e-05
-106.683466443,-29.52539675,756.891436399
-111.646541144,-27.6757906178,228.322015368
-113.120175246,-26.3671061518,0.0276210660102
-110.735577872,-27.9869940462,327.695971879
-112.216129065,-27.4850541364,164.481885888
-113.063542545,-26.2998680899,0.0126092266332
-113.236791542,-27.069569004,38.7142880795
-113.339521119,-26.6812241499,0.92637087851
-112.737702452,-25.9838163446,1.23475631989e-06
-112.059870074,-25.5850276141,0.000885511795851
-112.694744424,-27.3176068558,108.703433632
-111.991604038,-25.5570311435,0.00194638496567
-111.775310387,-25.4779488411,0.0124912984036
-112.557606714,-25.8508164699,1.7556156857e-12
-112.580875675,-25.866645275,2.34082723178e-12
-112.00620839,-25.5628861942,0.00166169452901
-112.561412277,-25.8533797404,1.53462377178e-12
-113.047233612,-26.2812559601,0.00967174061709
-112.4845289,-27.393007082,133.549370556
-113.027867038,-26.2595773826,0.0069141393812
-112.704440594,-25.957341011,1.86410751571e-07
-113.001937896,-26.2312574224,0.00426170114826
-112.609817818,-27.3485854171,118.822409529
-112.965031331,-26.1923007484,0.00199717689652
-112.93620062,-26.1629386105,0.00104058240206
-113.347645235,-26.6969372648,1.17936011826
-112.811316959,-26.0458361858,2.80585875755e-05
-112.28855865,-25.6919481065,1.54430900076e-05
-112.741787368,-25.987132286,1.5168316822e-06
-112.964460806,-27.2109710731,75.5203249249
-113.344182202,-26.6901284416,1.06407140442
-112.155695896,-25.6271961721,0.000227018564637
-110.617495161,-28.028506929,340.433134621
-108.931841611,-28.6528272329,520.442798635
-109.913064798,-28.2825163731,415.999525449
-113.256280236,-26.5474058822,0.0169342834493
-107.193335582,-29.3304231657,703.689808294
-110.54140635,-28.0554180783,348.628117546
-112.495792511,-25.8105265316,4.37776935619e-10
-109.750098851,-28.3427946666,433.401155797
-113.384444098,-26.7935273307,4.0891602584
-113.086613992,-26.3267647522,0.0178334624577
-112.661268796,-25.9243260041,6.31030313703e-09
-108.732458124,-28.7298858227,541.57759727
-109.262117322,-28.526346407,485.371235943
-113.389069394,-26.8188281297,5.38191544772
-112.27810061,-25.6865612129,2.00557890644e-05
-112.083140349,-25.5949478844,0.00065628905192
-112.60768806,-25.8853556923,1.39127824692e-11
-113.125978146,-26.374230877,0.0295181612222
-112.067600234,-25.5883010985,0.000803187830684
-112.774074406,-26.0138524957,6.63053992751e-06
-111.947122172,-27.5753335646,194.872942729
-112.768977492,-26.0095732626,5.33706149113e-06
-111.400643344,-27.7584598259,255.39035263
-113.338147368,-26.9819429612,22.1994781944
-113.278492507,-26.5802121329,0.103805988144
-112.360366283,-25.7303955671,1.77796289618e-06
-112.882078483,-26.1102423088,0.000260200554229
-110.983262611,-27.9008836596,300.892596718
-112.975841034,-26.2035493339,0.00251520456057
-112.424960364,-25.7672996046,1.05798907914e-07
-111.988709121,-25.5558789681,0.00200713453215
-112.476114435,-25.7982134244,3.19594482653e-09
-112.972700321,-27.2074060601,74.4723548436
-112.267912029,-25.6813630733,2.5608185719e-05
-113.334074316,-26.986706641,22.9560414966
-112.140280951,-25.6201722101,0.000289674714958
-112.965582879,-27.2104870887,75.3777651584
-112.327772808,-25.7126217233,5.19209038479e-06
-112.064215333,-25.5868650328,0.000838442895567
-111.247533942,-27.8103519631,272.138863581
-107.807258349,-29.0912511183,639.267700954
-113.338171412,-26.6786957751,0.889831257137
-111.989301308,-25.5561144327,0.00199458739255
-112.96119402,-26.1883393618,0.00183693324802
-110.853188488,-27.9459454301,314.984259218
-112.775736602,-26.0152530557,7.10870718613e-06
-110.018143537,-28.2439420016,404.765277971
-107.454769104,-29.2289526137,676.3007222
-112.499658032,-25.8129736793,2.76934027601e-10
-109.842491481,-28.3085534752,423.538495233
-112.77735512,-26.0166191968,7.60345174625e-06
-109.427159601,-28.4637845755,467.815547124
-112.294490414,-25.6950268847,1.32485520168e-05
-113.117558468,-26.3639079066,0.0267800218442
-113.298047727,-26.6104083868,0.24124926338
-112.992014247,-26.2206282683,0.00350425050387
-112.15772927,-27.5047513263,171.124137727
-112.969550951,-27.2087717475,74.873230154
-112.097333436,-25.6010967851,0.000541837472574
-107.333889133,-29.2759630282,688.973354735
-113.369565339,-26.9352927888,15.6453743918
-111.526629583,-27.7160163138,241.550418574
-111.934270711,-27.5796277311,196.312867367
-113.316775448,-26.6409250537,0.460492955077
-107.052360489,-29.3847816861,718.429300743
-112.520921904,-27.380233123,129.293731213
-108.069546943,-28.988520531,611.640597816
-111.294303855,-27.7944608203,267.030402581
-113.286305654,-26.5921069188,0.150139663844
-107.536374761,-29.1971420706,667.737382468
-109.727941972,-28.3510316707,435.76517854
-113.050108055,-26.2845125266,0.0101464588127
-113.385795164,-26.7996509736,4.37736795485
-111.909333976,-27.5879582934,199.104124264
-110.631996278,-28.0233925843,338.870247476
-107.770924058,-29.1054736125,643.090231623
-111.889478451,-25.5179933421,0.00517000711362
-112.416077038,-25.7620868705,1.68250210244e-07
-112.025849436,-27.5490061366,186.030059788
-113.135917326,-26.3865386346,0.032833758542
-112.633707619,-25.9040111814,1.48442150525e-10
-113.235857678,-26.5183211005,0.0234958435495
-111.077801203,-27.8683461159,290.626777992
-112.211160197,-25.6532818345,8.5463897784e-05
-112.589824594,-25.8728332064,8.77682914188e-13
-112.411361887,-25.7593382246,2.12659464349e-07
-108.313379269,-28.8930954858,585.907996389
-112.889502588,-26.117289104,0.000319108849764
-112.133408075,-27.5129331865,173.882507395
-113.118360051,-26.3648866467,0.0270365829526
-113.17268697,-26.4332523403,0.043953575885
-113.047443305,-27.1737322774,64.8325865217
-108.719666738,-28.7348448063,542.93253828
-112.670381313,-25.9311714328,1.47840986608e-08
-107.972056292,-29.026708793,621.916040727
-113.08028424,-26.3193186842,0.0162717829587
-106.624717869,-29.5475293208,763.0015992
-107.814515415,-29.0884099869,638.504087449
-113.31372192,-27.008130179,26.5610909519
-112.894832296,-26.1223829948,0.000368381465326
-107.173924836,-29.3379246298,705.720553241
-113.287680928,-26.5942227559,0.159377747471
-113.332745191,-26.9882210025,23.1999806629
-113.286981056,-27.0320951168,30.9854181792
-111.831808337,-25.4973211129,0.00826412114141
-112.109619328,-27.5209256924,176.576218786
-112.701557102,-25.9550891599,1.54785681407e-07
-112.041382061,-25.5772854873,0.00111005111255
-113.153560157,-26.4087166854,0.0386416636076
-113.35219003,-26.7061643893,1.35043113557
-112.678001117,-27.3237823113,110.708252098
-112.426856276,-25.7684179668,9.54336148058e-08
-113.338180374,-26.6787124931,0.89006926702
-112.379608461,-25.7411503694,8.60889860354e-07
-112.954371392,-27.215302189,76.8000408157
-113.289127703,-27.0303017051,30.640118452
-113.262803521,-27.0510924622,34.7822351598
-113.369471426,-26.7457164909,2.30906262019
-113.025319206,-26.2567591467,0.00660460535578
-113.196420279,-26.4644456656,0.0464321922443
-112.471192239,-25.7951707815,4.87094360789e-09
-112.726659578,-25.9749235341,6.89845765673e-07
-112.553168104,-27.3688317106,125.508367831
-112.663185855,-25.9257607394,7.60988948238e-09
-113.262450362,-27.051355519,34.8365779326
-113.069106508,-26.3062933256,0.0137516783756
-113.160059392,-27.1164910467,49.7019272438
-111.475838198,-27.7331025721,247.136813359
-112.418390538,-25.7634401035,1.49543669948e-07
-112.725456882,-25.9739612456,6.4587703557e-07
-113.171055772,-26.4311393641,0.0435769065869
-107.562763011,-29.1868448421,664.966955507
-113.210286161,-27.086845296,42.597385384
-113.103383817,-26.3467397956,0.0224296031905
-113.08503786,-26.3249058922,0.0174355159136
-113.371144319,-26.7501133182,2.44146328652
-112.324983818,-25.7111261244,5.64706059305e-06
-109.456347086,-28.4527696865,464.708666824
-112.402587215,-27.4214594424,143.072355621
-112.450638256,-25.7826236381,2.25878912265e-08
-113.366613009,-26.7385066312,2.1040378449
-111.172724275,-27.8358484274,280.296935314
-112.13436988,-27.5126098357,173.773509676
-112.150580087,-27.5071575443,171.935423073
-113.1725153,-26.4330297836,0.04391482266
-113.066320144,-26.3030708148,0.013170366659
-112.271836259,-25.6833593905,2.33344376653e-05
-111.629773289,-27.6814072801,230.175342309
-109.750290326,-28.3427235271,433.380724579
-113.086491605,-26.3266202979,0.017802347002
-112.279024629,-27.4637414373,157.296466825
-113.378462111,-26.771487285,3.1710007331
-112.792279962,-27.2808152649,96.9148924564
-111.884295964,-25.5160968905,0.00540430430908
-108.656569421,-28.7593308256,549.614495819
-112.887777705,-26.1156468293,0.000304461597928
-112.059098895,-27.5378710199,182.283446319
-113.263369077,-27.0506704199,34.6951488579
-112.244322213,-25.66951343,4.35416507388e-05
-113.096135453,-27.1501764536,58.3979598727
-112.889776135,-26.1175498327,0.00032148808232
-112.814796071,-26.0488895787,3.17489035254e-05
-112.353904765,-25.7268281665,2.23065499607e-06
-108.204618767,-28.9356355622,597.391605032
-111.482176904,-27.7309684796,246.440154515
-106.835038502,-29.46794155,741.10749065
-113.390825138,-26.8554378328,7.77801912973
-108.387633335,-28.8640847192,578.062675519
-112.629140089,-25.9007000988,4.17074088687e-11
-109.694610961,-28.363441097,439.320596915
-111.025858465,-27.8862016304,296.269791141
-109.686411874,-28.3664970441,440.195043164
-113.345885138,-26.972310945,20.7196410114
-111.806301498,-25.4884709648,0.0100109309334
-113.144193458,-26.3968889762,0.0356003457797
-112.604208276,-25.8828983412,1.00089472852e-11
-108.400631561,-28.8590096134,576.688925821
-111.993791552,-25.5579036131,0.00190145134752
-111.942109604,-27.5770085413,195.434685124
-113.387170444,-26.8066948537,4.72794373361
-113.038964463,-27.1776885146,65.9394121703
-113.325743155,-26.6562913454,0.610800873828
-112.917204932,-27.2309562382,81.4825489123
-112.681720452,-27.322413625,110.263343758
-107.739206291,-29.1178854193,646.426136925
-110.338083115,-28.127956899,370.483586955
-112.919134272,-26.1459865175,0.000688658199877
-112.496120736,-27.388948467,132.195710482
-112.053914962,-27.5396079014,182.868068604
-111.959390791,-25.5443644512,0.0027106147339
-112.78092902,-27.2851777031,98.2972284868
-112.77531165,-26.0148947575,6.98364309223e-06
-107.201768471,-29.3271626224,702.807437653
-113.367541863,-26.9391389725,16.1280372482
-110.69323359,-28.0018456608,332.266315478
-112.682012513,-25.9400038153,3.86453344307e-08
-113.363196902,-26.7303101042,1.88834344795
-107.259035436,-29.3049963044,696.813357082
-107.952014475,-29.0345597098,624.027471277
-113.370558364,-26.9333331451,15.4033509783
-113.297925076,-26.6102142861,0.240141726114
-113.344912085,-26.6915489268,1.08738717025
-108.947104101,-28.6469484601,518.823809983
-109.570573071,-28.4098113539,452.543264236
-113.390888888,-26.8410716079,6.7577771745
-109.629575065,-28.387717175,446.255178077
-113.314689569,-26.6374294049,0.430375684081
-113.206975876,-26.4786019287,0.0447579527745
-112.334248089,-25.7161093034,4.25370048594e-06
-113.357799913,-26.9555218427,18.2987946979
-113.226442201,-26.5052043792,0.0339226878652
-112.782189097,-26.0207134535,9.26796566103e-06
-112.628999852,-25.9005986857,3.83982156029e-11
-110.800064293,-27.9644504878,320.729395765
-113.195324496,-26.4629863717,0.0464832222534
-113.349186853,-26.7000277002,1.23470255819
-112.561598013,-25.8535050975,4.26325641456e-13
-112.717900984,-25.9679435045,4.21870910183e-07
-113.337968278,-26.982156512,22.2330438521
-112.32035872,-27.4496658338,152.554941138
-113.188670701,-27.100031879,45.6905845072
-113.044005572,-27.175341052,65.2817978538
-112.560030342,-25.852447784,7.96376292597e-13
-113.098811271,-27.1488358092,58.0401069429
-111.853711747,-25.5050622899,0.00695764468046
-112.770178135,-27.2892881608,99.6038075674
-112.850576594,-27.2580074745,89.7664022113
-108.453792699,-28.8382642821,571.069167024
-113.389262071,-26.820334373,5.46768914703
-113.388785191,-26.8167322795,5.26428204875
-112.552107757,-27.3692079543,125.63306867
-112.13208896,-25.6164781242,0.000328318685589
-113.263075702,-26.5572993074,0.0376919128696
-106.719409012,-29.511817073,753.151097882
-113.149669475,-26.4037890135,0.0373973383303
-113.382122756,-26.9050322392,12.1946376789
-113.085009689,-27.1556953802,59.8808421227
-112.838776417,-26.0702485052,7.12338690258e-05
-112.999415105,-27.195661772,71.0556888142
-113.118763556,-26.3653796504,0.0271660967218
-112.834252038,-26.0661764844,6.14977061231e-05
-112.857462547,-26.0872780721,0.000127544751463
-113.34556906,-26.9727212228,20.7813164773
-110.208119933,-28.1748018539,384.42398677
-107.351663766,-29.269059634,687.110840314
-112.389305133,-25.7466455919,5.7855571387e-07
-112.787737024,-26.0254384778,1.15703921431e-05
-112.215980267,-27.4851044265,164.498845028
-112.972689592,-26.200256262,0.0023534270356
-112.756710164,-25.9993684599,3.0936494837e-06
-109.455099046,-28.4532403656,464.841528961
-112.702486238,-25.955814021,1.64412738809e-07
-112.646209126,-25.9131540095,1.13808725666e-09
-113.195917876,-26.4637763604,0.0464581336055
-113.368469424,-26.7431483376,2.23433982208
-111.159398458,-27.8404005634,281.748514415
-113.38830857,-26.879632477,9.75103326583
-107.005286764,-29.4028649708,723.346165968
-110.653363083,-28.015865187,336.566750298
-112.78388042,-27.284045675,97.938085068
-112.74654789,-25.9910147685,1.91629474332e-06
-112.621234539,-27.3444679262,117.469086669
-111.850121962,-25.5037844711,0.00716016735827
-113.142269305,-27.126247684,52.1554805897
-108.558711819,-28.7973805627,559.971947095
-109.888984674,-28.2913888232,418.5724224
-107.13542541,-29.3527876985,709.747153811
-113.088912396,-26.3294811194,0.0184244980218
-112.197495317,-25.6467340691,0.000110477538133
-112.538305947,-25.8379669051,1.1471421887e-12
-112.720697061,-25.970164805,4.95121655399e-07
-112.384371414,-25.7438431991,7.10292083642e-07
-110.839876802,-27.9505767793,316.424384336
-113.341729481,-26.6854081679,0.989290725092
-112.808030602,-26.0429623933,2.49278404921e-05
-112.232964768,-27.4793603337,162.561859793
-112.174149549,-25.635731958,0.000167064065902
-108.275725005,-28.9078176888,589.884783949
-113.085588245,-27.1554105299,59.8039256891
-112.963646463,-26.1908691937,0.00193800375486
-113.365725418,-26.7363364408,2.04516878134
-112.751047416,-25.9947024202,2.37669055673e-06
-112.318009341,-25.707403191,6.9344838771e-06
-112.495356107,-25.8102508477,4.6242927264e-10
-112.933071793,-26.1598071447,0.000966239221668
-111.919195602,-25.529020944,0.0039736676215
-107.374748694,-29.260088852,684.691411063
-113.080401642,-26.319456329,0.0162998625986
-112.582166491,-25.8675343602,7.96281940001e-13
-111.224365699,-27.8182376291,274.667062997
-113.384593897,-26.8966202804,11.341181983
-113.383097027,-26.7879694048,3.84044877351
-113.383258463,-26.7886117457,3.86858031333
-111.10036683,-27.8606052894,288.17320565
-107.158011229,-29.3440707486,707.385128291
-113.089213237,-26.3298371672,0.0185027973668
-112.664526286,-27.3287265121,112.318059623
-113.323142831,-26.6517753784,0.563452519
-112.403131421,-25.7545703332,3.14324125601e-07
-113.387309698,-26.8850266613,10.2370204524
-113.341053722,-26.6841214474,0.969609978876
-110.125459701,-28.2047892213,393.279688628
-112.931605715,-26.1583434917,0.00093303505462
-111.894245432,-25.5197446747,0.00496147568454
-112.24245405,-25.6685859315,4.53232720381e-05
-113.042834344,-27.1758876766,65.4347020849
-108.852346354,-28.6834946303,528.872708413
-113.359824882,-26.7225887849,1.70113894084
-113.374071996,-26.9259500156,14.5149281424
-112.40875438,-25.7578235903,2.41260425885e-07
-113.388552388,-26.8781617982,9.62152875627
-113.297609623,-26.6097153727,0.237309756419
-113.06005543,-26.2958608532,0.0119303686076
-107.237738489,-29.3132445516,699.042890816
-112.723610462,-25.9724862777,5.83173607662e-07
-107.585957741,-29.1777898319,662.531266419
-108.389888075,-28.8632042911,577.824386649
-112.950168283,-26.1770487408,0.001436918353
-113.366616582,-26.7385154283,2.10427910832
-111.308186821,-27.7897507203,265.512771244
-113.081400242,-26.3206278124,0.016540058036
-113.128869763,-27.1333877396,53.9854052342
-113.381885099,-26.9057711879,12.2717539903
-107.755959232,-29.1113301086,644.664262574
-107.797048384,-29.0952480559,640.34195135
-113.286859268,-26.5929578141,0.153816793068
-107.253676268,-29.3070724213,697.374441908
-112.828017662,-26.0605977852,5.00204102377e-05
-113.079681428,-26.3186122112,0.0161281343654
-113.387956673,-26.8816369034,9.92959729855
-113.048460486,-26.2826446921,0.00987218045104
-108.753486408,-28.7217373057,539.34990339
-112.545325851,-27.371612184,126.430276245
-112.745011583,-25.9897596836,1.77826927797e-06
-113.360886439,-26.9506540049,17.6342216972
-112.61501486,-25.8905584829,2.22817802408e-11
-113.288868121,-26.5960548468,0.167635529981
-113.234107468,-26.5158697739,0.0257556727351
-111.901093724,-25.5222723569,0.00467331971531
-112.700521977,-25.9542824424,1.44635934509e-07
-110.127468606,-28.2040586702,393.064561572
-113.175485363,-27.1077447729,47.5499582093
-112.856668167,-26.086547114,0.000124520175279
-112.925104876,-26.1518814296,0.000797549623664
-112.086963325,-25.5965967084,0.000623704586054
-113.390359609,-26.8631745992,8.37313111436
-113.390531371,-26.8336413595,6.27155783214
-113.114930723,-26.3607053473,0.0259460499813
-112.660647381,-25.9238615474,5.92441797567e-09
-112.899758058,-26.1271170445,0.000419774651228
-110.732675176,-27.9880108863,328.009372178
-107.410320426,-29.2462552271,680.962252299
-112.992075412,-26.2206934301,0.00350854277347
-113.153589543,-27.1200780452,50.5975629658
-112.841071357,-27.2617758228,90.9378572053
-112.933948283,-27.2239601117,79.3790423154
-112.10470912,-27.5225742624,177.131710599
-113.06290077,-26.2991294552,0.0124821572467
-106.682543868,-29.525744931,756.987422459
-109.885327297,-28.2927374577,418.963153488
-112.885454342,-26.1134395782,0.000285673013487
-113.390854555,-26.8400335076,6.68818668534
-113.027390276,-27.1830275515,67.4444060622
-112.563580683,-25.8548447123,4.26325641456e-13
-109.390088735,-28.4777962353,471.760619749
-113.152868613,-26.4078392822,0.0384230074313
-112.026460325,-25.5711247345,0.00132262821606
-110.872229626,-27.9393271643,312.923666721
-111.083462851,-27.866403053,290.011303415
-108.893844769,-28.6674757167,524.472650091
-113.139827595,-26.3914172874,0.0341447020728
-113.330946156,-26.9902413281,23.5280006052
-111.769827715,-27.6345547101,214.656985454
-112.764756012,-26.0060465336,4.4406802627e-06
-112.998434891,-27.1960979731,71.181583356
-113.382098337,-26.7841188302,3.67510564306
-109.77787248,-28.3324834621,430.437227195
-113.263716453,-26.5582382881,0.0398829787717
-107.240283683,-29.3122591015,698.776464668
-113.156939924,-27.1182262596,50.1342529019
-112.163829034,-25.6309409225,0.000198731899971
-107.326357037,-29.2788873516,689.762508716
-113.389050661,-26.8748960971,9.33849543396
-113.193835595,-27.0969454779,44.9568040166
-112.66374499,-25.9261797371,8.03264578578e-09
-112.435073753,-25.7732892433,5.99173711595e-08
-113.376690852,-26.9198890549,13.8129878687
-113.364269425,-26.7328394159,1.95299097444
-108.468143795,-28.8326672543,569.551732802
-113.059852414,-27.1678694797,63.2058061015
-112.474818881,-25.7974111462,3.5775911867e-09
-112.896236321,-26.1237298001,0.000382431003501
-112.824547115,-26.0575083894,4.44929989261e-05
-113.284805012,-26.5898060023,0.140448047118
-113.078133884,-26.316800651,0.015763408578
-113.373724328,-26.9267154521,14.6053238954
-112.175192524,-25.6362185886,0.000164109299814
-113.149252722,-26.4032624289,0.0372622023066
-113.241116581,-26.5257240866,0.0157045951801
-109.158245722,-28.5659500815,496.409708861
-113.266110627,-26.5617564975,0.0484555014725
-112.473981645,-25.7968932299,3.84525919397e-09
-113.076057801,-26.3143751321,0.0152832694401
-111.100597401,-27.860526245,288.1481289
-112.808369328,-26.0432581292,2.52355084615e-05
-113.188784574,-26.4543160841,0.0463928242695
-113.037673975,-26.2704981679,0.00821780665767
-113.341826982,-26.9774653647,21.503257359
-113.311005095,-26.6313193666,0.381068841582
-113.106715108,-27.1448443411,56.9802376924
-113.205166731,-26.4761627288,0.045213112936
-113.390886264,-26.8409864114,6.75204537662
-113.14530137,-26.3982816636,0.0359671444717
-112.934563839,-26.1612991202,0.001001089796
-112.906369755,-26.1335112878,0.00049866078439
-107.93995474,-29.0392837488,625.297819189
-112.152252912,-25.6256190323,0.000239946338058
-113.031815473,-26.2639603,0.0074171510903
-113.379902557,-26.9115710297,12.8892129877
-112.384316279,-27.4277534136,145.185412378
-113.255988597,-26.5469838678,0.01613873597
-106.77228444,-29.491788372,747.645767318
-112.190027726,-25.6431897511,0.000126520205639
-107.939253174,-29.0395585638,625.371717074
-112.536840377,-27.3746150725,127.426841781
-108.117117547,-28.9698903574,606.62391781
-110.612457773,-28.0302846246,340.975967171
-113.389904083,-26.8260536119,5.80291549481
-107.170738849,-29.3391553949,706.053831608
-109.33105153,-28.500159659,478.041160962
-113.363797095,-26.7317208326,1.92419374749
-112.693247585,-25.948637808,8.83329723916e-08
-112.786735411,-26.0245833609,1.1120591379e-05
-111.719848824,-27.6512602217,220.205019404
-112.109135559,-25.606267735,0.000459477012816
-112.922360188,-26.1491667885,0.000745746213491
-112.311071345,-25.7037238511,8.45246845993e-06
-112.676000414,-25.9354250389,2.38794084836e-08
-112.495070461,-25.8100704647,4.79278019173e-10
-113.197702841,-26.4661561218,0.0463459225552
-112.19875585,-27.4909220736,166.460740468
-112.998980607,-26.2280778781,0.00402274250637
-109.796684866,-28.3255080243,428.429216845
-112.29036125,-25.6928819178,1.47461363353e-05
-112.551004292,-25.8463926879,8.77832933246e-13
-112.029498145,-25.572372674,0.00127691920298
-112.357419162,-25.7287657418,1.97366565365e-06
-113.25103115,-27.0596701477,36.5787735827
-113.235100245,-27.0707135556,38.9654555915
-113.303157423,-26.6185554434,0.290747361532
-112.859673522,-26.0893158285,0.000136308870074
-113.030863749,-26.2629021297,0.00729326651703
-110.434424351,-28.0934715909,360.135179998
-113.377714685,-26.9173577565,13.5270560412
-113.276693223,-27.0404325705,32.6205727758
-108.65113612,-28.7614411444,550.189746397
-111.192802492,-27.828995707,278.108911655
-112.948296501,-26.1751454047,0.00137714974701
-112.962634265,-26.1898242369,0.00189571997907
-113.176706903,-26.4384762119,0.0447962607303
-113.353627366,-26.7091603683,1.40984659887
-113.18260151,-27.1036108909,46.5488611069
-113.201469179,-27.0923116541,43.8663169507
-113.080779156,-26.3198990514,0.0163903814961
-112.02698616,-25.5713405194,0.00131462449217
-112.112461686,-27.5199712154,176.254583189
-112.017234534,-27.5518894003,186.999615135
-112.518366058,-25.8249513101,1.70469499469e-11
-112.092161525,-25.5988474054,0.000581503948256
-112.723183853,-25.9721458991,5.69473629376e-07
-112.323702265,-25.7104402063,5.86715966137e-06
-110.05595124,-28.2301201503,400.720324654
-113.340074713,-26.9796194951,21.836401542
-111.274402184,-27.801218403,269.204961146
-113.111402656,-26.3564197953,0.0248447268079
-113.386441835,-26.8028395767,4.53349540708
-113.254544919,-26.5448978311,0.0123083410363
-113.283959688,-26.5885133903,0.13516193265
-112.004169362,-25.562064434,0.00169932604417
-112.705542611,-27.3136044639,107.407731865
-113.215489111,-26.490154116,0.0414881616596
-113.142671533,-27.1260306935,52.1003177865
-113.201691578,-26.4714924443,0.0458818727494
-108.072767629,-28.9872590917,611.301009022
-113.178005984,-26.4401694552,0.0450399151464
-113.164418961,-26.4225821148,0.0418716408865
-112.518378478,-25.824959337,1.84310066455e-11
-113.332624805,-26.9883572396,23.2220074247
-112.194367736,-25.6452467397,0.000116978701043
-113.225357669,-26.5037043995,0.0348705434481
-112.265721167,-25.6802516899,2.69562231548e-05
-113.342684791,-26.9763956469,21.3390614913
-112.867981777,-26.0970167927,0.000174210533088
-112.362103872,-25.7313586403,1.67050078237e-06
-113.027415623,-26.2590774899,0.00685844923123
-108.143679401,-28.9594898299,603.821990768
-112.863826045,-26.0931561883,0.000154223184803
-111.038337238,-27.8819072106,294.91470118
-111.781195449,-25.4799278479,0.0119883445472
-112.696526331,-27.3169474703,108.489768259
-113.216906995,-26.4920902725,0.0407413970313
-113.372301853,-26.7532436776,2.53924963212
-111.828668791,-25.4962223196,0.00846563888643
-113.137428934,-27.1288465273,52.8182249391
-113.091173922,-26.3321604877,0.0190183889386
-113.146026176,-26.3991936859,0.0362063443933
-113.05837102,-27.1685740774,63.4004537231
-112.315989295,-25.7063294524,7.3505869845e-06
-113.390105476,-26.8660640809,8.60387407119
-113.349333467,-26.7003236425,1.24010379198
-109.354662129,-28.4912087518,475.529719489
-109.052784839,-28.6063280695,507.609065679
-112.41077578,-25.7589974369,2.18821946821e-07
-112.328579425,-27.4468589139,151.609994831
-111.710153227,-27.65450251,221.279948247
-113.333737959,-26.9870916655,23.017905772
-107.1140675,-29.3610239897,711.980256171
-113.263186858,-26.5574621224,0.0380689638552
-113.295386488,-26.6062115027,0.218013021164
-112.229104202,-27.4806666415,163.002348905
-112.797142831,-26.0335133437,1.66502506276e-05
-109.975946839,-28.2594043752,409.278005993
-113.089615619,-26.3303135703,0.018607862733
-112.981964934,-27.203366162,73.2907982826
-109.047980377,-28.6081714122,508.119082902
-108.847482946,-28.6853733327,529.388294065
-108.822381539,-28.6950742921,532.049111181
-112.450152441,-25.7823301284,2.33334901058e-08
-111.040893912,-27.8810277384,294.637022055
-112.142904652,-25.6213609825,0.000278114782615
-106.740868277,-29.5036957863,750.917195096
-113.263931234,-26.5585532787,0.0406270075289
-113.066927241,-26.303772113,0.0132954470056
-113.315901313,-27.005994155,26.1867726324
-107.401349728,-29.24974504,681.902813138
-113.371977305,-26.7523582394,2.51128848975
-112.619038867,-25.8934326417,2.54023042447e-11
-111.960278366,-25.5447089721,0.00268681717349
-110.885358706,-27.9347681996,311.502429815
-110.921403744,-27.9222702118,307.598653742
-113.292722997,-26.6020408793,0.196355279629
-112.191588234,-27.4933408525,167.276432515
-113.344719937,-26.6911742431,1.08120005757
-112.434679351,-25.7730545511,6.13147434997e-08
-113.185123913,-26.4494918315,0.0460817059937
-113.285354323,-26.5906473222,0.143949500774
-113.320603572,-27.0012693947,25.3705017724
-108.081380399,-28.9838858191,610.392838622
-110.68439181,-28.0049516813,333.2202301
-112.142684038,-27.5098139871,172.831009339
-113.131954018,-26.3816149259,0.0315056216904
-113.372275102,-26.9298196777,14.9759701032
-112.681068753,-25.9392831519,3.5904570837e-08
-112.994696532,-26.223489938,0.00369673154108
-113.39015523,-26.8655359751,8.56135241235
-111.534806776,-27.7132683879,240.650133213
-113.390959452,-26.8506764491,7.42788047811
-110.623237825,-28.0264810198,339.814249569
-112.591908029,-25.8742819663,1.66228238599e-12
-113.169766638,-26.4294722231,0.0432664049933
-112.325235001,-27.4480011685,151.994505725
-112.103470485,-25.6037790387,0.000497638886871
-113.192525112,-27.0977322256,45.1432874796
-112.346320668,-25.7226688492,2.88332849867e-06
-113.369425157,-26.7455968689,2.30553980244
-112.493406228,-25.8090205341,5.80155782471e-10
-112.405119681,-25.7557186533,2.86592392131e-07
-108.439449453,-28.8438596744,572.585621138
-113.318101129,-26.6431612052,0.48051683596
-112.100110542,-25.6023087756,0.000521459796271
-112.798875407,-26.0350096252,1.7776517042e-05
-112.938791405,-26.1655396542,0.00110588231337
-113.370223289,-26.7476749684,2.36733315897
-113.257711041,-26.5494793345,0.0209460476499
-113.383841619,-26.7909836478,3.97383862572
-112.191336227,-25.6438090837,0.000123578278628
-112.229800551,-25.6623452715,5.9060303114e-05
-113.002517388,-27.1942784591,70.6569681487
-112.645604356,-25.9127089931,1.05491018576e-09
-113.256684228,-26.5479908184,0.0180486095742
-112.985381801,-27.2018675649,72.8541521386
-113.134781502,-27.1302584506,53.1798825865
-112.306086096,-25.7010948208,9.70829992262e-06
-108.698408922,-28.7430898126,545.18403927
-110.216124481,-28.1719059001,383.565997254
-112.016469098,-25.5670427718,0.00148223007
-113.136962211,-27.1290959217,52.8820247491
-113.35190573,-26.7055764843,1.33899990346
-111.95069073,-25.5410006711,0.00295273396664
-108.165626197,-28.9508976785,601.506474615
-112.749401126,-25.9933511404,2.19799473466e-06
-111.956266996,-25.5431539122,0.00279568636433
-110.536536951,-28.057144631,349.152251367
-113.147478171,-26.4010229033,0.036683453808
-109.520740983,-28.428522782,457.851826083
-113.319116981,-26.6448826231,0.496344527731
-112.47182462,-25.7955608593,4.62165620996e-09
-113.327314907,-26.6590470276,0.641069495133
-112.100978896,-25.6026883441,0.000515216700423
-113.389635326,-26.8235021033,5.65148092036
-112.924424875,-26.1512081182,0.000784429350258
-112.163494887,-25.6307865377,0.000199834047848
-113.103912147,-27.1462653139,57.3565948714
-113.371477575,-26.7510067832,2.46907092544
-107.606548612,-29.1697484215,660.368589243
-106.956261574,-29.4216584021,728.464201877
-111.950905451,-25.5410834029,0.00294656172805
-113.2486538,-26.5364363653,0.00157409912866
-110.528343045,-28.0600511417,350.034146114
-113.167056785,-26.4259756185,0.0425797944894
-113.049555694,-26.283885948,0.0100538487382
-113.111289175,-26.3562822201,0.0248096730215
-113.296408068,-26.6078189797,0.226738249186
-112.706659016,-25.95907812,2.14479373433e-07
-113.273176137,-26.5722321726,0.077603662322
-113.369337691,-26.9357350576,15.700359187
-112.28107836,-25.6880897204,1.86382886602e-05
-109.441223972,-28.4584750127,466.318539867
-113.359062119,-26.7208864246,1.66186023069
-111.888022296,-25.5174596937,0.00523503309349
-113.168494967,-26.4278300265,0.0429496947867
-113.38340991,-26.9008329718,11.763006357
-112.760602582,-26.0025920563,3.69165863709e-06
-110.823268801,-27.9563601977,318.220623369
-113.187987335,-26.453263684,0.0463396791049
-112.706206648,-25.9587235702,2.08468829605e-07
-113.204605263,-27.0903818178,43.4161616471
-110.822814447,-27.9565184997,318.269756392
-112.748813313,-25.9928692324,2.13713538632e-06
-108.233076054,-28.9245002736,594.387778913
-110.774334797,-27.9734344978,323.509939046
-112.328069009,-27.44703327,151.668684837
-112.267443434,-25.6811251748,2.58916570631e-05
-112.363653119,-25.7322186694,1.57938017465e-06
-113.361563595,-26.7265285239,1.79477873574
-112.8648925,-26.0941452552,0.00015914809426
-113.041837171,-26.2751694556,0.00882788748044
-112.025393537,-27.5491587361,186.081380667
-113.099468358,-27.1485057822,57.9521573962
-106.864763025,-29.4566184729,738.008884503
-112.039598047,-27.5444032125,184.481731336
-112.970840234,-26.1983290442,0.00226273012959
-108.487332065,-28.8251859943,567.522598855
-112.92090694,-27.2294169041,81.018266484
-109.004477159,-28.6248771376,512.736415542
-112.591305643,-27.3552342814,121.012518246
-108.786576172,-28.7089246421,535.843809925
-113.378478675,-26.9153997018,13.3087743603
-113.339965425,-26.6820611498,0.938710667836
-112.692676687,-25.9481966307,8.48756638324e-08
-113.293779634,-27.0263457999,29.8865420183
-111.96231343,-27.5702565742,193.169591309
-112.897867036,-26.1252966317,0.000399341217691
-112.820299931,-26.0537432788,3.84710559336e-05
-108.884436483,-28.6711055845,525.470312652
-110.792771524,-27.9669954839,321.51764226
-110.112384005,-28.2095464196,394.679809841
-112.750937152,-25.9946118415,2.36433352921e-06
-113.382408794,-26.9041287044,12.1008191476
-113.208472177,-26.4806234545,0.0443223060299
-108.280487954,-28.9059550907,589.381812775
-113.291201872,-27.0285498822,30.3050324126
-111.858841741,-25.5068946239,0.00667584818282
-113.163495232,-26.4213961152,0.0416152878029
-113.030492554,-26.2624897151,0.00724540691622
-113.167713944,-26.4268225964,0.0427503100385
-113.098253794,-26.3405908493,0.0209552317321
-111.340899942,-27.7786642816,261.934353713
-112.493690751,-27.3898000315,132.479617135
-113.287576496,-26.5940618455,0.15866402825
-108.611690967,-28.7767701248,554.365371891
-113.359320931,-26.7214623399,1.67506950895
-113.385819653,-26.8917961467,10.8717204789
-113.362513918,-26.7287188215,1.84852495869
-113.216432758,-26.4914422966,0.0409981759079
-112.954041304,-27.2154432667,76.8418439592
-113.152364764,-26.4072004396,0.038262964241
-110.281039835,-28.1484722285,376.604939909
-112.533469933,-25.8347862665,8.77898743515e-13
-113.384681762,-26.7945596462,4.13669067222
-112.960041911,-26.1871532263,0.00179105140604
-113.304324464,-26.6204335319,0.303023760594
-111.930829125,-25.5334103297,0.00356890117478
-113.291648382,-26.6003663323,0.188046499121
-106.706561641,-29.5166743306,754.488234104
-112.408851087,-25.7578796969,2.40145278347e-07
-112.862654868,-26.0920713102,0.000148970748481
-109.884412364,-28.2930748768,419.060897104
-113.312932893,-26.6345062642,0.406268646755
-113.028609299,-27.1824684677,67.286208602
-108.91194808,-28.6604942765,522.552784342
-113.355052234,-26.9596520549,18.8757631063
-112.896740518,-26.1242139503,0.00038759059455
-109.329995554,-28.500560206,478.15347447
-113.347727939,-26.969887249,20.357756118
-112.729287461,-25.9770303793,7.95234482455e-07
-113.190129298,-26.4560934163,0.0464629323359
-112.349545273,-27.4396879728,149.197029779
-112.564101076,-25.8551967683,2.3117489694e-12
-109.036794582,-28.6124643631,509.306446324
-110.837358401,-27.9514533905,316.696797551
-112.123255597,-27.5163453695,175.032629109
-113.366541899,-26.7383316417,2.09924313222
-113.248651534,-26.5364331257,0.00157893049617
-113.22600243,-26.5045958825,0.0343128094412
-112.601619697,-25.8810760133,8.43845270381e-12
-112.937756649,-26.1644999221,0.00107938404395
-113.34629743,-26.9717734272,20.6390205942
-113.380487548,-26.778289591,3.43532165791
-112.138032375,-25.6191555877,0.000299891247661
-111.940490794,-25.5370873195,0.00325778664122
-112.905581841,-26.132746878,0.000488620834116
-112.727685773,-25.9757455681,7.29432938435e-07
-112.746821235,-25.9912382919,1.94182085427e-06
-112.243321693,-25.6690164983,4.44884223523e-05
-108.475442313,-28.8298213414,568.779955735
-112.971693607,-26.199217863,0.00230419990387
-110.751620313,-27.9813775063,325.963610049
-112.9881854,-27.2006343749,72.4955162239
-113.369674852,-26.9350791227,15.6188584109
-106.900454773,-29.4429997373,734.286854699
-112.661018396,-27.3300100053,112.736617987
-112.796539346,-27.2791721125,96.395411282
-113.2681268,-26.5647313499,0.0561659615101
-112.522159572,-25.8274074904,6.13984281151e-12
-111.637589436,-27.6787888384,229.311583156
-113.170468166,-27.1106207059,48.252522627
-113.328708788,-26.9927088418,23.9326254588
-108.195222976,-28.9393127388,598.383246551
-113.251266424,-26.5401789746,0.0042492196334
-112.746405278,-25.9908981764,1.90308975444e-06
-109.781634379,-28.331088017,430.035712968
-113.06703423,-27.1644348706,62.2603987521
-113.383147077,-26.9017196191,11.8532107995
-112.464237225,-25.7908966677,8.49873986426e-09
-112.924184569,-26.1509702956,0.000779838297223
-112.90020328,-26.1275461849,0.000424717625742
-112.866694049,-26.0958186622,0.000167784948802
-107.9272495,-29.0442605417,626.636032645
-111.902700346,-25.5228673647,0.00460763018912
-112.712943892,-25.9640214426,3.15172425727e-07
-111.651596023,-27.6740978667,227.763071965
-107.297719126,-29.2900002219,692.762436043
-112.914863446,-26.1417932253,0.000619007061306
-113.390799031,-26.8560618402,7.82480760471
-113.097036127,-26.3391363222,0.0206138800561
-112.718745578,-25.9686137903,4.42918335675e-07
-107.299074944,-29.2894743089,692.620427957
-112.461938592,-25.7894904991,1.01175778878e-08
-113.360720878,-26.9509218168,17.6703516218
-112.048863157,-25.5804036453,0.00101428097284
-109.027081337,-28.6161935931,510.337427355
-107.996236262,-29.0172367811,619.368210539
-113.129829574,-26.3789843879,0.0307962147635
-109.488924644,-28.440493492,461.240132803
-110.063341795,-28.2274218678,399.929446388
-107.769569294,-29.1060038324,643.232736568
-112.717143211,-25.9673426279,4.03745279685e-07
-112.274496946,-25.6847170486,2.18910138533e-05
-112.84363485,-26.0746433089,8.31904755785e-05
-113.364683821,-26.7338270674,1.97869269633
-112.296114522,-25.6958728199,1.26956210583e-05
-113.005184932,-26.2347602883,0.00453774733225
-112.613464686,-25.8894544327,2.3803279932e-11
-113.06811179,-27.1639168163,62.1182950916
-110.418435352,-28.0991806297,361.853520979
-113.345759759,-26.9724738769,20.7441194842
-113.342071187,-26.6860610266,0.999390361809
-113.210860123,-26.4838574083,0.0435096911353
-108.362048221,-28.8740772659,580.766336588
-113.200933736,-26.4704765924,0.0459939278492
-112.249209636,-27.4738589463,160.706928399
-112.977610988,-26.2054037921,0.0026101907566
-113.069099988,-26.3062857737,0.0137502964929
-112.342399148,-27.4421341887,150.019968875
-107.824930534,-29.0843322377,637.408093068
-113.090768102,-27.1528498835,59.1143391933
-113.3483216,-26.9690945506,20.2403096436
-113.008531848,-26.2383838723,0.00483786079048
-107.641437025,-29.1561175059,656.703333576
-112.508523746,-25.8186220001,8.23588140639e-11
-113.214332644,-27.0842929863,42.0114574827
-112.770023681,-27.2893470667,99.6225600266
-113.202374046,-26.4724080594,0.045770903276
-113.388908941,-26.875865421,9.42185526227
-113.384948588,-26.7957398388,4.19155004502
-112.779160673,-26.0181459884,8.19120414157e-06
-113.053419553,-26.2882768409,0.010715700749
-107.65404072,-29.1511915443,655.378958307
-109.817899505,-28.317650463,426.164398643
-110.038518444,-28.2364894833,402.585607948
-109.210550938,-28.5459861301,490.85220339
-112.068725572,-25.5887794533,0.000791734514495
-111.972759576,-27.5667646899,191.997486959
-113.19389141,-26.461080741,0.0465196898173
-112.625515676,-25.8980837696,1.53404309984e-12
-113.390985642,-26.846972406,7.16379376749
-113.356274874,-26.7147891474,1.5268597634
-112.63974118,-25.9084090084,4.44482164967e-10
-113.261477028,-26.5549612403,0.0324082372922
-113.316508896,-26.6404768138,0.456551024671
-113.226279888,-27.0765844087,40.2674761852
-109.348954448,-28.493371696,476.136879976
-113.149400579,-26.4034492252,0.0373101826055
-113.39034425,-26.8633646492,8.3881645512
-113.339441395,-26.9803881513,21.9560853673
-112.597468951,-25.8781639971,3.83575489543e-12
-109.741001966,-28.3461753253,434.371799202
-112.276247721,-27.4646849483,157.614445862
-109.724949074,-28.3521450543,436.084471235
-113.175614763,-26.4370546313,0.0445801533695
-113.387120783,-26.8064218021,4.71396476961
-111.708224908,-27.6551474234,221.493685243
-110.630372236,-28.0239651328,339.045299452
-113.098800182,-26.3412441429,0.0211094920167
-113.269204028,-27.0462586072,33.7921886714
-111.975280241,-25.5505702961,0.00230879513136
-113.276945323,-26.5778807055,0.0957685721853
-112.450858427,-25.7827567029,2.22563414897e-08
-112.855504687,-26.0854776536,0.000120205051043
-113.070254114,-26.3076233902,0.0139964995631
-107.951485636,-29.034766868,624.083180563
-112.830505165,-26.0628191943,5.4348992808e-05
-109.42667666,-28.4639669571,467.866948468
-111.195244945,-27.8281625872,277.842670186
-113.219142461,-26.4951500611,0.0394328416717
-113.28355865,-27.0349146761,31.5329005609
-112.238294483,-25.6665264883,4.95090731096e-05
-113.34294116,-26.6877300371,1.02556223428
-113.018204995,-26.2489310586,0.00580003054609
-111.825183466,-25.4950056428,0.00869368690006
-111.837713851,-27.6118780385,207.101482951
-113.281942746,-26.5854392224,0.12303618109
-112.240159119,-27.4769248647,161.740648032
-113.177463023,-26.4394614465,0.0449398931672
-113.021654576,-26.2527192344,0.00617940651306
-113.370757539,-26.9329339234,15.3543667669
-113.153814378,-26.4090393989,0.0387217409692
-113.231710559,-27.0729888829,39.4673596589
-113.105607086,-27.1454067858,57.129078762
-113.372465095,-26.9294202997,14.9279194051
-113.344463964,-26.6906759129,1.0730124103
-113.047533843,-26.2815956286,0.00972049236907
-113.381307277,-26.9075259301,12.4562795858
-113.022566683,-27.1852325393,68.0696775199
-112.871986667,-26.1007537021,0.000195610709907
-109.055416808,-28.6053183928,507.329662312
-112.596855699,-25.8777348081,4.60785577609e-12
-113.283058603,-26.5871382541,0.129661041183
-113.390150478,-26.8286787758,5.96192825621
-112.360597675,-27.4359002941,147.923235293
-112.094964797,-25.600065361,0.000559722941004
-112.539221557,-25.8385708443,7.96463035537e-13
-113.339691953,-26.9800846651,21.9087801578
-112.386419353,-25.7450048325,6.52801482872e-07
-113.155841064,-26.4116153462,0.0393538520984
-112.689635698,-25.9458510576,6.8349361661e-08
-113.390590749,-26.834579993,6.33146894246
-109.868136692,-28.2990800953,420.799514282
-112.287622636,-27.460818467,156.311478426
-111.403974321,-27.7573348874,255.025148573
-113.389809136,-26.8251206265,5.74718764773
-112.632798538,-25.9033509283,1.21426722044e-10
-112.533247077,-27.3758849613,127.84855567
-112.44727264,-25.7805931335,2.82180442121e-08
-112.841955213,-27.261426284,90.8290293022
-112.011915628,-27.5536692121,187.597986323
-108.738530393,-28.7275323184,540.934345355
-112.483446738,-25.8027734069,1.61784737351e-09
-111.480528757,-27.7315233225,246.621308974
-113.072807073,-26.3105881695,0.0145524950417
-112.157689498,-25.62811159,0.000219797562656
-112.875814107,-26.1043401836,0.000218206258681
-113.061569729,-26.2975991613,0.012221687074
-112.178358349,-27.49780229,168.780942024
-112.178478486,-25.6377547172,0.000155079498897
-107.054680048,-29.3838897057,718.186958112
-110.418038909,-28.0993222554,361.896122076
-113.054847414,-26.289904118,0.0109686525296
-113.262343999,-26.5562283618,0.0352415311342
-111.849658325,-25.5036196971,0.00718664803415
-113.379382677,-26.7745150919,3.28663472278
-112.951985669,-26.1789004766,0.00149709888675
-111.991148825,-25.5568497853,0.00195584005895
-112.374496316,-25.738273767,1.05198700702e-06
-108.754621636,-28.7212975368,539.22963082
-112.272811358,-25.6838565624,2.2796471771e-05
-113.112073604,-26.3572335404,0.0250524622783
-112.409806569,-25.7584343198,2.29344677844e-07
-111.529079872,-27.7151928194,241.280675553
-107.948725898,-29.0358479189,624.373895212
-112.574985681,-25.8626031659,2.13162820728e-13
-113.178650287,-26.4410101789,0.0451551353175
-113.151961607,-26.4066895222,0.0381344776281
-107.395978042,-29.2518343811,682.465986037
-112.975427021,-26.2031160707,0.00249342026199
-110.210646057,-28.1738877794,384.153225561
-113.028471677,-27.1825316232,67.3040720045
-112.491746132,-25.8079749412,6.92378297547e-10
-113.296194304,-26.6074822513,0.2248927624
-108.04252803,-28.9991034791,614.489142228
-110.35035371,-28.123553233,369.166259871
-113.090404603,-26.3312482936,0.018814994114
-109.049406774,-28.6076241079,507.96766556
-112.273509183,-25.6842126365,2.24178698618e-05
-106.74744202,-29.5012059419,750.23275767
-112.384387454,-25.7438522884,7.09828745919e-07
-113.311806099,-26.6326409161,0.391383955542
-112.359170477,-27.4363896962,148.087790279
-109.426594102,-28.4639981352,467.875735382
-112.971551518,-27.2079046656,74.6186281687
-113.377337824,-26.7679157173,3.03867367032
-113.326777738,-26.9948003614,24.2790394031
-113.241182775,-27.0665675335,38.0597909479
-112.345362502,-27.4411200518,149.678774512
-113.160762685,-26.4178948451,0.0408341620509
-112.168110705,-27.50125539,169.945356504
-109.628873533,-28.3879794838,446.329960474
-113.350254539,-26.9664712008,19.8548347098
-112.686277352,-27.3207343148,109.717905653
-112.727949389,-25.9759568814,7.39918821601e-07
-112.791907979,-26.0290092295,1.36220797162e-05
-111.951831163,-25.5414402438,0.00292006714841
-112.724483929,-27.3065444948,105.129542385
-112.910823024,-26.137844012,0.000558899494172
-112.286024538,-25.6906379906,1.64695162155e-05
-112.461548786,-25.7892523541,1.04168311863e-08
-108.324422593,-28.8887790282,584.741473257
-112.178434233,-25.6377339999,0.000155198342154
-112.855209954,-27.2561630138,89.1944919152
-111.461779085,-27.7378377929,248.681472678
-113.080529305,-27.1578935684,60.4757810809
-113.096898088,-26.3389715516,0.0205753957705
-113.389047739,-26.8749164474,9.34023989932
-111.608265246,-27.6886153723,232.55086793
-111.764255659,-27.636416611,215.276116689
-113.332324028,-26.6679711783,0.746630456924
-111.101170543,-27.8603297652,288.085793928
-112.823440123,-26.0565253924,4.28478545055e-05
-113.235569974,-26.517917724,0.023878215674
-113.189327083,-26.4550327868,0.0464241052323
-112.616697008,-27.3461060071,118.007205731
-113.361292991,-26.7259097435,1.77981517387
-110.277752706,-28.1496566149,376.95755542
-113.296829031,-26.6084826685,0.23040347772
-112.825911996,-26.0587219996,4.65984684623e-05
-110.808811921,-27.9613992729,319.783763377
-112.837345635,-26.0689586331,6.80166774012e-05
-110.516842531,-28.0641330593,351.27174962
