-56.4398445733,31.5819486023,4.59910170606e-12
-111.260392105,30.3528288427,4.03242481841e-11
-54.3899736966,28.2624239956,3.44847769603e-11
-88.4486780254,41.2406010119,3.20574695799e-12
-74.1759030899,40.6364589459,0.0
145.696099072,161.591990559,2589.36873373
-101.547897003,37.8809684557,3.43372007656e-12
-53.0711370048,24.5325449222,2.30647607603e-11
-52.011716306,26.2225688383,9.53984993087e-12
-92.7227782875,41.173141752,1.32815901894e-11
-65.4636875813,36.4819402979,3.47331621286e-12
-97.9304653367,40.1588290242,2.49975729477e-11
-102.743644624,37.5906834241,2.98988726368e-12
-48.8808212689,13.2733101925,2.30365372679e-11
-98.9936892684,38.9204246038,1.61097386709e-11
-73.8931918495,41.017077413,2.87365773216e-12
-97.7076042624,42.0951767502,7.18766268125e-12
-633.348336565,-1380.46293346,5990.55406237
544.229417795,3292.06701276,210666.517798
-86.8581916595,42.5336664774,6.29746607192e-12
-75.3086090842,43.0997869806,1.78494003552e-11
-48.9369413599,13.8495377569,1.00356908833e-10
-78.7887744829,41.5981121922,1.69255608941e-11
-82.8977940165,43.1973444248,6.85069217192e-12
-67.628536187,-202.929551753,12685.0363877
-38.2318356083,48.8279162365,2949.6027872
-53.0421516531,26.3134468814,3.04846250184e-11
-87.9740526229,42.7560375825,1.70374951677e-11
-50.5669186466,22.6896167905,2.58801806846e-12
-66.7217767688,38.0042731366,4.26325641456e-13
-104.423373918,37.0396761125,0.0
-73.3856045439,40.9853861178,0.0
-77.6145319324,43.3342138045,7.14732901613e-12
-57.1455397304,31.4398653189,1.01479836877e-11
-54.9894723537,-385.227294749,4060.15037537
-73.9273289697,42.7193683683,0.0
-85.6641206042,42.0703803392,1.64620154905e-11
-89.2783368334,41.4457352674,6.51804141372e-12
-51.3624436232,17.0150531734,8.97392943652e-11
-84.0213258016,43.6402050606,6.78758635869e-12
-61.9732536788,36.1928974943,8.03284177009e-12
-502.132926211,4830.49663475,8924.94826796
-50.2193823709,22.5758687885,8.55607178066e-12
-57.9237103385,32.9141307723,2.30409359255e-11
-99.2506384226,39.2362618954,1.79978770386e-11
-79.1623045393,41.605971541,3.21614167685e-12
-62.3665463656,36.3252501652,7.75992701371e-12
-50.2478304757,19.8535253881,1.50539940774e-11
-34.9845945379,-349.693563105,2645.70983669
-56.5253709849,31.9858299985,8.08440592837e-12
-63.7063171411,37.300464827,4.0331688961e-12
-62.7671312062,36.5418248265,2.41682612305e-12
-53.4140109693,29.542796495,5.91410976775e-12
-99.8364611658,39.5065787505,2.81142861579e-11
-50.08740747,17.0563123109,9.38801557532e-12
-78.4979434792,42.6860792692,2.10361711078e-11
-107.078160562,35.8238115276,1.92476895826e-11
-58.668282056,32.7090153023,8.68804585641e-12
65.3318333185,385.799025786,10128.9098881
-56.4812842969,29.6252910413,3.83221020534e-11
-106.031275371,37.5838037022,4.4289212474e-11
-399.748937587,-1838.94618722,5925.62245517
-63.536881726,37.207118312,4.36016253338e-12
-55.2139457011,32.0160620321,8.52651282912e-13
-107.452703699,35.2434748565,3.36237112767e-11
-135.657415572,19.9356996218,2792.85352091
-64.2404138447,39.2363551118,8.35388253837e-12
-92.6223259005,41.5942059097,2.46817876041e-11
-83.7210653028,43.1894520077,6.85157476212e-12
-70.6776826552,40.8515849018,3.64788974467e-12
-80.9713246273,43.305409856,1.05825851951e-11
-83.4148335598,41.8610596376,6.35025053015e-12
-93.0604333354,41.8904830178,1.39945683753e-11
-87.0600733201,42.8389624655,6.93009117441e-12
-47.4190084091,25.1097105802,1083.16423518
-2730.86139677,967.712359574,5679.59915674
-97.6559124096,40.0585531578,0.0
145.064354205,130.768587447,5034.30914923
-40.5000732185,12.191168424,1703.31190031
-61.2306249138,37.0225582227,1.57329806644e-11
-83.9884498802,43.9114117968,0.0
-67.9896473351,40.0264560206,1.12531589812e-11
-68.8735261019,40.3559672549,7.9193172791e-12
-94.0420407727,42.785571989,3.20647222328e-11
-63.1750825599,36.5417508932,4.55399107551e-12
-484.581333967,-1791.895821,1206.79330231
-117.069873669,22.2043272932,6.65503385293e-12
-82.9386494665,41.4593665265,1.27897692437e-12
-110.486098502,32.6471486168,0.0
-62.3992444779,37.0380661112,1.70321644893e-11
-80.7990225444,42.2512209704,1.71734703093e-11
-91.7090477288,42.7466040372,3.00284437517e-11
-92.6313273128,42.5025603326,2.11778363904e-11
-51.5931635419,19.8020129761,4.01116523452e-13
165.043847306,-706.211962694,5873.92551984
237.230316605,-1033.90746628,4727.4376139
-101.575171299,39.5480075268,5.97673645039e-11
-90.4630944421,42.9855961215,6.91387217198e-12
-60.9768090241,36.7601771681,3.01603728071e-11
-65.7631823285,39.4034161568,2.69152966781e-11
-78.3004433756,40.9234131119,3.64479747552e-12
40.7737891804,-358.818310658,6115.98710435
-87.1255133371,42.4161025522,1.76461438148e-11
-114.536680658,27.2970981348,4.48046999896e-11
-100.238273244,38.8050238918,7.10519199607e-12
-86.8249128015,42.3731982585,7.04610079998e-12
-93.0218361567,41.7775760077,6.70632529642e-12
-67.4633653186,39.3159638048,0.0
-400.358289726,-2875.82233457,2065.59677479
-70.2922599018,40.7721441778,1.01841119767e-11
-96.1660166939,40.9948559935,2.80031301086e-11
-51.9202624576,25.0896636335,1.39380626721e-11
-67.5740856476,39.8682231644,2.33253308797e-11
146.681152137,-594.713588135,3783.86433483
-37.2899878952,10.8254886206,2243.14721279
-57.5313220702,32.9484593485,0.0
-53.7928370012,29.3135783036,1.18349521665e-11
-77.3669972669,342.783986286,5521.14485302
-99.1908754314,39.9948503346,1.84224061004e-11
-73.6347758799,42.6385450315,6.9461963298e-12
-75.3414020578,41.6794605525,6.49541591061e-12
-106.884236576,35.8400578571,4.08584910312e-11
-50.6701673481,16.1225874374,2.65872114384e-11
-76.9915563823,41.7485953651,9.77730590188e-12
-48.967019115,4.59086065071,278.571251893
-115.484780443,23.8909780449,8.50032319955e-11
-49.6311432725,-20.8752648965,2429.69185246
-56.9368485449,33.6075470135,5.54819272288e-13
-96.7940207232,39.6426143942,7.66192252786e-12
-106.421432715,35.5485639523,2.05510937272e-11
-1018.49320463,15.547488993,5612.14333994
-106.061319683,35.293293199,2.43621042457e-11
-73.9753491914,40.8914891103,3.46731849334e-12
-72.5758850419,41.6341286086,2.68791708821e-12
-112.502470247,30.7198151334,5.89654295569e-12
501.113318984,-2324.46949888,3175.29316633
138.112655064,-152.405835934,8174.55023635
-75.526494253,40.985326086,3.32927341976e-12
-16.8491770652,-4.34245367072,3558.3860191
-101.109758622,38.9750084073,2.63449395092e-11
-88.505927142,42.1544134598,1.03358536856e-11
-51.3607179821,23.1695857129,4.46156248737e-13
-49.5266145409,11.3970787532,1.37176004784e-10
-51.3024674761,21.5227961344,3.20221344249e-11
-63.565999785,38.16413496,1.58444705015e-11
-86.0092427305,43.4990420858,1.73651971009e-11
-49.9747029652,16.792056306,9.67015983449e-12
-69.8392312729,39.5724005615,3.91701118745e-12
-79.9063620731,42.2014753715,0.0
-95.2802971242,41.9321250937,1.81368245708e-11
-75.8158523454,41.3097373139,0.0
-64.6225195785,38.2677979972,2.66030575764e-11
-99.6331470264,40.1556435073,2.59426469086e-12
-90.2805612903,41.6375084686,9.89495020489e-12
1135.70656853,697.688825711,30373.3899704
-428.226438544,-104.71452704,8289.06557719
-96.2787809139,39.7577696661,0.0
-53.9714434802,-438.155640824,5284.52681048
-64.0296539486,37.0830513537,6.68311164582e-12
-66.6566844061,40.3444581103,3.66961479733e-12
-115.876948203,23.4767639275,1.23588243855e-11
-85.0902840258,42.8833238029,1.00054476422e-11
-52.6558457901,25.711490389,1.11833063938e-11
-84.1648029843,43.6921465236,3.79611451167e-12
-78.5242682372,42.4733412929,7.03522594496e-12
-59.7190742011,34.6440012204,2.59199285282e-11
-50.0278255797,17.7624103467,7.29288208452e-12
-62.564199419,38.754846446,3.3246217967e-13
-2924.70698743,28089.8666297,1383.4975878
-90.1618413071,42.2013629647,1.02490156273e-11
-77.1913154026,42.398636866,1.71921405762e-11
-97.0745376232,40.5987774682,7.31748691173e-12
661.702614488,875.44100525,4947.15547279
-128.767356372,-348.74802764,2011.31261576
-49.4747023575,15.8444094993,3.84722357513e-11
-106.726707866,35.0433427791,3.88471102036e-12
-72.3814858552,41.6540556797,9.88560650569e-12
-64.2499629711,38.6924797926,1.07584439444e-11
-66.6772188046,39.2926773622,4.26325641456e-13
-89.9346724956,42.3018323024,9.61191872799e-12
-78.5103391355,46.7482669493,19359.6036606
-49.1149569582,11.3555846555,2.92152688832e-11
-71.572504254,40.0816549804,2.40826188721e-11
-71.8872305542,41.5244245246,6.3835715212e-13
-213.919178127,188.219644434,3669.29755293
-94.7528998882,41.7701206636,7.1111614935e-12
-52.4763049076,23.6137214983,2.92523649672e-11
-53.5963661631,29.1443900443,0.0
-52.3456377999,27.8861529187,1.20837063439e-11
-65.4647573873,38.0275613983,5.80831492717e-12
-117.849015705,14.8032567763,4.64033576006e-11
-56.3829002903,28.7551600407,2.49999964834e-11
-899.372116143,-378.088731246,5811.69595841
-57.9698482722,33.0681615743,8.89973462178e-12
-77.0272505372,42.5311478704,3.25528670686e-12
341.398599418,-1395.02044911,4251.03392643
-85.8397875736,42.2894926325,3.18244803398e-12
-90.6005333491,41.5134782536,6.51149402372e-12
-102.36229731,37.8143398821,5.57282405916e-12
-67.4491590182,39.8755464151,1.11722253077e-11
-84.2141376925,43.4587590188,4.26325641456e-13
-66.3530862157,40.629038439,4.12455908396e-12
-76.6193437027,42.8988374393,9.71213791307e-12
-216.94757031,-188.442843258,2401.18398848
131.101619756,-318.347261831,4257.54559963
-93.2063142784,42.5869811377,2.1081790653e-11
-50.8326043821,24.3240422306,1.39492397332e-11
-70.0743592236,38.8955215639,3.73062657407e-12
-99.6375405621,39.1720872751,2.97528362823e-11
-118.052184819,11.7759486446,3.16763366264e-10
-76.9580104303,43.7886891385,0.0
-189.880558119,1504.73390649,15451.8603465
-77.2238299114,41.3932404176,1.38588648744e-11
-6317.19362924,2309.4341102,3801.61793534
-82.2294271466,43.228337385,2.05726199942e-11
-115.15388034,26.8951789779,5.62666489168e-11
-45.0269247713,-349.653363851,1363.29353995
-103.39095524,37.8221494109,4.52126163265e-11
-51.6546218827,24.6266873977,1.6116391197e-11
152.012861174,903.486328319,4115.65449836
-79.1288066387,43.0386373661,6.97346080644e-12
-65.5346636047,37.9640660703,7.16415450533e-12
-59.470881443,34.4302027524,8.44741090134e-12
-53.4843775714,24.9280148399,2.67226342841e-12
-76.0001988109,41.8664839169,1.36642603002e-11
-92.8397974391,41.9076463307,1.06286565093e-12
-58.4500768745,33.5259862765,8.65727985092e-12
-56.7011129247,29.9552153691,1.39166264845e-11
-98.0573486922,40.7442578235,4.26325641456e-13
-42.5781227179,-338.902626348,1642.080106
-107.558607362,35.1124699367,2.46897779346e-11
-67.9200091096,39.2370369757,1.83902282711e-11
471.988432773,-1008.60445707,5713.9086741
-91.8617527218,41.5665595461,1.01587535363e-11
-57.4644884623,32.755848996,3.58532951004e-13
310.77081828,3047.01180391,6733.04613432
-77.4565479321,42.1056606343,7.78026889043e-12
-711.653002224,-922.066178912,7103.88739343
-46.8380897733,-2.52911140401,1302.55162921
-81.2858592764,41.5548974233,9.6559247862e-12
-54.6349642782,30.2987537955,1.67901840331e-11
-108.107395145,33.8569633331,4.95566993983e-11
-106.583631935,34.7670254197,4.8943447234e-12
-79.4836408912,42.2509189296,7.0593520503e-12
-40.8486433838,57.3938676035,3221.12353502
-65.8723917121,39.6796747566,7.98362330865e-12
-75.7833568783,42.4264971753,3.17564161486e-12
-70.9268017606,39.6507988205,7.98635142858e-12
-56.3694127359,32.4310423345,0.0
-114.396550104,27.9338608854,5.12901539767e-12
-76.2289234499,42.4219014559,8.97544081205e-12
-52.5832678135,24.7667325766,0.0
-81.1136293983,42.2381509857,1.33181501298e-11
-109.274624093,32.5361364427,4.14407801342e-12
-67.7789360131,38.8643204233,3.15600042888e-12
-95.2769065174,40.7275564169,1.36081872675e-11
-91.9201136347,-539.44109896,8867.87292541
-90.5583708136,41.3593123816,1.61409596937e-11
-79.869976278,41.9772636155,0.0
-112.143708433,29.3122477966,1.13048266183e-10
-76.6090131037,41.6623257403,7.32400783184e-12
-62.0157770621,35.3411082859,1.86420799285e-11
-113.435099921,28.1947457295,2.09609537533e-11
-60.3872316469,35.5094239051,2.12431637277e-11
294.403805445,299.291820803,6442.34534867
-86.947139269,43.1022645981,9.96993164856e-12
-51.5310085741,22.9386971726,1.45130532441e-11
-51.7346946094,21.905986469,0.0
-109.731542233,33.2652697893,8.76135296491e-11
-99.0209677896,40.4767953328,3.60621403103e-11
-47.0283956043,20.5312132389,1070.89383489
-62.7053746046,35.3803969372,8.10147276321e-12
-361.591024643,370.221198552,5064.22582859
-70.5951795071,40.9506478389,3.64362401806e-12
-92.9463045061,41.5345235693,4.26325641456e-13
8949.90590119,396.487126126,4720.77087767
-75.4970602936,43.4430028317,7.02009727796e-12
-43.2775815712,43.1588907697,2400.38075529
-56.5881096121,32.3466060231,2.23204977847e-11
-70.5566176214,41.1267688978,1.45440903435e-11
-208.715339753,762.103881123,8072.64320009
-70.0431846496,40.277476165,1.70136488653e-11
-81.2322681815,43.5763291078,1.73797150321e-11
-50.8929086109,20.9759237143,2.81293760395e-11
780.268748562,-17.7601731707,5751.16142142
-90.5144893752,42.4114240709,2.76313309381e-11
-109.149297691,34.4422195694,5.29918671465e-11
713.377569422,-755.788435531,4021.40711594
774.671523446,188.065811436,2878.47302361
-76.7898925287,41.4265416561,1.03703216863e-11
-55.4830006948,29.3136599392,6.39488462184e-13
-65.4002912774,37.4657414368,2.65434421118e-11
-24.5777444709,-189.225256461,10951.2389284
-70.2180535123,40.3238405642,0.0
117.131292919,1249.85409606,6141.53104808
-71.4377395123,41.7586269725,6.8555072206e-12
-80.2062046203,41.1471849876,9.66864450069e-12
-87.7385125711,44.1493664128,1.27897692437e-12
-58.1498003821,31.6881053387,9.28529690345e-12
-54.072029404,27.9512868265,1.66995769714e-11
864.533052546,159.901943321,2521.56806247
-84.1171688355,42.3468105772,0.0
-114.862765956,25.7171292097,9.0635302409e-11
-89.5946412839,42.8690440909,1.00801422985e-11
-71.2714035314,42.2939587877,0.0
320.139254189,384.074004123,6023.09023331
-91.8337337309,41.9962356353,1.30202343704e-11
-65.1388988068,37.0760863089,6.1153908487e-12
-54.6031608769,31.3774821674,0.0
-51.1967392219,20.8157783269,1.2674225319e-11
-73.3668960968,42.4714934303,1.43585455575e-11
1606.58267291,367.83733789,6114.62595831
-49.4886601067,13.7685152406,4.27572123954e-13
-58.6277115187,34.0289964697,7.06638560268e-13
-45.6563365216,4.36077344322,1284.35565533
-49.7065513955,18.7164854549,6.97085640535e-11
-77.8339275841,41.2831600349,0.0
-106.251039149,37.61911419,1.22387586132e-11
-85.1224323994,42.9288348157,3.15053544034e-12
-589.989482804,-2709.52387723,7138.36492724
-91.3988943366,41.1035257134,1.34104653293e-11
-50.1086351705,-367.051534995,1052.65161005
-88.3969291729,42.7336508028,1.06553968051e-11
-57.4706095325,32.9483209905,1.3827902105e-11
-67.1978811952,39.5668131446,7.83446675498e-12
-62.3659656865,37.6195432363,1.24413887672e-11
-81.5691486038,42.8757211878,6.92602946818e-12
-54.0107484536,28.5314545467,1.1870832378e-11
-103.264295393,37.9916249508,4.62324815421e-11
-101.497201033,38.3422890947,2.96503195868e-12
-84.1509155831,41.7599976771,3.18013848823e-12
-94.3778240844,40.8092882462,3.52106845886e-11
-87.6748363907,42.7608416001,0.0
-94.4826550719,40.9576358681,2.87573615542e-12
-68.6547484507,38.3240376273,0.0
-94.6181614204,42.4566416074,1.74109684415e-11
-55.6379039859,-300.747140137,28676.8000256
-65.7927736683,38.4652755634,4.20545118123e-12
156.69211663,219.787243201,3715.76086872
-78.5535517871,42.3898726169,1.33953690585e-11
-81.2110536553,42.8050585868,3.76523251618e-11
-59.6214630265,34.6206724,2.7606158435e-12
-89.5829641044,42.0678990563,6.45759104264e-12
-102.277759158,39.1801406699,3.05995924228e-11
-109.891636729,34.1131540359,3.14556380124e-11
-94.3133933523,40.810329554,1.04129707857e-11
-99.0494711744,39.0038309821,0.0
-51.2632601954,25.2229344036,7.8769684487e-12
-51.01143057,19.2305639434,7.72741396967e-12
1196.95105694,-3760.25867094,1638.45951007
-64.0351033116,38.4119304577,0.0
-118.064984596,19.3278943259,1.87410456212e-10
-50.7559510377,6.85331051641,75.2684946465
-64.0303002092,37.3748086625,0.0
-69.4288618731,40.5915058124,3.87614049647e-12
-288.141988204,-2350.78962945,120767.662522
-66.4291025736,37.9478574137,6.60724983774e-12
-113.639638171,27.0870268523,9.27762287516e-11
-101.520029141,40.5493119006,1.58342846722e-11
-52.6217673373,26.2425310691,3.07737814172e-11
-113.712079316,27.7971611073,2.54282963236e-11
-73.0791281523,41.2113616159,0.0
-87.148697669,42.4656039419,4.26325641456e-13
-71.6893465724,41.2680757,6.90042155452e-12
-66.4000447149,39.2618213611,1.13480614694e-11
-88.2773372272,42.6522207162,3.16438933191e-12
-107.733938808,34.8105288515,3.76217511883e-11
-142.033426846,140.982059408,8349.62324138
-75.2481458308,43.7646991665,7.10100150073e-12
-40.0214624165,52.6427378666,3051.59435906
-114.754932462,25.7364112971,1.45494063807e-10
-61.1420900761,35.932466965,8.32617157114e-12
-87.8475189178,42.3349458282,1.71032537766e-11
-97.6287254125,40.2728378663,3.11119476823e-12
-57.3621444398,32.2925692078,0.0
-50.3460841972,22.2946747522,4.14703582743e-11
-115.38503046,26.7606807761,3.60679949486e-11
-80.7350100417,42.2201101887,1.01837830737e-11
-59.4260642369,35.5134220134,1.12164168975e-11
-52.9634587047,26.4645205519,5.0281212979e-12
-49.3955093116,19.6145911159,1.85462838655e-11
-86.7113969128,42.1560286047,1.64839634477e-11
-71.1701042815,41.1437007526,7.66767008514e-12
-48.8675684042,7.23705894333,270.678783175
-61.9765967765,37.7694855786,2.43644035636e-11
-71.9518368323,41.8803768752,0.0
-95.6724253175,40.8633511585,3.46859210436e-12
-100.844471392,40.7815208881,2.25312114054e-11
-58.437570392,32.9091222406,0.0
-103.775160631,38.9839625402,7.88059053497e-12
-49.8354213383,15.8281558264,1.12725864357e-11
-38.8495933515,40.9478933154,2594.04243251
-111.789316565,29.7424366546,2.34463867957e-11
-56.9249563341,32.1165574398,8.28030478632e-12
-107.372279625,1.85882824694,5068.52854776
-49.1269808254,15.0766582297,8.68944104134e-11
-66.0651980161,37.5121982283,0.0
-119.401414676,17.253659835,699.469578272
-49.4693488253,18.2839263117,0.0
-41.2976683656,-4.20803249605,2280.64263755
-72.2404913838,43.1937250957,3.75400623534e-12
-83.7761287566,41.8739743876,3.20298324284e-12
-113.902981821,27.6241517171,1.14581868991e-10
-117.720091491,18.9592671222,1.46803724188e-10
-57.1064833541,31.6963314807,7.77498428345e-12
-9032.41343118,-3.43363600232,3555.12386614
-54.2014483707,28.0829639289,5.591569418e-12
-62.4299069775,37.4358723488,1.64461227442e-11
-115.582258466,25.9677326214,1.40735654108e-10
-136.652627636,-329.713204052,6801.12047449
-64.9873922092,37.647512026,1.16559803947e-11
-5985.2890965,-923.292101467,30051.0308505
-84.4287284455,41.8495239236,1.33651574425e-11
-97.9665828735,40.9919145445,1.0847451296e-11
-448.71483775,-2193.311849,2135.40108935
-112.921376991,29.2532024328,1.50044313863e-11
-59.0652930483,34.0674242116,7.75042535869e-12
-109.882238939,32.081517675,7.33756770001e-11
-53.3828726496,25.3528236461,1.19695374052e-11
-53.6194621106,29.8922615236,4.26672251393e-13
-114.462064509,-62.4014546914,4286.15212753
-71.1786969958,42.3215864112,1.15341454465e-11
-417.127869121,2556.03470469,6031.02340277
-64.1139306594,39.1821050603,1.17974434886e-11
-60.4821081012,34.5308724528,1.33990306523e-11
-88.921806094,41.8528835005,1.03037954829e-11
-118.358445161,-18.2204227677,1884.54058907
-114.716132553,27.3250245465,2.41556124021e-11
-137.17404436,117.350268248,7030.39584625
-63.2818319606,36.986901125,1.49005076111e-11
-86.2117710556,41.490404139,6.40113945083e-12
-82.5000554361,41.8191341404,0.0
-75.6829087448,42.1741256419,2.40284445735e-11
-51.7778731117,23.7391497563,1.32890571427e-11
-99.9203409923,39.6302098309,4.24571372718e-11
-80.5401975756,43.5331676008,0.0
-99.3239311696,38.8422757788,6.64109119479e-13
-85.5287002139,42.9409301397,6.9188172977e-12
-118.331085469,14.4446860728,1.73954569824e-10
135.017107399,210.08136627,2933.33697026
-87.3495749098,41.5513907367,6.39513655949e-12
-79.9976612787,42.6032583025,3.25178399117e-12
-61.3347534106,36.883640953,5.04854420094e-11
-82.3451018589,41.6638119566,1.0191682029e-11
-118.075695157,20.4127570979,2.36858012806e-10
-100.917047402,38.6416796558,1.83200477454e-11
-110.643363331,31.702870627,2.29354374046e-11
-69.4879685514,40.7221331154,4.23570220184e-12
-85.0195067989,44.2018313465,1.03913477326e-11
-51.5042998702,26.083908949,1.31304016276e-11
-114.090601023,28.8954250294,1.1364811889e-11
-50.5396853429,20.2677851009,3.95729658061e-11
-141.021384472,-355.994173226,5608.36711463
-58.8542411866,35.5283666407,0.0
-50.3759622523,16.3665595779,4.69281198636e-11
-92.5361490152,42.1919178388,4.15631827993e-12
-54.7264055704,28.2450155285,2.65099494945e-11
457.408631271,3766.92875683,152646.988598
-57.8201594576,33.0554225958,3.30323186262e-11
-71.7306913847,42.6896511984,1.08963213382e-11
-88.6115246479,42.5717022841,3.1684086205e-12
-73.7534159278,41.6724471052,3.91533764863e-12
-103.522785505,37.6656012963,8.2187603933e-12
-60.6156738722,36.104621306,0.0
-114.657881104,26.5606009009,1.67574984988e-12
-113.604996845,27.6699496943,5.6807132959e-11
-88.873708276,42.3394907014,6.4309802334e-12
-114.694987749,25.3412203446,1.12212265898e-10
-66.4899275077,37.79464638,5.57360580274e-12
1988.39361682,-3784.8968607,4209.65856849
-83.7336911276,43.413592147,1.36329358407e-11
-70.5951164566,40.7113801833,1.86545639267e-11
-110.220092377,-698.66978245,6580.25055279
-10.0683692734,-1.644813337,3449.45638704
-70.7537199939,41.8590007791,3.90450950729e-12
-57.2193423844,30.7209263234,5.78535864585e-12
-53.2437806226,25.8643007921,1.46615114071e-11
-71.7469619367,41.1061241983,4.26325641456e-13
14064.2999544,1139.6882578,4850.4919406
-88.0925155383,41.7343058554,3.91175138907e-12
-62.844832714,37.1474171252,2.92683769365e-12
-49.8054015858,344.641873032,1746.76869432
-54.9736771556,29.4806912208,0.0
-112.673495204,29.3140267676,2.0098633589e-11
-77.4981354664,43.4486277564,3.92814878216e-12
-84.8125146771,42.7760246079,1.69035450604e-11
145.523575955,162.798282537,2588.11903423
-93.1697611434,40.9258484059,1.34437223634e-11
-71.6962147364,39.2359477599,1.01814261291e-11
-86.7225308017,42.6925583634,3.02293132589e-11
-48.6715738339,5.17981704598,394.895271746
-60.923792893,36.2697624074,1.37488416781e-12
148.318333041,-176.410665405,10478.6242131
-99.2566180557,41.0953239965,7.71137481753e-13
-55.1543969855,30.0487672769,8.16583744187e-12
-49.0691245563,-10.328060997,1305.62670059
-53.3502205721,26.4578939974,4.65269131608e-12
-120.117116793,2.53834256174,870.914249094
-112.241318583,30.9225096111,4.17928443584e-12
-67.9333120023,40.7150452395,4.26325641456e-13
-103.008396524,39.1560466053,4.26325641456e-13
-51.7151806811,23.7505020076,1.45550488615e-11
-92.8984604176,40.7591595359,1.06964299509e-12
-92.3822478782,41.4880312898,3.22191073763e-12
-66.489679454,39.4739568241,7.29821197977e-12
-55.9484922561,32.173477982,5.14872640847e-12
-78.5327614117,42.4044774912,3.39789416541e-12
-54.6478635588,27.4043212431,1.1330439243e-11
1581.92819778,12421.9551108,1926.51329318
-25.6226345588,182.392245823,10720.6557778
-87.4808443984,41.6643611089,3.29703400601e-12
-62.0737281846,38.1419204799,2.056724255e-11
-51.9573970369,24.3207436901,1.55759365352e-11
-69.6529916402,39.2970021638,6.84829620187e-12
-108.831849972,35.2928213897,3.04526511196e-11
1003.08853973,386.571864223,4647.23587276
-63.2000764961,38.2063023197,8.42988921042e-12
-52.4520111574,24.614271992,1.30779108259e-11
-107.819852477,34.2437700784,4.167854051e-11
-93.1119169362,41.1071795644,3.87824299389e-12
-90.6455261863,42.0334546708,1.02754553881e-11
-89.5402001109,41.8531646613,2.00586024396e-11
-58.7174439161,34.2121580639,0.0
-73.2606630011,41.7806504736,6.70603627234e-12
-77.8285778856,43.3414452824,3.72067932197e-12
671.397435897,6.82845772638,584.141805073
-49.3158227299,12.4733016341,4.28780680195e-11
-54.3484545114,-55.6104604609,3835.11044393
-84.3354203922,42.4464139884,0.0
-108.154613387,34.3591613452,4.1652365237e-11
-102.601396114,38.3412006149,4.14714838297e-11
-92.3465299462,43.246102975,1.0863899447e-11
-68.8864432537,40.190675912,4.45159213364e-12
-219.638520001,-548.404293237,2099.03373205
-68.9280030068,39.3133196056,2.22791873494e-11
-49.5741226999,15.6332298004,1.77140314502e-11
-65.7200710035,39.3704880394,8.34389051576e-12
-59.5826791164,34.1045941238,4.42802355086e-12
-53.3966414181,25.287503685,4.33366966499e-12
-102.585996594,39.2955697729,7.83842383334e-12
-69.3557883182,41.3350334309,1.18511079026e-11
-67.6601448046,39.9230779064,1.94169992225e-11
-72.3009357606,40.7525636131,8.52651282912e-13
-115.180333893,25.6803496357,3.34736799825e-11
-464.116923955,897.058264847,5965.39592086
-80.9567592428,42.1188207949,1.01551999739e-11
-58.9037947253,34.684937012,1.13481943936e-12
-23.3659941854,29.1519449356,3571.02230533
-64.721227677,38.8405257303,1.39499248108e-12
-106.825741093,35.6807398636,4.9601256995e-11
-66.5499550685,38.2147224747,1.16877713917e-11
-104.303972669,37.343449844,2.73333852246e-11
-50.5720073278,19.1554660982,4.76109283203e-11
-51.5542740325,23.7040004359,3.3517664233e-11
-63.9296370287,38.2668254365,1.29015000959e-11
-53.4277452288,-107.16649395,7065.90046998
-56.6047366818,29.0044469306,2.03942549383e-11
-61.8331932602,37.1152052931,1.3317331307e-11
-89.2483151625,41.3444055952,1.95044095062e-11
-53.2986909356,29.6565141958,1.23823525996e-11
-53.7740566076,28.9500757292,2.16544561399e-11
-102.618628183,37.2084028904,4.09538900637e-11
-68.498587644,39.7341300165,1.88861548713e-11
-110.903237462,32.1632482142,5.60767843107e-11
-116.680176838,23.1852905437,1.54274494934e-11
-11173.8220162,-567.145808069,7330.47762946
590.978815278,-4664.65471318,2065.29557832
-82.8402760417,42.458823851,0.0
-39.7224183925,63.7457226056,3595.59102072
-92.2011788453,41.3038005384,1.71907787884e-11
-38.5215297208,-28.9121059921,3742.21540029
-69.8906172258,40.1381022113,1.14353551327e-11
-82.9126541489,41.5187646191,0.0
-44.5800375115,10.5019976289,1458.41981633
-109.635972229,32.6809900617,1.12558253704e-11
-53.4709382621,25.3739907453,1.19691704397e-11
-83.8627062656,42.2715200519,1.01308659489e-11
-114.79007012,25.2339716187,2.46838569111e-12
-174.264268839,738.966019778,6192.00689273
-110.922701353,31.9642315487,1.46236182888e-12
-78.5581462625,43.8733257717,3.5146899873e-12
-54.1945340046,30.6864545584,3.09598266805e-11
-117.113563775,22.0663730142,7.5179394375e-12
-18.4061202785,-171.779515083,11181.9863779
-51.3553675599,20.5300910445,3.44979861564e-11
-121.417039789,20.7093497635,1081.94701457
-93.6534758831,40.6966103373,1.01456863841e-11
-108.989194151,32.8912949613,1.79669614386e-11
-69.1063650028,38.9113827099,1.45407426979e-11
-112.130685099,30.0182440833,1.29654149316e-11
269.421466042,-45.9233576063,24972.2774822
-99.0681778149,41.4405811555,2.21081358651e-11
-65.5802181107,39.2799275512,7.85722697856e-12
-73.2343572357,40.2843719117,9.58270364277e-12
-60.2388815784,37.1630447823,9.17846633912e-13
-52.4998634111,24.7678195863,1.44354496781e-11
-93.9687780051,41.5132758504,1.73705882633e-11
-66.0732827857,39.3216653202,8.41551760697e-12
-110.999324702,31.146005256,1.94058842868e-12
-54.8454360068,30.1008607463,0.0
-49.0398015793,5.22385875784,242.21336224
-88.126377276,42.9089900897,2.53416823071e-12
-108.695108915,33.8930458285,5.63103039631e-11
-72.5560037353,40.3928162842,1.06330257808e-11
320.26187344,387.468487803,3340.83760182
-113.55631859,29.6490819518,2.17190205042e-11
-69.4834059742,40.4908783882,0.0
-563.833259551,572.050368896,8236.92343031
-493.574938914,12.9532159534,4556.11400253
-102.246676701,39.1060101835,3.77806586256e-11
-49.8965111985,15.5826990213,2.83791851191e-11
-66.3249378105,37.5412409654,6.63139655899e-12
-74.2437925563,41.6180804888,1.04192971124e-11
-92.4826322414,41.2345716855,3.13197734816e-11
-72.1973676872,41.5542870127,7.47028079268e-12
-95.1656917229,40.6376237266,1.01538876868e-11
-75.9437421399,40.3795349261,1.65444861559e-11
-73.2448762714,42.2845549114,2.17765906664e-11
-112.225608699,29.2704303744,8.86168308553e-11
-62.5233813903,37.1592418835,4.27276862862e-12
-83.1843678017,44.1301487522,3.69665974777e-12
-78.098564995,41.1152777691,0.0
-110.730733038,33.1388998104,4.98939050303e-12
-74.94338683,43.1787826174,3.82683099562e-12
-77.2393795005,42.7072075359,3.78341527846e-12
-118.49591983,13.2756426266,2.6867528058e-11
-59.9845025891,35.3871600228,1.43625963695e-11
-56.1550334062,29.9535939438,5.01354006513e-12
-117.118905347,20.0224580293,3.37834780311e-11
-78.0122786051,42.1977941439,1.67738184496e-11
-77.7938844614,41.4953369435,3.19322017829e-12
-79.1544138365,43.713615558,3.52188358083e-12
-95.1329381047,42.0385680156,4.00903997331e-12
-90.346898105,43.1085289179,1.01047284113e-11
-51.4599143264,23.9210943843,1.30191683929e-11
-103.577577463,38.0446168879,1.88643813151e-11
-86.6899728257,42.2101497149,3.15773260164e-12
-84.1933460327,43.6434210048,1.04893446925e-11
-98.6187871242,40.0074223082,2.9086713761e-12
-56.3501311135,30.5499478306,5.16171835857e-12
-81.2516580297,43.12816322,0.0
-77.9354086193,42.7531760499,3.15934134674e-12
-101.622745515,39.492702457,1.09764997807e-11
-101.413635465,39.8615230122,5.65321345823e-12
-107.264789145,35.1574789336,5.61324498492e-11
-52.9523633094,25.3604078412,1.12276981871e-11
-51.9513073713,25.956904805,7.60420186608e-11
-117.753243798,17.6941147491,1.17765415691e-12
-82.1378536642,43.1322505556,9.99237728015e-12
-79.5246901895,42.7236273452,3.24592708525e-12
-48.8065634544,8.32897542526,287.095765046
304.874430989,-449.099080593,5939.55891564
-77.9847304584,41.3086985456,8.52651282912e-13
-82.0224237308,43.5228166402,0.0
-648.636325591,2695.2528369,4469.49717087
-79.9476959657,42.8849403948,3.15273858568e-12
-57.2174122834,30.63166853,1.33240440205e-11
-136.450116572,-899.568066035,4957.71707933
-76.8371595496,40.9027605518,3.33316529048e-12
-6898.04536326,2.2299155685,4765.43183312
-102.575356978,38.0485267082,2.40921155351e-11
-75.5406054808,41.2578104112,1.68213417889e-11
-69.6231910414,40.6886341312,0.0
-49.1073667763,6.66990419139,109.628809394
-65.2565756151,38.9249447367,1.07357912883e-11
-93.2833820996,40.7074231665,1.36118994896e-11
-53.4293482272,25.2009257323,1.87170057554e-11
-54.3291631333,30.5755359624,5.71483214789e-12
-102.710572661,38.4796320525,2.50216736491e-11
-41.8838363902,367.090647921,1429.54880557
-60.0085455104,37.1644194912,1.2576961634e-11
-91.9850169449,41.6945728112,4.07784066157e-11
-48.5019895675,14.0239248958,670.772606597
-85.8750453533,41.3549193379,8.52651282912e-13
-49.2939196624,-9.12146114438,1231.20696355
-107.156545812,34.950681739,8.55003297894e-11
-12.4720965735,1.35800402906,3805.2175805
-103.624078662,36.845939257,3.51660870097e-12
-75.6451734582,42.4465918603,0.0
-47.5796589467,-28.572155718,9055.24356346
-51.3337180837,-6.74866998305,897.643287519
-58.649570357,32.5869598929,7.02118723399e-12
-105.683096446,37.9406686043,5.17459981984e-11
-44.595670333,-2.70012198617,1740.32437384
-52.3079481548,24.9308271372,1.31486851782e-11
-47.1992906628,14.4053319994,635.785277674
-79.0511345017,41.8306823806,0.0
-83.2550211404,43.7904693233,6.78399638985e-12
-58.4321557973,33.5664685688,1.71113341731e-11
-52.2896751021,20.4155302066,3.99547050796e-13
-49.3100913089,18.9909139342,3.27506431511e-11
-113.44692913,27.5824898022,5.60711218991e-11
-111.262158264,31.80290832,4.47876414142e-11
-48.6955538409,-9.79268597161,1263.70962266
-55.9947466276,33.1540168906,1.26326869935e-11
-66.2735099896,38.4230055498,0.0
-54.2661605208,29.9878128405,5.36326786476e-12
-57.5060624024,33.1567479595,1.01206356778e-11
-93.2646458252,42.3070969619,3.80585090671e-12
-98.4876546127,40.1335304206,2.48339252076e-11
-106.693884934,34.7447570428,6.47921052253e-11
-64.7270942395,38.1106258989,1.92507969202e-11
-75.3447926861,42.7914139918,4.26325641456e-13
-116.79346533,21.1931791588,9.39278500359e-11
-89.2201398399,42.340588726,6.65313282178e-12
-52.4252648992,25.9464524983,4.82621186476e-11
-41.842611459,45.7774581081,2795.1048213
-91.9744931259,43.0427867377,3.83492148813e-12
-63.8919354364,38.0900650116,1.63481531507e-11
-88.3999713559,43.8077886796,3.71651047516e-12
-93.7327313912,40.9943679047,1.59599097315e-11
-70.046856062,41.3661381278,7.46132193302e-12
-68.9315038123,40.1346424661,7.78909377331e-12
-64.3060595225,37.4198727786,2.40060915528e-12
-76.8121392661,43.6329900594,6.99931785121e-12
-70.2472132788,41.0571415279,1.20681051778e-11
-67.9439862947,40.1615765282,3.36713366652e-12
-66.6797060277,38.3587849979,1.47491349316e-11
-113.960059929,26.5556493919,1.63791875925e-11
-78.1699974738,42.6456573541,0.0
-57.9744083946,34.0625746364,9.64059853561e-12
-49.4222702687,13.2472420997,7.54672389939e-11
-57.4283798595,32.2337692897,0.0
-51.5359138488,20.5768443535,1.73063918328e-11
322.416555343,-1160.5278596,6484.5975598
-102.957364973,38.8860195367,3.55643722273e-12
-2892.83391366,20301.1371319,1496957.47333
-105.667500764,36.5878602361,3.31499969983e-11
-116.051675571,24.755806709,9.07413761385e-11
-79.7758214074,42.7045393032,1.8295425682e-11
-35.7126933952,63.1418131033,3903.95699124
-84.8510751353,41.3610745032,9.68431817278e-12
-67.2317168359,39.7683825102,5.83373925849e-12
-46.596501158,11.092743824,2016.63927674
-96.6441123094,41.2535384822,3.34873306757e-11
-1130.83734061,-7.92494959907,1130.33769549
-77.9392689836,43.6371075131,3.79942096909e-12
-87.4376237426,41.4818613329,3.22221217786e-12
-67.2208253322,41.4934594784,4.0915002279e-12
-50.5100375395,16.4117013777,9.77696968394e-11
-75.4373064555,40.2941734265,3.27955916685e-12
-66.1104698946,37.3897280512,0.0
-77.4395245908,41.3766987324,6.74387375769e-12
-80.5699811383,42.7414470925,8.52651282912e-13
381.074354043,-401.38086409,5394.00202862
691.13791131,-1978.85246047,8599.70920479
-86.7289163908,42.0597043079,1.3355400578e-11
323.110443555,-2301.0701406,17688.6209504
-76.3779705156,42.7562440913,6.3898855796e-12
-52.5380851924,27.0143673547,4.09992460912e-11
-56.8880768762,31.2507492052,1.11398852351e-12
-52.3786704852,25.3391210432,2.36274359527e-11
-57.6944376421,33.7295119216,1.82984152417e-11
-59.3600159496,34.3968235617,4.55914033475e-12
-111.979596609,30.0154151602,4.91655822789e-12
-82.3423583311,42.6742156265,0.0
-52.995702115,27.1203276646,3.07041181704e-11
-64.7792307596,39.9060115211,4.15189326488e-12
-84.5792741638,43.0680890539,3.1435341855e-12
-115.6436733,23.8154941464,9.04673775125e-11
-89.2145735017,43.0738238166,3.73703940761e-12
-41.3298687982,52.3181449672,2991.43161637
-111.743231361,29.8101633459,9.49028444063e-12
676.901892477,-2506.26857049,1439.8306262
-62.2586314972,37.3734917975,7.51950364665e-12
-71.522850717,39.8541976816,7.02767282812e-12
-111.803028661,31.4560785874,6.23325586422e-11
-91.1895798996,42.2095612024,3.18641091811e-12
-79.0805583587,42.1933201938,3.27163607436e-12
-55.3406452627,30.7917608721,1.4005140813e-11
664.561013393,257.205122142,6676.47372849
-61.5619896924,36.3321037555,1.37340706525e-11
-110.340662196,32.6519224135,4.17473396259e-12
-82.932709294,42.2092827228,6.94710707488e-12
-52.3432437467,23.8850321351,5.96287488179e-12
-84.5653597736,42.9057199961,1.00018212679e-11
-77.0884279677,43.8237542452,0.0
-96.6990907139,40.6833380709,2.75115611481e-11
-101.777915568,39.6364419627,1.93434638409e-11
-95.5154749608,40.0014300211,1.69299385844e-11
-48.9249299246,3.5975518217,360.751038251
-308.961404527,144.408843905,2391.53668092
-58.1236308362,35.1720831866,1.74054640457e-12
-86.2398674315,44.2511856149,1.40470995616e-11
-74.2349879366,42.2263164504,7.40131037114e-12
-53.416842606,26.7774641544,5.40850718403e-12
-97.8700221337,39.2589868846,1.72100751136e-11
-98.3358918198,39.7016999615,3.89533440223e-11
-76.340801813,42.4947808551,7.96616723306e-12
-54.634501833,29.3801031065,0.0
-116.604416292,24.5889389697,5.37755817706e-11
-74.3691372517,41.6565638606,7.45983687418e-12
1797.88750596,-140.084685603,13691.0653105
-92.0172756707,41.4931588487,0.0
-104.500827221,36.6119516717,3.7095953608e-11
676.476206626,-195.814862528,4782.06732249
-85.041065165,42.8325235535,3.24061760766e-12
-65.3637124766,39.0772372879,1.44071412648e-11
-66.7200798453,38.6668683604,0.0
-78.2510769533,41.6933157165,9.27340316304e-12
-87.1614999644,41.8381625552,3.17626195103e-12
-54.1879992869,27.9047547767,1.67011899581e-11
291.029652177,-134.355358321,11711.185242
-58.8848609358,34.4658259065,3.65425153608e-12
-49.6155226807,14.1218201044,4.13441726039e-13
-41.376695667,2.57063826776,1793.10925077
-89.5281859545,43.3337230245,2.07485724039e-11
190.684919763,104.807275643,8482.61251235
-110.494229344,33.6655545204,3.16709429979e-11
-112.752840336,30.3768790251,1.44211067616e-11
-72.8321347188,40.5405715809,0.0
-43.9844498227,-553.286371156,12216.5625183
-38.3790583277,59.9337909722,3540.06643269
-118.409378313,-15.8558299176,1950.367875
-50.543548273,-9.86860186258,1238.15967113
-63.4570141164,37.8425022391,9.51227123443e-12
-117.147590111,21.2476280786,2.61755495459e-11
-39.0741113016,18.7576411839,2027.6458024
-60.491988371,33.6311285374,1.37114189271e-11
-96.4673431837,40.4003442673,2.76432731077e-11
-78.3889381778,42.650878297,3.16445639183e-12
-117.695582521,18.5533339059,1.57725672836e-10
1052.7970689,57.4935930058,5096.14547217
-73.7708015316,42.1174679788,3.81370823495e-12
-92.9731730103,42.1023034415,3.81960875862e-12
-48.3487882727,2.04741277018,565.299308998
-76.8630991967,42.0537968197,1.37257441529e-11
-43.8160909053,44.6493952661,2426.81857796
-67.0717963065,38.368260199,1.45055396005e-11
-59.4919256093,35.1713615418,2.16147160619e-12
-83.7374323156,43.4169306086,1.05632772027e-11
921.705653632,3048.06109162,4800.86537449
-71.2876812671,41.6571865125,7.0348164229e-12
-101.79439901,38.7346010093,2.55131694935e-11
-73.8858701793,41.291977287,7.36243201621e-12
165.386269176,506.504241341,4209.7575269
-55.5217960162,29.5418012962,5.17485886974e-12
-50.8936497062,24.0550532817,1.78236058636e-11
-58.245811051,35.0593442869,9.59082803206e-12
914.012073176,5891.63315321,3296.65086965
-80.3330212816,41.9997767697,2.03883977374e-11
-580.067435367,917.48210968,2210.80925712
-50.6101945019,17.7302980297,1.98782278121e-11
-114.447305408,27.821006104,7.59240979348e-12
-95.7017601963,41.8937191833,0.0
-65.3497988538,39.0883154475,1.44055941674e-11
-76.9983210917,41.504176205,6.60935283732e-12
-101.649601785,38.7621068079,1.0422616432e-11
-56.9803530175,33.9871685011,2.29373659381e-11
-71.5838499387,41.1110867138,3.45735657612e-12
134.955133454,1614.21889069,1183.49693973
-68.2700112076,41.9353561288,1.13651366335e-11
-70.5726355094,42.2462153859,2.60762952546e-11
-417.882022027,32.2586408341,7685.51868502
-57.483581604,34.3445451459,5.15990418181e-12
-73.9742308637,40.5934382714,7.23595753774e-12
-89.9622143382,42.6062982544,1.39114706816e-11
-64.0509465986,39.8372098743,1.58396605399e-11
-78.4608012656,41.8255083147,7.44254360596e-12
-93.334418041,42.5474275988,1.75968113163e-11
-110.814459727,31.0267836964,8.45941345315e-13
-49.2197173025,-8.91799138992,1229.60784295
-116.801073148,20.8471177877,7.16969531042e-11
-97.2687744285,40.4718324473,1.41069628899e-11
-65.6382409582,37.2481328029,7.4491520977e-12
-89.5181015335,43.801266227,3.71691094213e-12
-51.7394550538,25.609190142,6.34262368635e-11
-79.2437935361,42.6358330754,3.78770737109e-12
-60.6816768242,34.8596575301,2.64377916055e-11
-39.0142472889,45.6718162577,2763.98510936
-56.6419550512,31.8331927337,3.67469366461e-12
-105.977840789,35.3104967739,1.00214901035e-11
-101.323437037,38.714990009,0.0
-113.430924614,28.3308916332,1.17143201209e-10
-767.0929393,10096.3022902,970.154554969
-481.513488244,359.408811884,6497.40229829
-96.7752336737,41.1400793854,2.31231766341e-12
-48.6692033913,15.1192305076,6.20186673537e-11
-114.865279282,26.2808919843,1.43929531877e-11
-54.9576717051,30.8767158551,2.45162338486e-11
-69.2345449226,39.6133513479,1.15084617531e-11
-117.92535452,15.1695430505,2.05802738789e-10
-1149.98879755,-3324.29740468,7766.01403044
-58.5932217976,32.2063423676,1.25221781456e-11
-95.5657747951,40.2116983956,1.78189717602e-11
-113.339010156,27.8700960247,2.75879757723e-11
-41.8870149834,51.2537002755,2903.05189297
-118.191157712,-24.1696865024,2219.1886418
-50.6187265513,16.6799909422,4.641579694e-11
-38.7891387017,11.0067512694,2146.03288956
-76.6946688431,379.433616799,4005.87684364
-82.3908235387,42.0103067308,1.64775755265e-11
406.76749742,-1119.42798471,46664.1718697
-84.3537765477,42.6322847556,6.91355429222e-12
-80.3712163662,43.2744750912,6.82876504785e-12
3.14912868246,165.024060551,5973.73615501
-93.8449370577,42.016894804,0.0
2477.77691536,1748.02138812,5543.40669803
-50.2826557475,18.9794721885,1.50576892112e-11
-342.433414862,1666.83427242,35597.940958
-62.2904724184,38.1989430929,4.26325641456e-13
-61.4746612257,38.3129947472,2.08495574266e-11
-54.1797024057,29.5031098922,1.14749299325e-11
-108.590988657,33.6365744221,3.72188118989e-11
-61.7921181296,37.4629743009,0.0
-108.059752722,34.3917560705,3.66086805472e-11
-60.5087820855,36.2740293271,0.0
-66.9878946441,38.878918732,7.09996849845e-12
-113.567855063,28.0361334539,1.02383628684e-10
-111.163223669,31.2447708946,1.44575959061e-11
-89.7169180179,42.6212387585,3.78858429144e-12
-119.237758228,12.6771276768,338.28041733
-99.8230496963,38.5923588457,3.7431884019e-12
-88.7211229538,43.4348821131,1.37278072175e-11
537.813591627,-1272.67379155,8577.64895074
-69.4373520479,39.5530125804,0.0
-42.8899709701,46.8446432186,2640.09297881
-90.3298210323,42.0764316527,1.02686959751e-11
436.546898057,319.020884982,5726.99468372
-86.7285824555,43.4838345133,6.81856744456e-12
-71.3503293739,41.9747883575,7.29138606629e-12
-91.2322308956,41.5194565404,3.22037485968e-12
201.006548063,-1575.73557516,8915.2055518
-73.9767723923,42.018203125,3.597208987e-12
-77.898735824,41.449151658,1.36626720876e-11
-39.0680296912,60.5182673821,3462.01514507
-118.264142316,17.0809745531,1.62539240391e-10
-62.6190661997,37.7490995396,4.26325641456e-13
-119.102418074,11.1209826872,4.1289723138e-10
1438.02515943,-1082.0479036,6573.03811471
-69.7534860133,40.8798037885,7.10398908569e-12
-59.0304010687,-354.812981704,22670.5207896
-84.4582074428,41.7981829628,6.37077155255e-12
-117.621251373,21.7266200808,2.38964995958e-11
-66.5499544063,41.0368035362,4.1090149141e-12
-70.6116867381,40.5820810059,7.43534593877e-12
-90.0302536309,41.2099346938,4.26325641456e-13
-90.2682862402,42.508746599,7.59494454562e-13
-117.260635446,21.9734706599,0.0
-66.0029841608,37.700593004,1.11726875126e-11
-87.3371216666,43.1972927,1.02690249014e-11
-49.4570160318,15.1948294635,2.31866415286e-11
-108.624808614,33.095325096,4.49626145774e-12
-58.9571072333,31.6104762808,4.31974622282e-12
3037.96007367,14856.2652519,5443.37331284
-107.034123497,34.4577970864,6.06742471259e-11
-659.939548919,-2345.36375167,632.685968126
-99.1823241588,40.6970282086,0.0
-43.3663558549,-6.47341093274,7352.10055502
-97.5380126406,39.8919034786,4.17762095682e-11
-107.211703152,34.9710454129,2.20249691646e-11
-89.6365107026,41.830497867,1.74115229909e-11
-68.1342270021,40.341359318,3.1089882364e-12
-107.320573223,35.7875556965,0.0
-100.900483663,38.6673439784,1.34392672948e-11
-69.8534469037,40.432577521,7.45057658103e-12
-112.427208552,30.4762657939,4.95751041469e-12
-49.940576224,17.8548029736,8.23816298817e-11
-98.1474448824,41.0980403301,0.0
-82.3628067389,41.8563782452,3.20384926505e-12
-117.198736833,22.3203649602,7.64060571419e-11
-227.605868761,-1631.91580971,2467.18918787
-100.821066531,38.5747722217,6.56967833328e-12
-65.1748998436,36.8503423209,0.0
-63.8749083362,38.9901347695,1.3081761922e-11
-59.4574242287,36.6801984482,6.83811097959e-13
-285.544868417,-3233.11299461,4523.13696298
-64.9141516147,37.59250559,1.93381292046e-11
-51.6743346405,26.1847556469,2.69474976054e-11
-116.987296405,21.3759980745,1.30598129226e-10
-43.2368730158,51.5003299197,2873.66645766
-58.4122531544,34.559811864,1.32548775414e-11
-51.054011825,18.038395953,0.0
-104.906146634,36.1935483332,0.0
-76.1088015952,41.4450069799,0.0
-55.3372927609,28.1334125094,2.15101790605e-11
-91.0739816207,40.939911497,0.0
-104.88716111,37.6241107636,1.98523176469e-11
-51.176505663,-23.7614204596,1926.47710983
-85.3531282342,43.6264003644,6.80251813442e-12
-53.3728579438,23.1237892005,6.68861719842e-12
-50.7139634575,18.3048343431,5.13189406214e-12
-69.7113678256,41.0660603338,3.63864531035e-12
-53.3651032192,24.9723382631,4.29604453073e-12
-101.087517704,39.034822945,3.97155474117e-11
856.115323118,537.022329704,1314.91274506
-49.4682945455,14.1670302567,1.15891595222e-10
-66.1956607582,39.166689978,1.10126521282e-11
-107.305336803,35.2525225857,2.45801584028e-11
-84.0720120974,42.4017851415,0.0
-63.4117750017,37.8791028445,2.74747132952e-11
-86.2949187004,41.3924372493,6.45315405074e-12
-91.8019496515,41.4832322644,3.30567396519e-12
-51.0444592537,21.6748501228,3.15241137091e-11
-88.9087609045,43.9879040652,1.05071395096e-11
-229.020391263,562.247117807,2044.01975744
-77.6713006863,43.4228021928,7.02230263698e-12
-53.1504515727,28.011904711,1.54554281154e-11
-89.1069623439,41.4282793785,1.31297435227e-11
-74.9263157272,41.5556454237,1.78542118166e-11
