-12.6204940186,31.9149496772,2.60074281761e-06
-11.3508759356,32.099596037,6.97461412673e-05
-12.0685795351,31.9931825349,1.34701328301e-05
-14.9064875828,31.6291390619,1.31282666133e-12
-11.8031626633,32.0319397544,2.61183955497e-05
-14.3530863607,31.6922136347,2.67860272992e-11
-14.1461170494,31.7168576181,3.6611634216e-10
-14.1790175197,31.7129026338,2.54424380131e-10
-15.0628119643,31.6120861318,5.59973571885e-13
-16.6482443003,31.4594092145,3.64383331263e-07
-15.8847523845,31.5282095749,3.78154143055e-11
-14.1585325638,31.715363487,3.20039800732e-10
-13.4816098555,31.7996877906,6.18809875864e-08
-13.0795676607,31.8524305953,4.50365289647e-07
-11.6360509313,32.0567052193,3.829147793e-05
-15.3495986674,31.5817025933,3.29096842751e-12
-16.2294084425,31.4960342404,1.56715420842e-08
-13.645517258,31.7787439882,2.3051706254e-08
-15.323318604,31.5844377134,2.6053666827e-12
-13.7567215133,31.7647232071,1.08873384924e-08
-14.7707880606,31.6442184756,6.64738255855e-13
-12.0914144339,31.9898817915,1.26805633147e-05
-11.5506152595,32.069472604,4.61357984312e-05
-13.371941804,31.8138835778,1.12277745343e-07
-15.2093170477,31.5964177152,6.22725222923e-13
-15.973926313,31.5197111223,6.15700152765e-10
-14.1441075217,31.7170996409,3.75123241859e-10
-13.6374208011,31.7797707903,2.42795063721e-08
-14.0689782421,31.7261855951,8.11774600736e-10
-16.2073054886,31.4980430251,1.26970187692e-08
-11.3714437554,32.0964765583,6.69328241532e-05
-11.0395507633,32.1472958479,0.000125520103238
-12.148914043,31.9815943121,1.08630745376e-05
-12.798302511,31.8904518104,1.38718586046e-06
-16.2463238208,31.494502019,1.83230933086e-08
-13.9084238469,31.7458460071,3.4303279942e-09
-15.5743466985,31.5587221562,5.24061651068e-11
-14.5719084575,31.6667761186,1.46001806045e-12
-15.435834596,31.5727978364,1.15398375972e-11
-14.0529901656,31.7281285677,9.49116351207e-10
-16.7644036179,31.4497421398,7.31778346085e-07
-13.2608486565,31.8284110766,1.96348611812e-07
-15.8887271422,31.5278282127,2.35046204278e-11
-14.6663258831,31.6559996357,7.64893217534e-13
-13.9146628444,31.7450758765,3.25888505607e-09
-12.4200632293,31.9429826312,4.95968225252e-06
-13.0376958095,31.8580331921,5.38677082992e-07
-14.6984254773,31.6523635552,2.79935837569e-13
-13.7495850895,31.7656183537,1.14504203156e-08
-11.8053604736,32.0316158945,2.5982956732e-05
-15.0779002047,31.6104584026,1.81536124787e-13
-12.9606055461,31.868401158,7.40708801627e-07
-15.4091619838,31.5755405204,6.95331635214e-12
-15.5011466938,31.5661257603,2.4315009526e-11
-15.5206101129,31.5641495097,3.12089862794e-11
-12.9704619142,31.8670717466,7.11705131855e-07
-12.1374766186,31.9832400569,1.12059239398e-05
-15.878498754,31.5288100682,5.98190947893e-11
-16.3902764584,31.481642265,6.11740554411e-08
-11.7833500812,32.0348614323,2.73661069636e-05
-15.2582028022,31.5912576207,9.32556860058e-13
-15.1434654845,31.6034226392,5.01438478798e-13
-13.3065634602,31.8224151824,1.56795633494e-07
-16.6834226117,31.4564588879,4.52648350415e-07
-12.4778716262,31.934852421,4.14294385434e-06
-12.893953234,31.8774203256,9.64887008677e-07
-16.4059179287,31.4802644096,6.89665446125e-08
-15.2008494188,31.5973149862,7.26246999314e-13
-14.0128404977,31.7330223118,1.38510420567e-09
-14.6925565391,31.6530273067,5.05801626838e-13
-11.660566142,32.0530548723,3.6256895706e-05
-13.4657400172,31.8017330316,6.76491453736e-08
-12.5977352948,31.9181106559,2.80742016225e-06
-15.694846489,31.5467066994,1.28933291414e-10
-16.6721268239,31.4574040951,4.22448763362e-07
-12.5040101065,31.93118819,3.81307584709e-06
-14.6747634441,31.6550425073,8.4388688377e-13
-14.2759478118,31.7013327917,7.88163049959e-11
-15.5870326689,31.5574470836,5.83148395862e-11
-15.3960933283,31.576888118,5.35328269527e-12
-13.1115893677,31.8481597391,3.91539425132e-07
-14.6895561746,31.653366817,1.02049931754e-12
-15.6407422799,31.5520750295,8.94449896277e-11
-14.7880505607,31.6422860597,6.64739285531e-13
-11.5352947237,32.0717695856,4.7673713262e-05
-16.4334240886,31.4778506796,8.48080247463e-08
-14.8391896285,31.6365855532,9.07425788298e-14
-11.9897143762,32.0046237285,1.65227693434e-05
-15.5305820863,31.5631391414,3.45042824142e-11
-15.079467765,31.6102894778,3.45815308498e-13
-15.2196788754,31.5953211214,5.60015958474e-13
-15.1497761853,31.6027486637,6.91665350277e-13
-15.305091548,31.5863405685,1.16994070738e-12
-13.8277173212,31.7558527023,6.4759107293e-09
-16.3397298658,31.486121027,4.09565412342e-08
-11.5325350345,32.0721835825,4.79551818581e-05
-11.0187741669,32.150510817,0.000130247066265
-13.0374289215,31.8580689679,5.39286177166e-07
-15.4387533294,31.5724983385,1.27098523347e-11
-12.2413115334,31.9683493857,8.40364782654e-06
-15.0326401987,31.6153507253,5.59965316258e-13
-13.6751310486,31.7749952388,1.90101715201e-08
-12.3712928947,31.9498697698,5.75146741985e-06
-14.2099276318,31.7091997681,1.77860181411e-10
-13.7965682042,31.7597368123,8.1672641883e-09
-14.8687626271,31.6333055602,4.63349477429e-13
-14.5582732095,31.6683423905,4.35869410604e-13
-16.1357777695,31.5045953092,6.09098828047e-09
-15.0989365709,31.6081943624,3.45820133908e-13
-13.5709465043,31.7882316818,3.67008601612e-08
-16.8428291557,31.4433373477,1.13887313363e-06
-16.4391426054,31.4773503542,8.84706121123e-08
-12.9300798765,31.8725254823,8.37073437348e-07
-13.358305878,31.8156587857,1.20525125029e-07
-11.0631140992,32.1436543939,0.000120327254986
-16.5622103503,31.4667074346,2.09346693703e-07
-12.3649117628,31.9507727765,5.86259139133e-06
-14.043725355,31.7292559932,1.03721881684e-09
-14.4856757456,31.6767238326,3.92701975737e-12
-12.1234584208,31.9852590129,1.16385364748e-05
-14.4587435412,31.6798511945,5.06205544356e-12
-14.1036497173,31.7219834315,5.73942127114e-10
-16.3060776202,31.4891249099,3.09773326268e-08
-11.3714839991,32.0964704586,6.69274094957e-05
-13.2144385312,31.8345235333,2.45057219528e-07
-13.3078323958,31.8222491054,1.55803163483e-07
-16.783906484,31.4481401852,8.18498328634e-07
-14.2946600395,31.699113456,6.00865888386e-11
-14.0376201813,31.7299995293,1.10035060661e-09
-15.0656829156,31.6117761638,8.39961533569e-13
-13.3467842636,31.8171604776,1.27901126751e-07
-15.5010179774,31.5661388482,2.56164731099e-11
-14.6302411117,31.6601039228,1.06966805769e-12
-13.279898274,31.8259095329,1.78925690157e-07
-12.1237325732,31.9852195088,1.16299437714e-05
-14.5631633915,31.6677803694,2.31661559729e-13
-12.2684424545,31.9644773211,7.77808629468e-06
-14.2337757042,31.706351433,1.3214189515e-10
-16.3771561204,31.4828009825,5.52307845257e-08
-11.1907738566,32.1240141502,9.51203437002e-05
-15.2671589575,31.5903159777,9.21622707239e-13
-11.3615118612,32.0979824087,6.82794941362e-05
-15.0587396938,31.6125260025,5.8482774786e-13
-14.7969216839,31.6412945984,1.62170179817e-12
-11.4662291571,32.082152589,5.51416075945e-05
-15.0848235344,31.609712587,2.7998978691e-13
-13.1484829403,31.8432539469,3.32093299547e-07
-11.7436896843,32.0407217465,3.00133122908e-05
-16.8218184974,31.4450435528,1.01370238792e-06
-14.6910079777,31.6532025209,9.65813660305e-13
-14.6782913576,31.654642601,1.26262109197e-12
-11.7564037461,32.0388413814,2.91424516916e-05
-16.4308468269,31.4780763373,8.31973664201e-08
-11.6029880503,32.0616376486,4.11844605858e-05
-12.913267977,31.8748014934,8.94616095037e-07
-15.4795882607,31.5683212085,1.90835626058e-11
-11.9014837818,32.0174990609,2.06059216838e-05
-13.2212753268,31.8336214913,2.37286673286e-07
-11.9639018281,32.0083822954,1.76399853336e-05
-12.7082387709,31.9028164091,1.92080594829e-06
-15.1194128559,31.6059966248,2.3168517214e-13
-15.1491883989,31.6028114146,5.01441175334e-13
-16.8360218214,31.4438893719,1.09687799757e-06
-16.7835810914,31.4481668628,8.16973343379e-07
-12.3486816988,31.9530714911,6.15346883645e-06
-11.2364185175,32.1170282376,8.72245661221e-05
-13.4712195733,31.8010265029,6.56079692249e-08
-15.3593041789,31.5806950099,4.01058927348e-12
-16.3338609119,31.4866436358,3.90416480256e-08
-14.1427009802,31.7172690726,3.79526100466e-10
-16.1779019819,31.500726992,9.49469641063e-09
-16.076485684,31.5100863291,3.03350948368e-09
-15.5047489065,31.5657595849,2.77134260652e-11
-13.928008851,31.74343013,2.91510257715e-09
-14.4959924302,31.675528439,1.4217945254e-12
-14.1739815972,31.7135070913,2.68144122744e-10
-12.4130060195,31.9439776359,5.06816947302e-06
-11.1995242533,32.1226734062,9.35633622309e-05
-11.9586581965,32.0091466529,1.78745083309e-05
-14.0293019015,31.7310133663,1.18851027853e-09
-12.6040833526,31.9172283943,2.74840952518e-06
-15.6942782426,31.5467628561,1.27416600208e-10
-15.7233384489,31.5438971552,1.46143470061e-10
-14.5083345572,31.6741002363,1.37718615643e-12
-15.6248243569,31.5536626994,7.96571411224e-11
-15.0885989513,31.6093061662,6.64756853021e-13
-16.8615291738,31.4418247499,1.26169623012e-06
-16.001975104,31.5170629391,1.03860832535e-09
-15.8880694014,31.5278913039,2.51124329389e-11
-12.92236624,31.8735693607,8.63069768116e-07
-15.0015199725,31.6187313836,6.39488462184e-13
-15.3312936038,31.5836066535,2.07526047163e-12
-13.6434445926,31.7790067689,2.33585212288e-08
-14.7461821029,31.6469800341,8.39827950017e-13
-12.8907544136,31.8778544552,9.76974153547e-07
-14.3617233962,31.6911974824,2.395477713e-11
-14.9509541262,31.6242534755,2.7997139981e-13
-14.4561324722,31.6801549081,4.59214306397e-12
-13.4641652434,31.8019361488,6.82492169621e-08
-11.7559586191,32.038907187,2.91725778512e-05
-12.0142278788,32.001060633,1.55173617184e-05
-14.5021290031,31.6748180729,2.02634317653e-12
-14.9242309808,31.6271862648,3.45776383328e-13
-13.7326208388,31.7677487916,1.28910747539e-08
-12.0782245708,31.9917877037,1.31317334398e-05
-14.6656467111,31.6560767209,3.45709791354e-13
-12.4671815043,31.9363531584,4.2846853156e-06
-12.4895098323,31.9332199976,3.99318751023e-06
-11.2328722291,32.1175703039,8.78182398954e-05
-13.4215273802,31.8074470716,8.62657779991e-08
-14.7267509759,31.6491666962,5.05807710518e-13
-15.2583667666,31.5912403713,4.21087001023e-13
-16.8482725785,31.4428964626,1.17347514541e-06
-14.6660538131,31.6560305146,6.69885215377e-13
-11.4625632053,32.0827049932,5.55634418964e-05
-16.2059947453,31.4981623865,1.25408976284e-08
-13.3270845776,31.819731756,1.41414357219e-07
-15.5023195975,31.5660065104,2.68826261753e-11
-11.9036124927,32.0171874901,2.04983134855e-05
-14.7898462867,31.6420852767,2.72211636528e-13
-12.1894691325,31.9757698141,9.71777215977e-06
-15.98840416,31.5183427258,8.14307661961e-10
-16.3256990592,31.4873713101,3.65066319855e-08
-13.7392658969,31.7669138509,1.23078140133e-08
-13.4882766888,31.7988295083,5.95872248026e-08
-16.6109724329,31.4625565708,2.87839353409e-07
-16.4196704621,31.4790561119,7.6528168301e-08
-14.9224135624,31.6273860837,0.0
-16.5108726818,31.4711181406,1.47735038932e-07
-16.030952377,31.5143396644,1.62931082507e-09
-16.8316168854,31.4442469762,1.07046069501e-06
-16.4756949327,31.4741644309,1.15353220437e-07
-14.4643456157,31.6791998821,5.85593169279e-12
-13.6858587444,31.7736399224,1.77043573119e-08
-16.0196573911,31.5153996426,1.3780448569e-09
-15.8790039227,31.5287615384,5.79895046694e-11
-16.7014400986,31.4549554281,5.04821432001e-07
-11.0403181232,32.1471771815,0.000125348201996
-14.5604010137,31.6680978055,3.4568206924e-13
-12.8836265347,31.8788222384,1.00436842404e-06
-13.17299355,31.8400035519,2.97059785418e-07
-15.5737796976,31.5587792011,5.32931379368e-11
-12.9510278691,31.8696940483,7.69858325295e-07
-16.4603984494,31.4754951302,1.03333634863e-07
-14.3725056999,31.6899303271,1.93641539785e-11
-11.4384799938,32.0863371727,5.8401122118e-05
-11.9991829855,32.0032467133,1.61281285568e-05
-16.5913505928,31.4642223519,2.5357452324e-07
-15.1988335657,31.5975287469,3.45844694845e-13
-11.8928091689,32.0187692036,2.10493345534e-05
-12.6544747693,31.9102407128,2.31639156437e-06
-16.1420907592,31.5040138418,6.51897778138e-09
-15.6629914268,31.5498621655,1.05254632253e-10
-13.2238733557,31.833278854,2.34388321266e-07
-12.1571817258,31.9804055158,1.06207861074e-05
-12.0878964906,31.9903899519,1.27996034139e-05
-12.0600114054,31.9944224346,1.37768768698e-05
-11.1072242336,32.1368512407,0.000111072253806
-11.3722795902,32.0963498736,6.68204947894e-05
-13.7995668996,31.7593623624,7.98965682216e-09
-14.1762010802,31.7132406479,2.62029350319e-10
-13.7284985032,31.7682670331,1.32642257337e-08
-16.8598695625,31.4419587642,1.25032921495e-06
-14.2049389724,31.7097965382,1.88990845798e-10
-11.0146234848,32.1511535611,0.000131208330615
-15.5155904835,31.5646586546,3.22689831305e-11
-13.8553920958,31.75241207,5.23764051725e-09
-16.2613961936,31.4931404704,2.09936383108e-08
-12.3766998145,31.9491049675,5.65871381872e-06
-13.2118520636,31.8348649339,2.48056782211e-07
-11.2379641567,32.1167920163,8.6966843117e-05
-15.1389366739,31.6039066602,5.01436343415e-13
-13.3388395077,31.8181968988,1.3321115168e-07
-16.6893915307,31.4559602418,4.69383901041e-07
-16.036615373,31.5138089522,1.76928415191e-09
-16.1612094606,31.5022566214,7.99428756664e-09
-16.5665005952,31.4663407192,2.15401746255e-07
-16.5009431422,31.4719760375,1.37872098186e-07
-12.8554153856,31.8826582578,1.11937107964e-06
-14.0733806906,31.7256511603,7.76917101057e-10
-12.9454339739,31.8704496548,7.87337130751e-07
-11.3443279523,32.1005899951,7.06618308343e-05
-14.9084934548,31.6289180801,3.45772392839e-13
-15.7553268057,31.5407572544,1.63331862465e-10
-16.844344444,31.4432145705,1.14841176474e-06
-16.7907741894,31.4475775258,8.51144372486e-07
-16.0660580935,31.5110575906,2.65212943109e-09
-13.3880644008,31.8117875209,1.03157349858e-07
-15.3861388461,31.5779162568,6.17575550754e-12
-14.6140610068,31.6619500049,5.59847409284e-13
-13.2368306612,31.8315711898,2.20389065476e-07
-11.9436780523,32.0113318343,1.85589522753e-05
-15.2666716916,31.5903671788,1.34297946062e-12
-15.0849168771,31.6097025363,6.95051269836e-13
-12.9603086805,31.868441216,7.4159588637e-07
-14.4909454756,31.6761130508,2.67902028903e-12
-13.3000387593,31.823269432,1.61977655855e-07
-12.967653613,31.8674504122,7.19866995035e-07
-14.7679746314,31.6445338084,1.81469645239e-13
-11.0779780047,32.1413599366,0.000117141630717
-15.2230824688,31.5949612539,5.01475803965e-13
-14.0830136489,31.7244826407,7.08638841373e-10
-11.125471234,32.1340421832,0.000107416041267
-14.0326496351,31.7306052355,1.15108262937e-09
-13.3160932831,31.8211683981,1.49479415783e-07
-16.8475442815,31.4429554228,1.16879317833e-06
-16.0631837453,31.5113256094,2.55865577028e-09
-14.1774571945,31.7130898829,2.57901002028e-10
-15.3553451413,31.581105855,3.67969683015e-12
-14.2715699534,31.7018526865,8.139532801e-11
-14.0392650372,31.7297991586,1.08209922568e-09
-12.1821205299,31.9768239381,9.91737863436e-06
-15.385591658,31.5779728143,6.09838065996e-12
-16.0799556606,31.5097634924,3.1657840268e-09
-16.0184483717,31.5155132182,1.34793000901e-09
-13.2683533708,31.8274250635,1.89317233863e-07
-14.635549173,31.6594990707,9.21084301841e-13
-14.1508871285,31.7162833312,3.46285508637e-10
-14.334581903,31.694394023,3.59419331384e-11
-15.3982246094,31.5766681778,6.43253396655e-12
-15.9372391288,31.523192911,2.43612175658e-10
-11.2771042539,32.1108176233,8.06441325515e-05
-14.7016274391,31.6520016259,6.95002778068e-13
-14.297802115,31.6987412473,5.94903683627e-11
-12.0065096875,32.0021818254,1.58282172405e-05
-15.8377182071,31.5327403917,1.45193363306e-10
-13.5384155186,31.7923920185,4.45753863902e-08
-15.9931982952,31.5178903025,8.87545857103e-10
-11.3017405884,32.1070644461,7.68603167125e-05
-13.8916861176,31.7479145223,3.92810574106e-09
-13.0935624507,31.8505625873,4.23781713591e-07
-13.9275100601,31.7434915971,2.92749345046e-09
-16.607906609,31.4628164396,2.82224755198e-07
-12.4275853399,31.9419226712,4.8462282326e-06
-15.2334636146,31.5938646633,5.84929387785e-13
-15.1976185995,31.5976576097,5.44683245863e-13
-16.0476091038,31.5127800626,2.07198341017e-09
-13.3466634762,31.817176229,1.27977973813e-07
-15.1078311856,31.607238965,4.35881822899e-13
-16.5980355915,31.4636541492,2.64822045534e-07
-14.66912335,31.6556821928,6.22514568328e-13
-11.686519139,32.049196874,3.4201529486e-05
-12.1771167049,31.9775420384,1.0055266777e-05
-16.7251500253,31.4529848507,5.81610140647e-07
-13.6640364102,31.7763984147,2.04439821013e-08
-11.4536956247,32.0840417376,5.65947985007e-05
-14.9455792919,31.6248425461,6.2262422364e-13
-13.0028481752,31.8627114068,6.23179243141e-07
-13.0558774828,31.8555979229,4.98653451014e-07
-16.8529388131,31.4425189044,1.20389964348e-06
-16.113726633,31.5066311635,4.75411906441e-09
-16.1189081312,31.506152115,5.04516039409e-09
-11.2343314657,32.1173472388,8.75735579777e-05
-13.8112594762,31.7579033781,7.32696444258e-09
-16.618591883,31.4619113679,3.02204442581e-07
-13.8345171535,31.7550064268,6.15101946549e-09
-11.3576757973,32.0985642734,6.88055314231e-05
-15.8855816362,31.5281299918,3.70973764183e-11
-12.2499696625,31.9671128711,8.19955381742e-06
-15.0139399309,31.617380542,2.79980091441e-13
-16.2026061808,31.4984710851,1.21349056938e-08
-13.4651125265,31.8018139629,6.78885013351e-08
-16.5599746956,31.4668986459,2.06256094421e-07
-13.885843522,31.7486374097,4.11827008303e-09
-14.7208380768,31.6498331268,5.84624399579e-13
-13.4286090248,31.80653025,8.3013811666e-08
-16.1993038761,31.4987720959,1.17494509668e-08
-15.1257702854,31.6053154869,6.45898788252e-13
-14.7693865769,31.6443755421,3.62939908315e-13
-14.3692379899,31.6903141912,1.99368168835e-11
-15.5531777544,31.5608551345,4.2763228376e-11
-13.0485005325,31.8565855361,5.14570636979e-07
-13.7982810541,31.7595229133,8.06578647178e-09
-15.8022703435,31.5361770761,1.66923270646e-10
-12.8628168861,31.8816509617,1.08815501105e-06
-13.7203702453,31.7692895016,1.40256425138e-08
-14.8913968873,31.6308033628,5.59926230959e-13
-15.465763452,31.5697326642,1.68675106957e-11
-15.8961713854,31.5271146086,5.62483563886e-12
-16.7831278135,31.4482040281,8.14871772167e-07
-14.7876573918,31.6423300265,2.31671289696e-13
-13.3217067516,31.8204344966,1.45312672124e-07
-14.239706141,31.7056442778,1.23723868373e-10
-16.3343049604,31.4866040761,3.91885405321e-08
-11.362159355,32.0978842088,6.81910291375e-05
-15.1778957884,31.5997524173,9.07784992082e-14
-16.3532570469,31.4849185245,4.56906373031e-08
-15.6206077231,31.5540838989,8.10376793001e-11
-16.026535725,31.5147539137,1.53023336131e-09
-15.0690725812,31.6114103417,6.39488462184e-13
-13.9771060345,31.7373952913,1.9123606887e-09
-12.1828880351,31.9767138165,9.89636827095e-06
-15.0050231833,31.6183501415,2.31680453137e-13
-12.0976301342,31.988984259,1.24725221214e-05
-15.5151343406,31.5647049399,2.9431964507e-11
-11.9869923338,32.0050197638,1.66377076072e-05
-16.7991310194,31.4468938843,8.92449612389e-07
-12.469068876,31.9360881088,4.25936519586e-06
-11.8927935627,32.0187714894,2.10501392338e-05
-16.4845552551,31.4733953191,1.22845830737e-07
-13.7225689848,31.7690128369,1.38147207768e-08
-15.3189941082,31.5848887452,2.91318470062e-12
-16.7890184777,31.4477212964,8.42688690117e-07
-15.3549326695,31.5811486719,3.33064637267e-12
-11.8648572343,32.0228671209,2.25328175898e-05
-14.2332257031,31.7064170394,1.34491651314e-10
-16.1538849959,31.5029291567,7.40488611968e-09
-15.3855240945,31.577979798,4.43531617876e-12
-13.1821482448,31.8387913418,2.84820736542e-07
-16.7157215572,31.4537673949,5.49935939883e-07
-16.5600481512,31.4668923621,2.06349856887e-07
-11.0169923911,32.1507867106,0.000130659011104
-14.7656896472,31.6447899927,4.20906867095e-13
-12.0078549613,32.0019863585,1.57736628602e-05
-15.2124473519,31.5960862727,4.21070710206e-13
-15.9595519253,31.5210728885,4.47234604596e-10
-15.1015873788,31.6079095138,1.06336237121e-12
-16.3171990714,31.4881302328,3.40047149222e-08
-15.8500380558,31.5315503979,1.3079241176e-10
-15.8715590542,31.5294771302,7.97735032556e-11
-14.4892637673,31.6763079267,4.00893295316e-12
-16.0913365859,31.5087059364,3.6507881663e-09
-13.2799943299,31.82589693,1.78841469716e-07
-15.9270960308,31.5241591379,1.70915798001e-10
-12.3547250568,31.9522152219,6.04376037804e-06
-13.5820961508,31.7868087551,3.42942543967e-08
-15.5602002086,31.5601468224,4.67998387617e-11
-14.6623145954,31.6564550033,4.63331780275e-13
-11.9766670782,32.0065226949,1.7079813982e-05
-11.9921991202,32.0042622845,1.64184304225e-05
-14.9226483197,31.6273602704,4.20965525503e-13
-13.6548720891,31.7775586065,2.1701943087e-08
-14.1265535237,31.7192160329,4.50827801174e-10
-16.161191472,31.5022582721,7.99082493827e-09
-16.7616049154,31.4499725231,7.20041838647e-07
-15.352832403,31.5813667297,4.54201856873e-12
-13.3393848678,31.8181257306,1.32839628851e-07
-13.1823444042,31.8387653783,2.84562378207e-07
-12.2651175107,31.9649514309,7.85256372938e-06
-12.0102556478,32.0016375875,1.56766996347e-05
-15.4134933497,31.5750944318,8.95643800246e-12
-12.673139411,31.9076596592,2.17183736227e-06
-13.3522221932,31.8164515163,1.24371506117e-07
-12.8351770062,31.8854157412,1.20867980105e-06
-15.5009805701,31.5661426518,2.58590721551e-11
-13.7961273938,31.7597918663,8.19465206476e-09
-13.6673611122,31.7759777686,2.00066371998e-08
-14.6562805833,31.6571404072,1.00240264483e-12
-15.9861634074,31.5185543058,7.79292127424e-10
-15.2900265197,31.5879169327,5.84961771661e-13
-16.5628090854,31.4666562393,2.10172176087e-07
-14.4420798548,31.681791043,6.76143999401e-12
-12.0603864286,31.9943681489,1.37633281265e-05
-14.9672077398,31.622474574,6.70102513013e-13
-14.4435676464,31.6816176956,5.34149317018e-12
-15.0880789482,31.6093621322,5.44614787482e-13
-13.3442597577,31.8174897263,1.29567411651e-07
-14.3700572889,31.6902179332,1.90613806801e-11
-14.2528444404,31.7040792881,1.04711641692e-10
-12.7493548287,31.8971604181,1.65871196705e-06
-13.8678603884,31.7508651231,4.7508350134e-09
-14.3371801603,31.6940875956,3.18283272633e-11
-14.0264035144,31.7313668323,1.22206652426e-09
-11.4281941797,32.0878901471,5.96488330422e-05
-14.4701103352,31.678530099,3.55056224073e-12
-14.9213920226,31.6274984187,1.81502888525e-13
-13.1446066559,31.8437686331,3.37946888528e-07
-16.0569198648,31.5119101227,2.35761590535e-09
-14.2235896767,31.7075671075,1.51172168092e-10
-14.1394119494,31.717665369,3.93022683945e-10
-13.0322416099,31.8587644791,5.5121283046e-07
-15.9360915716,31.5233021487,2.40801680179e-10
-16.3464893095,31.485519788,4.3268197003e-08
-16.1328838105,31.5048620663,5.89900473703e-09
-12.0414547432,31.9971103804,1.4461405329e-05
-14.9166852229,31.6280161966,6.39488462184e-13
-14.1863887663,31.7120184655,2.33261929444e-10
-15.4891496014,31.5673466699,2.11472487241e-11
-14.1099393664,31.7212227951,5.37783569921e-10
-16.0079978516,31.5164958708,1.14304747684e-09
-14.2934779251,31.6992535224,6.10711114604e-11
-11.5638939229,32.0674835969,4.48362101809e-05
-16.739076758,31.4518315555,6.31409166484e-07
-16.148630386,31.5034121453,6.9997691548e-09
-16.5924873294,31.4641256831,2.55458696971e-07
-14.7564731589,31.6458240421,2.7994411272e-13
-15.5458898494,31.561590988,4.04213509442e-11
-14.2578466198,31.7034840411,9.91014218671e-11
-14.2270570606,31.7071531321,1.43993024591e-10
-15.7078115407,31.5454267391,1.34013487391e-10
-15.6452477989,31.5516263255,9.14118550137e-11
-16.6128705736,31.4623957532,2.91350633488e-07
-14.1860985814,31.7120532592,2.33611033472e-10
-15.4016886149,31.5763108462,7.54681140041e-12
-15.2538609184,31.5917145377,4.63381252901e-13
-12.8172100242,31.8878676315,1.29302155288e-06
-14.8769885043,31.6323953726,4.20948582934e-13
-14.946312824,31.6247621287,4.63356006674e-13
-14.927524949,31.6268242219,6.70074357276e-13
-14.7732079279,31.6439473409,4.53676974883e-13
-14.8462333917,31.6358032163,5.59913581665e-13
-12.2617384209,31.9654333814,7.92886974404e-06
-12.2273425766,31.9703460371,8.74198372748e-06
-14.4634223653,31.6793071928,3.14943647985e-12
-14.7405723544,31.647610789,4.63338542379e-13
-13.7422975653,31.7665331098,1.20506469645e-08
-13.3491355388,31.8168538904,1.26364611254e-07
-14.1453872435,31.7169455081,3.68771659961e-10
-12.9428031825,31.8708051382,7.95677179966e-07
-16.1758483628,31.5009149452,9.3030455305e-09
-12.0215496774,31.9999975886,1.52272285375e-05
-16.0599382242,31.51162839,2.44896666507e-09
-15.5061397552,31.565618252,2.74430424128e-11
-12.7736162696,31.8938318591,1.51892604018e-06
-12.058596454,31.9946272662,1.38280969223e-05
-13.6488568874,31.7783206885,2.25602368664e-08
-15.5251482283,31.5636895233,3.46460337122e-11
-14.5502891191,31.6692606841,1.24062591758e-12
-14.1620555146,31.7149398866,3.06949241414e-10
-15.8765625276,31.5289961103,6.53051258017e-11
-15.9280370116,31.524069435,1.78778939222e-10
-14.6483249322,31.6580448489,5.01197326552e-13
-11.3258177221,32.1034019622,7.33036826731e-05
-14.1271870851,31.7191395782,4.49975150659e-10
-14.3795111508,31.6891078616,1.7223790162e-11
-15.8798311188,31.5286820808,5.22115962299e-11
-12.001130467,32.0029636059,1.60479505851e-05
-14.8625578786,31.6339927334,9.07451086244e-14
-15.9395477475,31.5229732106,2.67592278023e-10
-14.7356973264,31.6481592837,8.43945394046e-13
-14.7211194732,31.6498014003,0.0
-16.4326284135,31.4779203355,8.43077307749e-08
-15.8056860417,31.5358451019,1.67826485117e-10
-12.9657476115,31.8677074651,7.25453038737e-07
-15.3162759333,31.5851723808,1.5139492674e-12
-13.9918848585,31.7355847607,1.67660618399e-09
-15.545435069,31.5616369327,4.09839731307e-11
-16.5489716509,31.467840866,1.91614240949e-07
-15.7206700378,31.5441597697,1.44677953512e-10
-15.6637757943,31.5497842875,1.03402688075e-10
-16.3656660847,31.483817928,5.04513280308e-08
-15.1445976726,31.6033016811,1.26313934969e-12
-15.3732280951,31.5792518731,4.68007153126e-12
-15.3651764248,31.5800860415,4.09470184946e-12
-15.7175299658,31.544468939,1.42972645387e-10
-16.2036562609,31.4983754037,1.22596591433e-08
-15.5258482141,31.5636185992,3.34207342091e-11
-16.8490332686,31.4428348891,1.17839194989e-06
-16.566829232,31.4663126405,2.15860653336e-07
-15.3390960532,31.5827944641,2.55803530299e-12
-15.485214645,31.567747578,2.13941732986e-11
-12.6440402953,31.9116853354,2.40073134915e-06
-12.9767108954,31.8662294721,6.93828969934e-07
-16.6697914476,31.4575997676,4.16414920081e-07
-11.3488609161,32.0999018659,7.00268865828e-05
-13.6418983239,31.7792028456,2.35923170143e-08
-13.2516223589,31.8296241971,2.0530188771e-07
-15.6292983055,31.5532160844,8.35819127164e-11
-14.2250682554,31.7073905589,1.48896071659e-10
-16.3654538383,31.4838367326,5.03734135872e-08
-14.1041616635,31.7219215003,5.71415818666e-10
-15.8231571091,31.5341498129,1.57967431332e-10
-14.8096500909,31.6398739347,6.6998986506e-13
-12.2901307398,31.9613876252,7.30679201466e-06
-16.3989646423,31.4808764516,6.54089620245e-08
-13.5490534796,31.7910301211,4.18508040728e-08
-14.9000290911,31.6298509584,7.35331233495e-13
-15.3060468573,31.5862407178,1.18029166673e-12
-14.9763313312,31.6214776507,5.5994982065e-13
-16.4015915442,31.4806451376,6.67320641905e-08
-12.1283706171,31.984551306,1.14853664979e-05
-16.3582632831,31.4844742167,4.75718968604e-08
-11.5182012409,32.0743350615,4.94392765823e-05
-14.8033149665,31.6405807412,7.84081115858e-13
-13.7617264588,31.7640957992,1.05091832649e-08
-16.8714627651,31.4410235345,1.33166108566e-06
-15.7181475786,31.5444081177,1.4045106482e-10
-14.1284262216,31.7189900611,4.43696153078e-10
-15.0231261777,31.6163828074,8.57468368358e-13
-16.6503549942,31.4592316405,3.69197136407e-07
-16.6271127137,31.4611909278,3.19033260236e-07
-13.568770645,31.7885095446,3.71874433282e-08
-15.303820818,31.586473408,2.68479195049e-12
-11.6975463217,32.0475596565,3.33580064558e-05
-11.8710711113,32.0219554481,2.21956965477e-05
-16.6441375348,31.4597549221,3.55139373155e-07
-14.3798594087,31.6890669918,1.80144009886e-11
-11.3705994717,32.0966045303,6.70464483023e-05
-13.7743199542,31.7625184951,9.6035131849e-09
-12.069892858,31.9929925501,1.34236292475e-05
-16.7039836623,31.4547435984,5.1261030173e-07
-15.2169698121,31.5956076736,9.65945621891e-13
-15.7258595953,31.5436491314,1.48165702764e-10
-16.3780494837,31.4827220002,5.5611793191e-08
-16.3226363537,31.4876446347,3.55833984798e-08
-14.462591684,31.6794037538,3.93252436168e-12
-12.9220059984,31.8736181284,8.6430177571e-07
-15.8522839474,31.5313337096,1.20510496022e-10
-14.4521370411,31.6806198242,3.67266159005e-12
-16.1124980891,31.5067448072,4.68780848737e-09
-13.4460405017,31.8042760746,7.54621528448e-08
-11.5412244595,32.0708802809,4.70735293409e-05
-16.4520956623,31.4762189593,9.72866535019e-08
-12.4305473209,31.9415054584,4.80216383583e-06
-12.5750484625,31.9212673278,3.02724425822e-06
-15.7689568223,31.5394240067,1.69123545822e-10
-12.900702067,31.8765047865,9.39813325048e-07
-15.3394318079,31.5827595337,2.09735951175e-12
-15.6543780711,31.5507179654,9.96474137454e-11
-13.4309609455,31.8062258938,8.19564077787e-08
-14.501450617,31.6748965776,2.04054632113e-12
-15.6082681702,31.5553180065,6.93254933314e-11
-15.2819898193,31.5887592086,2.31691754899e-13
-12.4698172603,31.9359830215,4.24936275262e-06
-12.9731374267,31.8667110703,7.04004864363e-07
-12.9262602717,31.8730423004,8.49862971703e-07
-12.5862156996,31.9197127981,2.91726935088e-06
-15.2797549772,31.5889935935,1.28879624647e-12
-11.2859986887,32.1094619612,7.92609264288e-05
-16.485302262,31.4733305323,1.23494014336e-07
-15.4330384512,31.5730848715,1.15398064454e-11
-11.122395593,32.1345154529,0.000108025402653
-16.6903856656,31.4558772464,4.72225738358e-07
-13.5141086556,31.7955090299,5.1379569874e-08
-16.794572764,31.4472666396,8.69693837374e-07
-16.4610391529,31.4754393192,1.03815133436e-07
-16.8331096339,31.444125756,1.07932861478e-06
-13.394303308,31.8109772555,9.98083539214e-08
-15.9696140836,31.5201193147,5.63701666935e-10
-12.8599461511,31.8820415763,1.10017353704e-06
-11.7119570452,32.0454218912,3.22817707686e-05
-12.0678825768,31.9932833638,1.3494869634e-05
-14.8571565717,31.6345913611,9.07445245644e-14
-14.337523282,31.6940471359,3.16823888222e-11
-11.2978781319,32.107652489,7.74437651491e-05
-14.1455223276,31.7169292395,3.68371525029e-10
-16.8347547335,31.4439922055,1.08922662645e-06
-15.7112532205,31.5450873833,1.36109850452e-10
-12.3096148998,31.9586161875,6.90424405361e-06
-16.5379859628,31.4687835065,1.7791932113e-07
-11.1057250483,32.1370821701,0.000111377064192
-12.3954863267,31.9464500786,5.34624145497e-06
-11.1868535069,32.1246150596,9.58246926687e-05
-13.0262017584,31.8595746906,5.65383990997e-07
-11.0292277214,32.1488927464,0.000127851168002
-16.0655357515,31.511106287,2.63444957192e-09
-11.6525250656,32.054251549,3.69141200794e-05
-16.0271562166,31.5146956982,1.53750085737e-09
-16.6755675711,31.4571159657,4.31449334335e-07
-13.6823035552,31.77408892,1.81287896538e-08
-15.9573439505,31.5212823401,4.29239559723e-10
-15.9503681657,31.5219445583,3.61648893319e-10
-14.0545426277,31.7279397583,9.36277959931e-10
-12.8514493835,31.8831982607,1.13641208213e-06
-16.8234614263,31.4449098805,1.02300493271e-06
-12.7872986136,31.8919576205,1.44464347787e-06
-11.9729155654,32.0070690304,1.72428712629e-05
-15.8243305889,31.5340361096,1.53349405036e-10
-13.6171955512,31.7823393152,2.75954400254e-08
-16.5900548452,31.464332568,2.51449337878e-07
-15.5834211475,31.5578098377,5.5272249895e-11
-16.0782942851,31.509918039,3.10249921368e-09
-13.5665841931,31.7887888185,3.76814610526e-08
-15.9703398119,31.5200505981,5.72687407252e-10
-13.8320317267,31.7553156839,6.2677709198e-09
-15.017221999,31.6170239343,9.0761660365e-14
-16.7761165327,31.4487793171,7.82824478739e-07
-15.6037541988,31.5557700214,6.70431599462e-11
-12.1576398011,31.9803396708,1.0607499147e-05
-12.8490369457,31.8835268206,1.14688396873e-06
-14.9226075191,31.6273647566,1.81503149293e-13
-11.5560434137,32.0686593157,4.56008322517e-05
-11.6028203937,32.0616626873,4.11995772719e-05
-12.7209024997,31.9010723522,1.83654922417e-06
-13.2702392741,31.8271773877,1.87585599639e-07
-11.6950373075,32.047932067,3.3548394552e-05
-12.355189591,31.9521494193,6.03539732269e-06
-15.8289858276,31.5335852479,1.51238659568e-10
-13.4391416559,31.805167769,7.83748201992e-08
-15.7080884723,31.5453994267,1.38721255612e-10
-14.9571992646,31.6235695291,2.13162820728e-13
-11.9611150355,32.0087884877,1.7764302812e-05
-16.6515958693,31.459127278,3.7207340119e-07
-14.4223440438,31.6840933239,8.43605357239e-12
-12.2508753732,31.9669835674,8.17845264491e-06
-12.9563113408,31.8689807025,7.53660063142e-07
-13.0534972677,31.8559165129,5.03742993443e-07
-12.3077769423,31.9588774471,6.94139402107e-06
-14.8552906822,31.6347982521,2.79958062134e-13
-14.6610107423,31.6566030661,8.52651282912e-13
-15.8594194663,31.5306457639,1.06836210032e-10
-15.3915703484,31.5773550911,6.11970548824e-12
-12.2301815908,31.9699400763,8.6723045084e-06
-11.7485804457,32.0399982299,2.96757874019e-05
-15.9348548094,31.5234199002,2.30958714209e-10
-12.8182272226,31.8877287206,1.2881132988e-06
-15.7442519014,31.5418426124,1.5813791551e-10
-14.2394755639,31.7056717636,1.23256795498e-10
-12.3136329719,31.9580451571,6.82360637772e-06
-16.4895146459,31.4729653627,1.27242447401e-07
-12.1713348848,31.9783721156,1.02166046911e-05
-11.9697161893,32.0075350716,1.73829558401e-05
-11.1388211273,32.1319889501,0.000104803252452
-13.4791940908,31.7999989273,6.27294792078e-08
-12.8036167032,31.8897250873,1.36013988865e-06
-15.088523456,31.6093142913,9.3238551771e-13
-14.9043377294,31.629375968,5.05838889788e-13
-16.7727822094,31.4490531809,7.67976060055e-07
-15.2836441467,31.5885857529,1.25489914059e-12
-11.1683079959,32.1274596311,9.92142743544e-05
-13.5449332663,31.7915574365,4.28893580137e-08
-15.3108342301,31.5857405309,1.32953879852e-12
-13.1750110796,31.839736318,2.94324210033e-07
-14.684215733,31.6539714264,2.13162820728e-13
-16.4768974972,31.4740599711,1.16342481167e-07
-14.2174055883,31.7083058244,1.60569427161e-10
-14.2771666766,31.7011880897,7.50988663215e-11
-14.089489193,31.7236978027,6.61373473082e-10
-12.3961295662,31.9463592438,5.33580966142e-06
-15.7735332351,31.5389769785,1.67089324849e-10
-15.5188999916,31.5643229271,2.85924476503e-11
-13.4419903518,31.8047994976,7.71578011819e-08
-15.2601987802,31.5910476654,4.53934913842e-13
-15.6961005499,31.5465827844,1.28854352029e-10
-12.1702595326,31.9785265391,1.02468542699e-05
-11.4326252938,32.0872210041,5.91086648513e-05
-14.2979622411,31.6987222823,5.64726872826e-11
-15.3708010772,31.5795032178,5.46209053847e-12
-16.5079718522,31.4713686073,1.44795400754e-07
-16.146117197,31.5036433005,6.81580672065e-09
-13.8195397516,31.7568712156,6.8881457667e-09
-16.1044107134,31.5074934897,4.26619886051e-09
-12.4993917645,31.9318350729,3.86967081244e-06
-12.041693015,31.997075844,1.44524344076e-05
-11.0764073786,32.1416022902,0.000117474999315
-13.3067228808,31.8223943166,1.5666897441e-07
-16.1776177813,31.5007529989,9.4632597478e-09
-12.0427173383,31.9969273799,1.44139383588e-05
-14.7727192063,31.6440020933,1.10002537396e-12
-15.8925930124,31.5274575265,7.52424190495e-12
-12.3017339025,31.9597366986,7.06474223516e-06
-11.9259605283,32.013919272,1.93966823883e-05
-16.4294802848,31.47819603,8.23513003664e-08
-15.7794147557,31.5384029262,1.69893409936e-10
-14.3303746749,31.694890395,3.51747250498e-11
-15.0561344726,31.6128075311,5.01397070064e-13
-15.3126262142,31.5855533886,1.03761679288e-12
-16.7371311496,31.4519924883,6.2424059168e-07
-12.7516214006,31.8968491751,1.6452038237e-06
-14.6280896503,31.6603491904,6.39488462184e-13
-11.2960274514,32.107934297,7.7724601721e-05
-12.4260199007,31.942143211,4.86965795821e-06
-14.2443900341,31.7050860885,1.15919919286e-10
-12.1830298495,31.9766934696,9.89249004344e-06
-16.238797503,31.4951832182,1.71028013547e-08
-15.556031929,31.5605671638,4.276334523e-11
-16.2878545218,31.4907588957,2.65039396611e-08
-15.8992515289,31.5268195911,1.87632120013e-11
-12.6334331192,31.913155104,2.4891394317e-06
-15.7403427434,31.5422261533,1.55029876117e-10
-15.8125902953,31.5351746066,1.62670072636e-10
-11.9713994215,32.0072898684,1.73091338294e-05
-15.9478216669,31.5221864838,3.33561100048e-10
-15.680171776,31.5481584598,1.1605488541e-10
-13.4977108387,31.7976158874,5.64671526053e-08
-14.5154843962,31.6732738103,2.02636755117e-12
-14.0311811025,31.7307842504,1.16896035247e-09
-11.3753556824,32.0958836975,6.64084100478e-05
-16.7122413549,31.4540566031,5.38615478965e-07
-11.514694881,32.0748616624,4.98080254508e-05
-14.9685984898,31.6223225331,0.0
-13.0774244262,31.8527168729,4.54560674575e-07
-14.2456331102,31.7049379969,1.15639023376e-10
-15.8094526568,31.5354792246,1.66254005461e-10
-11.3812296902,32.0949937516,6.56273009103e-05
-15.8408666355,31.5324360629,1.37520117795e-10
-14.6003035541,31.6635224696,6.45890809469e-13
-14.6012986979,31.6634086394,9.6728032714e-13
-12.1477728941,31.9817584521,1.08968801343e-05
-14.0230652827,31.7317740723,1.26083843517e-09
-11.8405081307,32.0264432643,2.38953467654e-05
-14.7178623946,31.6501686911,9.67357914427e-13
-14.469118415,31.6786453151,2.8835510353e-12
-16.5604358555,31.4668591973,2.0688751267e-07
-15.3279503897,31.5839549318,2.53347186534e-12
-14.0800065253,31.7248472892,7.28662988979e-10
-15.3103645651,31.5857895871,2.37019957332e-12
-12.2091055111,31.9729558458,9.20096759007e-06
-15.4414508326,31.5722216521,1.20882209234e-11
-13.2981233481,31.8235203045,1.63526337813e-07
-11.1512992064,32.1300712833,0.000102407829437
-13.6068096563,31.7836602413,2.94460568847e-08
-16.6154337044,31.4621786858,2.96187826274e-07
-15.9531679822,31.5216786803,3.84959960005e-10
-15.8715508049,31.5294779235,7.79931569386e-11
-11.1471738196,32.1307051261,0.000103194824321
-12.9816295753,31.8655668193,6.80030115671e-07
-16.1221493843,31.5058526587,5.22960580668e-09
-12.9224735196,31.873554838,8.62705047761e-07
-15.8675407939,31.5298637076,8.95801465684e-11
-13.4385186904,31.8052483173,7.86424515523e-08
-12.7372064129,31.8988296054,1.73275091309e-06
-16.5416623182,31.4684678403,1.82401784866e-07
-15.123594883,31.6055484959,4.35882166099e-13
-12.7246163076,31.9005612239,1.81245144931e-06
-11.5831614198,32.0646005689,4.30043927021e-05
-11.3611648008,32.098035046,6.83269496785e-05
-11.6283072404,32.0578594897,3.89534643954e-05
-12.7590404873,31.8958307977,1.60164176617e-06
-11.3593563289,32.0983093486,6.8574673125e-05
-11.9528614409,32.0099919651,1.81368097092e-05
-16.8795994039,31.4403684398,1.39150451254e-06
-12.7317032343,31.8995862837,1.76721061379e-06
-15.920126933,31.5248239132,1.27442952827e-10
-15.6942028596,31.5467703062,1.26282643048e-10
-14.537939404,31.670682787,6.22461202857e-13
-12.9292436419,31.8726386161,8.39861492254e-07
-14.263787629,31.7027775026,9.02546333654e-11
-13.3160539462,31.8211735423,1.4951194083e-07
-12.0649423634,31.9937087797,1.35996381958e-05
-13.1753278377,31.8396943659,2.93894819637e-07
-14.7293133586,31.6488780444,1.81461165221e-13
-14.2168057491,31.7083775045,1.63049298183e-10
-15.8702502449,31.5296030177,8.59373008554e-11
-14.5679149162,31.6672345937,1.11966806078e-12
-16.4554150397,31.4759294493,9.96633151919e-08
-15.8604454006,31.5305469151,1.03399649645e-10
-11.1260332916,32.133955705,0.000107304987734
-14.203271465,31.7099960869,1.92703079343e-10
-12.7001455332,31.9039319523,1.97636640026e-06
-13.1590091607,31.8418571825,3.16633234885e-07
-16.5815132511,31.4650597796,2.37805609868e-07
-11.4791828693,32.0802016903,5.3672107432e-05
-12.1854017827,31.9763531872,9.82782897146e-06
-12.6577754864,31.9097839893,2.29024618072e-06
-15.1738198522,31.6001860246,5.60003660272e-13
-16.2341570865,31.495603654,1.63768897369e-08
-12.611204238,31.9162392528,2.68347842382e-06
-12.7670301108,31.8947347966,1.55583749748e-06
-16.7056436491,31.4546054092,5.17756615781e-07
-12.718956082,31.9013402977,1.84929367337e-06
-15.2004759399,31.5973545855,1.63405505374e-12
-13.0899826645,31.8510401959,4.30451253894e-07
-11.7860575346,32.0344619442,2.71927313273e-05
-11.2556857065,32.1140852065,8.40559020085e-05
-11.2984475821,32.1075657838,7.73575174887e-05
-14.7689879503,31.6444202218,2.13162820728e-13
-13.8336084147,31.7551194905,6.19241132479e-09
-12.1138925831,31.986637897,1.19417582086e-05
-16.4338696816,31.4778116753,8.50902501856e-08
-16.3499658893,31.4852108304,4.44994169161e-08
-15.565296568,31.5596332381,4.92108580074e-11
-14.1886955699,31.711741914,2.26470141632e-10
-11.8616772278,32.0233338282,2.27069863288e-05
-15.9374751272,31.5231704484,2.46489001026e-10
-12.9338939357,31.872009581,8.24474616332e-07
-15.4678306499,31.5695214342,1.70603166589e-11
-14.3200704248,31.6961070872,4.20831266438e-11
-16.4835851201,31.4734794706,1.2200789231e-07
-11.0799700249,32.1410525925,0.000116719925958
-15.0666381004,31.6116730612,4.21018297256e-13
-11.8647449444,32.0228835992,2.25389470698e-05
-12.5418627724,31.9258950035,3.37515852128e-06
-16.729601985,31.45261584,5.97142381908e-07
-14.7379028891,31.647911093,4.53657632039e-13
-15.6640191569,31.5497601265,1.04523735292e-10
-15.9023500289,31.52652296,2.96035246698e-11
-12.9596537633,31.868529592,7.43561855146e-07
-14.9609048366,31.6231639656,3.45785650956e-13
-14.5260272514,31.6720564524,1.68326020586e-12
-12.8243334736,31.886895083,1.25899683584e-06
-13.3324789783,31.8190271966,1.37594589412e-07
-11.866146876,32.0226778783,2.24624988234e-05
-16.5275865473,31.4696775955,1.65751804286e-07
-15.7433224177,31.5419337866,1.54848819397e-10
-11.9672774477,32.0078903841,1.74903782077e-05
-14.305863744,31.6977868662,5.17674416399e-11
-16.739363812,31.4518078167,6.32485076372e-07
-13.2477791983,31.8301298131,2.09132153293e-07
-15.77819942,31.5385215038,1.68966662437e-10
-14.966523664,31.6225493691,5.44537629649e-13
-13.8642854314,31.7513084688,4.88625862958e-09
-15.4604916624,31.5702716275,1.57201496578e-11
-16.3935032529,31.4813577039,6.27101076916e-08
-14.4032721035,31.6863230989,1.30278809451e-11
-13.6076170769,31.7835575022,2.92995036737e-08
-15.2142763533,31.5958926794,1.03754538553e-12
-16.1062577403,31.5073224143,4.35623768102e-09
-16.8284149177,31.444507116,1.05158534738e-06
-14.1500199128,31.7163877164,3.51397030436e-10
-11.2753389189,32.1110867782,8.0920988778e-05
-16.032560943,31.5141888666,1.67366762559e-09
-14.6752804332,31.6549838934,1.81449244743e-13
-16.6771651837,31.4569822451,4.35696716349e-07
-12.4241417027,31.9424078472,4.8978891812e-06
-15.7271726571,31.5435199934,1.48359793836e-10
-14.6530323543,31.6575095794,5.05794562913e-13
-16.6389582689,31.4601912947,3.43786107338e-07
-12.3557166978,31.9520747559,6.02591808547e-06
-12.5199215306,31.9289612854,3.62343968112e-06
-11.7137674152,32.0451534762,3.21486302078e-05
-16.4098060538,31.4799224988,7.10438566405e-08
-14.3785328887,31.6892226739,1.86244099921e-11
-13.0274924002,31.859401523,5.62330306996e-07
-13.1657413405,31.8409645455,3.0707506446e-07
-12.7173251444,31.9015648464,1.86002533159e-06
-12.5139867885,31.9297915673,3.6932064885e-06
-11.9744685927,32.0068428445,1.7175210075e-05
-14.4264036016,31.6836193313,8.52098382254e-12
-14.6048099888,31.6630071052,6.22488511859e-13
-10.9744704949,32.1573793795,0.000140804990715
-13.8324003243,31.7552698151,6.2485079004e-09
-16.1868322141,31.4999104266,1.03840026951e-08
-13.7855548485,31.7611130286,8.85278667358e-09
-13.9991849425,31.7346914701,1.56819322116e-09
-16.8159272801,31.4455232313,9.80870958527e-07
-14.1821226784,31.712530089,2.4471223179e-10
-13.4415597998,31.8048551518,7.73441381886e-08
-14.7658621888,31.6447706455,2.13162820728e-13
-15.7285337525,31.5433861584,1.4878661297e-10
-12.4147376426,31.9437334425,5.04136263143e-06
-15.4838817597,31.5678834287,2.01824524333e-11
-14.2415378415,31.705425956,1.21091138701e-10
-15.1842612638,31.5990757177,6.45899643085e-13
-13.059283219,31.8551421818,4.91447346507e-07
-14.1642352791,31.7146778721,3.00467405482e-10
-15.035562137,31.6150340092,7.65125534392e-13
-15.3882375007,31.5776993797,6.35520890244e-12
-12.5587247604,31.9235421252,3.19434573046e-06
-15.6530313124,31.5508518752,1.01854100487e-10
-14.663617821,31.656307035,6.94997840127e-13
-13.0553678922,31.8556661257,4.99738271599e-07
-11.8607232353,32.0234738589,2.27594580214e-05
-16.8122250203,31.4458249641,9.60714938757e-07
-16.3792196336,31.482618566,5.61337457129e-08
-15.1419776479,31.603581621,8.71765130805e-13
-14.1028492113,31.7220802771,5.78686296588e-10
-12.6514252035,31.9106627915,2.34077188883e-06
-12.9083893883,31.8754625659,9.11937347566e-07
-15.5560488617,31.5605654557,4.2836069074e-11
-16.2158153136,31.4972687326,1.3779664977e-08
-16.3438389464,31.4857554476,4.2355893586e-08
-16.2044521825,31.4983028921,1.23474885179e-08
-12.929136749,31.8726530782,8.40217940163e-07
-11.2990042746,32.107481024,7.7273281687e-05
-15.0846463572,31.609731665,1.11995905116e-12
-12.4996911944,31.9317931253,3.86598410055e-06
-13.519460719,31.7948220845,4.98105954855e-08
-15.6477359717,31.5513786577,9.56881188755e-11
-16.1084604769,31.5071184607,4.4753445751e-09
-12.9889284864,31.8645840109,6.59990277649e-07
-15.1538378542,31.6023151819,5.59998277465e-13
-16.6222729875,31.4615999876,3.09380733445e-07
-12.1917192003,31.9754471653,9.65733635464e-06
-13.3725298385,31.8138070741,1.1193193403e-07
-15.440300198,31.5723396612,1.1295833857e-11
-15.2981099886,31.5870706935,2.67303049855e-12
-16.6265999743,31.4612342476,3.1799758516e-07
-12.2841143166,31.9622442198,7.43503982756e-06
-12.5693678521,31.9220586202,3.08452779947e-06
-15.4489185001,31.5714562369,1.40992939721e-11
-15.9740369869,31.5197006498,6.18016374092e-10
-12.1797271813,31.9771673755,9.98312749588e-06
-16.3279628886,31.4871693733,3.7199748613e-08
-16.8108171315,31.4459397642,9.53184188812e-07
-16.4450856327,31.4768309292,9.24238416767e-08
-16.8363281464,31.4438645152,1.09874213504e-06
-11.3012940276,32.107132426,7.69275865477e-05
-16.6735332167,31.4572863005,4.26111529786e-07
-15.2959426903,31.5872974905,1.67067503905e-12
-13.3454428101,31.8173354219,1.28784705277e-07
-16.8728513982,31.4409116578,1.34168925314e-06
-15.5890453286,31.5572450083,6.0643507402e-11
-13.8200888308,31.7568028016,6.85996340682e-09
-15.7820681085,31.5381441212,1.69723067551e-10
-15.2879880693,31.5881304818,1.81579650713e-12
-15.3434813459,31.5823383671,1.84336945843e-12
-15.6426803222,31.5518819833,9.14966495207e-11
-11.3754744298,32.0958657034,6.63925447217e-05
-15.9232944518,31.5245216757,1.48437883023e-10
-16.793916593,31.447320326,8.66474624157e-07
-12.9521488083,31.8695426784,7.6639771201e-07
-14.6849715439,31.6538858348,8.43896716747e-13
-16.4454624239,31.476798016,9.26737012369e-08
-12.9476106283,31.8701555963,7.80496228216e-07
-14.6994170009,31.6522514647,2.31667497178e-13
-12.8199846654,31.8874887478,1.27967552179e-06
-12.3598272507,31.9514926084,5.95243320982e-06
-14.3993130695,31.6867865726,1.31046095232e-11
-14.0979833795,31.7226691264,6.06707552333e-10
-14.6880268587,31.6535399162,1.81452064012e-13
-16.0183298492,31.5155243535,1.34861242417e-09
-14.2994864485,31.6985417755,5.69955808233e-11
-16.38499433,31.4821084307,5.87129896156e-08
-14.9552469775,31.6237832783,6.39488462184e-13
-14.8997605379,31.6298805726,5.59928565403e-13
-13.8070677129,31.7584262233,7.55599954018e-09
-16.6457322471,31.4596206474,3.58706476499e-07
-16.0701838614,31.5106731037,2.79961830851e-09
-13.6927967013,31.7727641547,1.69073444765e-08
