-73.4167891625,46.9263453236,0.0
-76.0003245248,43.6832482203,4.26325641456e-13
-76.8729536495,42.4920573971,6.28720314747e-13
-75.0428793761,44.9333743582,0.0
-72.9670509977,47.4498551169,4.26325641456e-13
-75.1380487931,44.8117164476,0.0
-72.8277224215,47.6096835451,0.0
-76.7530360918,42.6587417875,1.3245681141e-12
-78.1653764168,40.6336822254,1.36254840309e-12
-75.7077487359,44.0714798898,6.1260659536e-13
-77.2489459538,41.9631669995,1.26802006083e-12
-75.9096460098,43.8041653425,7.48618693588e-13
-75.3912787787,44.4852281956,3.15879389256e-12
-74.4727415377,45.6504089717,0.0
-77.5414314685,41.5451169645,1.96135321733e-12
-72.2911486247,48.214982496,1.13630706559e-12
-77.3393906901,41.834516368,7.65078516042e-13
-73.8250811198,46.4408746499,1.45187521063e-12
-73.4404131982,46.8985223201,5.8261031593e-13
-75.391962153,44.4843416375,7.42834696223e-13
-73.5049204935,46.8223834068,1.24231597001e-12
-75.4699464563,44.3829758355,1.21874655429e-12
-75.8395044987,43.8973317271,6.14406362778e-13
-78.2723480779,40.4747119644,0.0
-76.0660852026,43.5952242439,0.0
-76.6548916558,42.7944474509,0.0
-75.5488368879,44.2800383348,1.22088752488e-12
-78.8219770234,39.6452611372,2.01525915449e-12
-73.8220202952,46.4445506607,1.24999785183e-12
-75.9723147073,43.720655417,0.0
-76.3432331765,43.2211451812,1.24268116838e-12
-74.9545772202,45.0457467462,1.27806889107e-12
-76.8774369961,42.4858069223,1.32786539801e-12
-75.6222777024,44.1838544437,2.59013511133e-12
-76.8720459134,42.4933227569,1.32772230212e-12
-75.0731104707,44.8947905691,7.39321063706e-13
-73.6171628264,46.689321068,1.44753256992e-12
-74.589987624,45.5045921388,1.26892578158e-12
-77.9740299373,40.9160552329,1.9794247534e-12
-75.4402473206,44.4216250355,6.08970841682e-13
-72.8968489549,47.5305243026,0.0
-78.8005151451,39.6780488088,6.56238134689e-13
-77.8327421379,41.1229268267,0.0
-76.9290249183,42.4137884514,7.60284158726e-13
-76.2952056332,43.2863306456,1.24135173602e-12
-77.3454251822,41.8259129874,0.0
-76.3630881417,43.1941526788,6.216155996e-13
-77.7762846797,41.2052054452,0.0
-78.2868927753,40.4530354608,6.48814807497e-13
-72.0753010236,48.4539627915,4.26325641456e-13
-75.4212954807,44.4462588437,0.0
-77.7322818639,41.2691808855,2.59868455871e-12
-72.109380121,48.4164015589,2.41891931111e-12
-76.7141135938,42.712637254,6.26498320939e-13
-75.6350494807,44.1670922878,1.2232321263e-12
-72.9199265744,47.5040367959,1.43321721887e-12
-74.7149934709,45.348194851,5.99240387473e-13
-77.0216732501,42.2839995394,1.52272363659e-12
-75.8858452783,43.8358146389,1.89373436861e-12
-78.2307600252,40.5366106817,4.26325641456e-13
-77.435187203,41.6976464472,1.34276674043e-12
-75.5475473288,44.2817241636,0.0
-78.3498594096,40.3590233679,4.26325641456e-13
-76.5803905036,42.8970333725,1.24926738824e-12
-75.5970321972,44.2169568572,3.69129464643e-12
-72.4782919483,48.0056986087,4.26325641456e-13
-78.8591495033,39.5883949906,1.3141783502e-12
-75.4138906314,44.4558775471,0.0
-74.5013947821,45.6148511545,5.96410920301e-13
-74.8478293579,45.1809440745,7.36861392182e-13
-73.40797941,46.9367126022,4.26325641456e-13
-77.7852093498,41.1922136489,2.10526595987e-12
-73.1269590098,47.2650527702,0.0
-73.9903703468,46.2415361698,5.89710473156e-13
-77.4019420075,41.7452165857,1.34187327391e-12
-78.7278278531,39.7888524797,4.26325641456e-13
-72.2830852335,48.2239562078,0.0
-72.3815940043,48.1140795813,4.26325641456e-13
-78.8352625046,39.6249483524,7.82984108331e-13
-72.3228102901,48.1797115832,1.90688305571e-12
-77.572461996,41.5004223609,4.26325641456e-13
-78.259039333,40.4945335367,7.76011729953e-13
-76.8095492389,42.5803087881,1.25566487553e-12
-78.4630905009,40.1892657266,2.74139062784e-12
-77.9648115098,40.9295948471,1.28838196935e-12
-76.4966793347,43.0118619715,7.55292977535e-13
-73.054930055,47.3484765427,0.0
-76.3374552344,43.2289953273,0.0
-77.4036684619,41.7427480783,1.34191965645e-12
-77.7070729812,41.3057718838,0.0
-77.5889854627,41.4765959917,3.44068850844e-12
-73.0579114016,47.345029462,5.77741060982e-13
-77.9711195662,40.9203304919,3.33233761549e-12
-73.3912250348,46.9564165997,0.0
-73.0766922313,47.3233030447,1.15595761333e-12
-76.8055609619,42.5858510034,7.58852455083e-13
-77.7858443431,41.1912890689,1.2832658348e-12
-74.5372635436,45.5702683075,0.0
-77.2013979273,42.0305777696,1.90001644165e-12
-74.3366807229,45.8185728258,3.66597867859e-12
-74.1133336065,46.0921831632,0.0
-78.4761625571,40.1696100308,1.30308696131e-12
-78.5120214163,40.1156295377,0.0
-73.173427097,47.2110752177,1.03077315094e-12
-77.9598597392,40.9368653558,0.0
-74.4845249938,45.6357921317,2.5325993654e-12
-77.4325333503,41.7014465803,0.0
-72.5303570817,47.9471270542,1.4253857043e-12
-77.7339473318,41.266761899,0.0
-73.5954255562,46.7151481747,8.52651282912e-13
-72.235258921,48.2771080701,0.0
-77.2462032748,41.9670595724,1.267942591e-12
-76.4763806978,43.0396362185,3.8351086821e-12
-77.890337794,41.0387627457,3.9518335952e-12
-75.6691050123,44.1223454462,0.0
-75.6481621106,44.1498719133,1.29573301003e-12
-74.8838280152,45.1354305806,4.26325641456e-13
-78.8520721923,39.599229341,4.26325641456e-13
-74.3722478239,45.7747226142,5.94708339779e-13
-76.7907603198,42.6064090732,0.0
-75.5986739474,44.2148054014,1.29446114901e-12
-77.6033850274,41.4558169705,1.53638201944e-12
-74.7704018134,45.2785641645,8.52651282912e-13
-78.2576410917,40.4966153097,6.48393833354e-13
-75.9855495961,43.7029865309,7.49474862578e-13
-72.0811678659,48.4475010182,1.20881161201e-12
-75.229573913,44.6941805202,1.21224999252e-12
-74.9526720344,45.0481659018,7.38003720101e-13
-78.0060768503,40.8689403323,7.72979519978e-13
-72.5062345857,47.9742828931,1.2186438378e-12
-76.4504367288,43.0750952223,7.54762876008e-13
-74.3385062564,45.8163240211,2.69929387713e-12
-74.5847970307,45.5110654107,1.98499824414e-12
-74.2632593465,45.908850197,1.26081753925e-12
-74.3495539414,45.8027104819,3.23556135276e-12
-72.6912027882,47.7652215479,5.73126726089e-13
-78.5746560216,40.0211251378,0.0
-76.3375460134,43.2288720081,1.31362803523e-12
-78.4503317156,40.2084388109,3.11326632491e-12
-74.1182756783,46.0861614713,0.0
-73.71699864,46.5703438222,0.0
-72.3682267249,48.1290209838,1.71210747103e-12
-76.2184683085,43.3901682479,6.19615345312e-13
-78.5883649549,40.0004040054,1.30632982517e-12
-76.6545276894,42.7949495186,0.0
-76.1464637066,43.4872510225,0.0
-73.3903860877,46.9574028142,4.26325641456e-13
-74.8459386271,45.1833323217,0.0
-73.2850778459,47.0808717715,0.0
-76.7368351566,42.6811872824,8.52651282912e-13
-76.347191813,43.2157655497,1.24279081205e-12
-74.7330655373,45.3255048496,7.3561571716e-13
-74.4739756614,45.6488784954,1.26603746106e-12
-78.1680987925,40.6296464043,4.26325641456e-13
-72.3382241881,48.1625205028,0.0
-72.7929014519,47.6494555512,5.74401096058e-13
-73.2057729614,47.1734286376,0.0
-75.7817589258,43.9737945799,0.0
-76.7771611624,42.6252853792,7.58523843264e-13
-77.974083621,40.9159763675,0.0
-73.8052143741,46.4647244444,4.30550035033e-12
-74.1950417231,45.9924366242,5.92382310833e-13
-77.2409732001,41.9744809908,6.33897437009e-13
-74.1913513471,45.996950391,1.45960695398e-12
-73.2660916608,47.1030637128,1.23658257788e-12
-73.5525481632,46.7660114942,7.23094942396e-13
-73.5033359874,46.8242565378,1.24227778325e-12
-77.6652517567,41.3663795163,1.96651012161e-12
-77.7594174203,41.2297444177,6.41255886175e-13
-76.8972869059,42.4581169079,0.0
-73.566363703,46.7496345929,4.26325641456e-13
-74.5629052063,45.5383488622,1.26825060417e-12
-76.8104484546,42.5790590674,6.27845021323e-13
-77.8569407803,41.087593452,1.28529629727e-12
-78.2187210444,40.5545067005,1.36400486972e-12
-72.5677478087,47.9049701999,1.22007879876e-12
-74.3709064954,45.776377716,1.26347996264e-12
-78.0144895045,40.8565603709,6.44902502096e-13
-76.829145013,42.5530625291,0.0
-76.2732262458,43.3161116663,4.26325641456e-13
-73.5406661734,46.7800874147,4.26325641456e-13
-72.8821204566,47.5474131972,1.72656734933e-12
-76.8464303389,42.5290074265,1.32704263722e-12
-75.8149644544,43.9298523051,1.05076021943e-12
-78.4571932369,40.1981291764,1.30253926682e-12
-76.9631208414,42.3660913601,6.29985045613e-13
-78.1548458355,40.6492885623,6.46916077565e-13
-72.8808809392,47.5488339657,0.0
-72.2137954748,48.3009204872,7.09555201798e-13
-75.9934625587,43.6924171085,7.49564236264e-13
-73.3798322185,46.9698057935,0.0
-78.2292972641,40.5387856247,6.4798611796e-13
-78.5610941899,40.0416109132,0.0
-78.4939493793,40.1428457472,1.30360066098e-12
-73.9714966812,46.2643802078,5.89464889633e-13
-76.0324600904,43.64026829,0.0
-75.0020760875,44.9853607183,7.38543439803e-13
-75.6625840579,44.1309193293,0.0
-75.211138819,44.7178971533,4.26325641456e-13
-75.2807490788,44.6282316438,0.0
-74.7249192123,45.3357352924,0.0
-77.9006552419,41.0236617299,7.71721280418e-13
-75.6380777171,44.1631163855,1.2233145739e-12
-74.8093219677,45.2295403512,6.00495251099e-13
-77.9757021674,40.9135985051,0.0
-75.2994458835,44.6040960274,0.0
-73.7082017638,46.5808509423,2.96111608014e-12
-72.5990852276,47.8695779224,5.71975949654e-13
-75.705590747,44.0743229128,4.26325641456e-13
-73.4593257971,46.8762246961,5.82852551109e-13
-77.5389463724,41.5486935043,0.0
-74.4034760965,45.7361582479,0.0
-72.9342381025,47.4875953936,7.16753604404e-13
-74.9029678365,45.1111991032,6.0174423671e-13
-75.8290015801,43.9112550003,1.3003953652e-12
-78.6021507831,39.9795533059,6.53364322341e-13
-76.4035682557,43.1390402099,0.0
-74.6813393599,45.3903948459,5.98793469881e-13
-75.1732163135,44.7666169145,6.05366353312e-13
-76.8058335595,42.5854722284,0.0
-78.1725035533,40.623115416,1.98776547819e-12
-76.6847248411,42.7532645653,3.24448307291e-12
-78.6638470531,39.8860753224,2.13997364325e-12
-72.181098755,48.3371467845,5.66796652651e-13
-73.1622885955,47.2240250877,3.70231428368e-12
-74.7405696097,45.316077343,8.52651282912e-13
-73.527786251,46.79533618,7.22838100458e-13
-76.1301219661,43.5092371757,7.51111243879e-13
-78.8646352553,39.5799946488,6.57168833087e-13
-74.2422802901,45.9345856036,1.82937354602e-12
-76.2054800628,43.4077051869,0.0
-75.5601591873,44.2652322362,7.44703263464e-13
-75.7112542459,44.0668609494,0.0
-73.0961682141,47.3007510648,4.26325641456e-13
-74.1525930912,46.0443067043,0.0
-75.3716755189,44.5106473712,0.0
-73.7795990721,46.495440753,4.26325641456e-13
-73.6367046171,46.6660787881,5.85131176356e-13
-75.5077112902,44.3337491807,0.0
-75.3042826316,44.5978486947,0.0
-76.5218892656,42.9773297477,1.3184679238e-12
-78.839032087,39.6191825888,3.96377613762e-12
-73.8103662934,46.4585418757,0.0
-75.9284918026,43.7790789172,1.30297017196e-12
-73.0852831031,47.3133580327,0.0
-76.3745205146,43.1785987812,6.21774009162e-13
-72.1793696951,48.3390608568,7.09216381259e-13
-78.3812430198,40.3120626067,0.0
-74.3607949829,45.7888510657,1.26322949826e-12
-75.6724431999,44.1179552739,2.76241573123e-12
-75.9788340909,43.7119533084,0.0
-78.260495569,40.492365273,1.36514645886e-12
-74.2913947539,45.8742941228,5.93645593893e-13
-73.7627859633,46.5155808665,0.0
-75.0534898561,44.9198387744,1.28056650125e-12
-78.362378084,40.3402993575,0.0
-72.1140628632,48.4112353712,5.65972494262e-13
-73.8776773417,46.3776202798,1.1764922519e-12
-76.5613661383,42.9231703163,7.56035740075e-13
-75.0653425292,44.9047102155,1.20783478195e-12
-77.7530282928,41.2390343858,1.9701735462e-12
-78.5030233463,40.1291833603,0.0
-73.9373148548,46.3056985299,1.81776221987e-12
-72.6675545956,47.792057206,1.14566196156e-12
-73.3353427974,47.0220188384,1.44170035653e-12
-76.6653218533,42.780055935,1.05766797279e-12
-78.6510155542,39.9055388281,7.80745187315e-13
-74.3544563204,45.7966671367,1.83367132672e-12
-73.1360830995,47.2544639931,4.26325641456e-13
-73.0289417115,47.3785031065,7.177151166e-13
-77.1574074286,42.092808525,1.94544254157e-12
-75.4836364291,44.3651413825,1.21911777042e-12
-77.8581881432,41.0857710331,1.35419044446e-12
-72.6900042591,47.766582381,2.44587962218e-12
-78.39044129,40.2982857361,7.77593894758e-13
-78.5966512179,39.9878728566,1.82836153989e-12
-73.0535062194,47.3501226245,7.17965094482e-13
-74.1602490708,46.0349595153,1.03797484851e-12
-72.8614597859,47.5710836132,0.0
-72.9618885957,47.4557968091,7.17033970034e-13
-74.7332708469,45.3252469616,7.35617941195e-13
-78.3104072511,40.4179596954,0.0
-77.3417708483,41.8311232703,0.0
-74.7639090453,45.2867333278,1.27327491855e-12
-73.6634363752,46.6342486038,7.24248067179e-13
-76.6063169001,42.8613752986,6.2499477631e-13
-77.7012131805,41.3142711938,1.28085227533e-12
-74.0754420222,46.1383035632,0.0
-72.3618355159,48.1361613131,5.69027630082e-13
-77.0610630686,42.2286442531,4.26325641456e-13
-74.1112950841,46.094666583,0.0
-75.1615937615,44.7815305095,6.05210039663e-13
-76.5500914208,42.9386489518,0.0
-77.3214810174,41.8600356213,6.35035222285e-13
-77.5062385302,41.5957271189,7.67043139119e-13
-76.3009433583,43.2785510811,7.53054195665e-13
-76.0748396354,43.5834847691,0.0
-74.8474741846,45.1813927231,1.04317768203e-12
-77.6682144216,41.3620899558,1.34904738792e-12
-74.6281545628,45.4569427121,5.98088037072e-13
-73.1423648288,47.2471710748,4.26325641456e-13
-72.0697036348,48.4601260313,0.0
-73.4053540106,46.939801286,7.2157170643e-13
-76.4295304699,43.1036365775,7.54523458117e-13
-77.5331057502,41.5570976395,0.0
-75.6242889792,44.1812154624,0.0
-75.2043521189,44.7266228077,4.26325641456e-13
-75.067110571,44.9024527618,0.0
-77.7772106039,41.2038578166,7.70252084571e-13
-76.4122923839,43.1271484247,1.24459536346e-12
-72.8893638271,47.5391089014,0.0
-76.756449179,42.6540109116,1.92897072667e-12
-78.1372883785,40.6752915708,0.0
-76.6987924748,42.7338245035,0.0
-75.2114465282,44.7175014632,4.26325641456e-13
-76.8099139712,42.5798018934,1.25567508355e-12
-76.285824007,43.2990461805,0.0
-74.3537834629,45.7974966798,7.31534479973e-13
-74.184687785,46.0050986347,0.0
-72.1199404348,48.4047492987,1.41726516303e-12
-74.4910053804,45.6277498906,1.46600942361e-12
-74.5616642284,45.5398945937,7.33764576123e-13
-76.2936362085,43.2884581926,0.0
-73.0900547569,47.3078324143,0.0
-72.1349729683,48.3881518373,7.08780120292e-13
-74.2752045755,45.8941848538,0.0
-76.3142949071,43.2604398496,0.0
-77.5337677389,41.556145214,4.26325641456e-13
-72.227377275,48.2858552379,1.70209998785e-12
-74.676611951,45.396317105,0.0
-78.2817982955,40.4606296353,0.0
-75.921015139,43.7890341704,3.10700162877e-12
-73.2627837299,47.1069280418,5.80341992694e-13
-76.6847343655,42.753251408,1.92604031177e-12
-78.1403627009,40.6707399765,7.74586915044e-13
-77.4602261536,41.6617687481,0.0
-75.1270761983,44.8257720173,1.28242929195e-12
-73.2177448946,47.1594794778,0.0
-74.0598471229,46.1572601136,5.90615666921e-13
-74.5816216298,45.5150246886,4.26325641456e-13
-74.2907952134,45.8750309821,0.0
-77.43195229,41.7022785542,0.0
-76.6303113766,42.8283345404,1.92381972642e-12
-78.3180679395,40.4065241529,1.07170776934e-12
-73.0668373941,47.3347060389,0.0
-72.1921767237,48.3248795513,0.0
-77.7402256153,41.2576413733,7.69812785026e-13
-73.3138452998,47.0472072157,0.0
-76.5046356359,43.000968079,1.24715969325e-12
-76.5412638423,42.9507621223,7.55804763832e-13
-76.5550562297,42.9318339906,1.24856212292e-12
-78.1767144867,40.6168705542,7.75022928369e-13
-75.9728209342,43.7199798014,1.23246681265e-12
-76.7685329625,42.6372553447,1.32497832568e-12
-72.7763890094,47.6682918136,1.22496861441e-12
-78.5777073255,40.0165142185,0.0
-76.0079145882,43.6731028929,7.49727523383e-13
-72.959503751,47.4585411441,0.0
-78.2501290744,40.5077972478,6.48285757196e-13
-74.595542322,45.4976629537,5.97655988996e-13
-77.3842737073,41.7704672804,3.90965299555e-12
-74.4565652854,45.6704610602,7.32635034351e-13
-74.9188722546,45.0910463885,2.44527768713e-12
-78.1194704015,40.7016584808,1.29281623959e-12
-77.4296496798,41.705575252,6.36566807808e-13
-78.0140240549,40.8572454494,1.35842412122e-12
-74.3261783093,45.8315064146,4.26325641456e-13
-76.8485912139,42.5259988412,4.26325641456e-13
-76.0843558244,43.5707181351,2.04003264412e-12
-75.2432620285,44.6765569852,0.0
-77.4256151197,41.7113507485,0.0
-74.24467897,45.9316444459,4.26325641456e-13
-77.1562720288,42.0944129746,7.62932414251e-13
-72.418583916,48.0726820151,0.0
-78.7295400922,39.7862466552,7.81698335907e-13
-78.7037687679,39.8254456597,4.26325641456e-13
-73.5008077357,46.8272450178,5.83384342723e-13
-77.547398914,41.5365269158,1.27647548158e-12
-74.1920021429,45.9961544505,4.26325641456e-13
-76.5774969207,42.9010103178,1.31993229067e-12
-75.2513961914,44.6660786008,0.0
-76.6276517622,42.8319987546,1.32125479587e-12
-76.638353536,42.8172518059,4.26325641456e-13
-73.4387022632,46.9005384526,1.24072179363e-12
-78.1384490784,40.6735732092,6.46680597782e-13
-72.7972760765,47.6444626925,0.0
-73.6874829106,46.6055797894,1.24672898351e-12
-75.1403283136,44.8087955005,0.0
-77.0905486098,42.1871391903,0.0
-76.706337099,42.7233931578,1.25277946899e-12
-73.2209075971,47.1557930564,0.0
-73.272122365,47.0960170063,7.20200289208e-13
-74.5707518888,45.5285730407,1.8419984649e-12
-73.4487268741,46.8887232137,7.22019667377e-13
-78.5451121278,40.065735952,0.0
-74.9920508283,44.9981177062,2.55802854495e-12
-77.0782033283,42.2045240539,1.94217713251e-12
-75.0180047393,44.965078841,0.0
-78.5152656402,40.1107413572,0.0
-74.9937827163,44.9959143539,6.02958495286e-13
-78.4343293632,40.2324699757,7.78123388753e-13
-74.7275062913,45.3324867913,1.27236273499e-12
-73.1124995849,47.2818235548,0.0
-72.0900883272,48.4376723616,1.74976563967e-12
-78.2333195135,40.5328046832,6.48043964883e-13
-76.0499529494,43.6168441194,6.17293175174e-13
-78.0056573893,40.8695574776,0.0
-74.6313113066,45.4529976734,1.8443393713e-12
-78.0106375053,40.8622295361,7.73034025756e-13
-74.7468031664,45.3082433635,1.27284615395e-12
-72.740453122,47.7092316962,2.294973454e-12
-75.0864651312,44.8777278566,1.28140075591e-12
-74.0182497917,46.2077528508,0.0
-73.9574157097,46.2814094636,1.17856351326e-12
-78.3566045635,40.3489360961,6.49818870519e-13
-74.8712536874,45.1513375885,1.04336045218e-12
-74.200111566,45.9862342654,7.29896573676e-13
-72.8767597421,47.5535571656,5.754549847e-13
-77.6697711904,41.3598357117,4.26325641456e-13
-75.265601664,44.6477691749,6.06610563773e-13
-76.1368911283,43.5001320705,0.0
-72.243364296,48.2681090316,7.09846595215e-13
-76.031315989,43.6417996288,1.49998416499e-12
-72.0685305257,48.4614175151,1.20852153815e-12
-74.2836180926,45.8838502605,7.30785498593e-13
-75.8754886309,43.8495750666,7.4823407899e-13
-75.2223592698,44.7034646646,1.2848472301e-12
-74.0440248429,46.1764781444,1.45648448978e-12
-77.6595640476,41.3746129033,0.0
-76.7302112495,42.690359295,0.0
-77.7328229546,41.2683950065,3.93865940309e-12
-77.9915823275,40.8902587854,6.44574335097e-13
-73.8476061683,46.4138052397,1.17571239019e-12
-78.7485040984,39.7573718453,0.0
-73.8796941353,46.3751915256,0.0
-77.7313313883,41.2705613056,0.0
-77.0454426023,42.2506085101,7.61638749019e-13
-73.6846899243,46.6089114009,1.4489392622e-12
-74.8692369088,45.1538879767,6.01293989691e-13
-76.3816869344,43.1688443817,0.0
-74.536886517,45.57073734,1.2676024694e-12
-72.0709538508,48.4587495772,2.12445725534e-12
-75.9341854921,43.7714952829,1.89567103361e-12
-75.3027471266,44.5998321732,0.0
-72.6398847413,47.8234166236,5.72485221665e-13
-75.8862611767,43.8352619079,0.0
-74.8723424826,45.1499606093,4.26325641456e-13
-76.2407581053,43.3600464535,7.52368475701e-13
-78.5881423088,40.0007406419,7.79983172232e-13
-74.8935375106,45.1231409713,6.01618317379e-13
-72.1051759811,48.4210387094,4.26325641456e-13
-73.5865017083,46.7257429893,1.44689502838e-12
-77.4230262997,41.7150560749,6.36472931791e-13
-78.1341779365,40.6798959714,0.0
-74.1391275582,46.0607382119,1.45849819572e-12
-74.6742867161,45.3992295365,0.0
-76.7580486278,42.65179365,1.25422430596e-12
-73.6793338121,46.6152991472,2.3427224141e-12
-76.9956741357,42.3204793624,0.0
-74.783854946,45.2616292093,6.00156140299e-13
-75.2859233851,44.6215543672,1.82065396199e-12
-75.090451384,44.8726326156,4.26325641456e-13
-74.6830628214,45.3882354378,0.0
-74.1239178657,46.0792849238,2.91635135196e-12
-77.8102901009,41.1556737678,0.0
-75.8845566576,43.8375271511,6.15023116108e-13
-75.8364095201,43.901435349,7.47794557084e-13
-74.4119480536,45.7256858325,2.52899474619e-12
-74.583393503,45.5128154885,1.2687613359e-12
-74.8641669374,45.160298271,2.72384874085e-12
-78.5851101784,40.0053248164,6.53117838828e-13
-75.3413333641,44.5499434303,0.0
-74.2172228543,45.9652891489,1.82841548355e-12
-77.7657332357,41.220558284,3.31815170865e-12
-73.6817953837,46.6123636655,5.8571235088e-13
-78.525946768,40.0946425195,7.79230393976e-13
-75.1065464465,44.8520497225,0.0
-76.6028837326,42.8660996955,7.56513213821e-13
-77.0780757704,42.2047036298,2.07780948643e-12
-72.5833040449,47.8874079708,2.44088434614e-12
-73.7612452998,46.5174255615,0.0
-76.9358294947,42.4042757046,1.25920397296e-12
-75.9716618153,43.7215267489,1.30408955197e-12
-75.6916655562,44.0926613369,7.46171404058e-13
-76.1986106169,43.4169759587,3.35042842651e-12
-74.5100951614,45.6040443077,7.33209815275e-13
-75.5079403671,44.3334503005,1.2197771146e-12
-78.5795040026,40.0137988979,0.0
-74.5052372751,45.6100789183,1.83947065372e-12
-78.7983229002,39.681396104,7.82534535456e-13
-77.3954507248,41.7544960901,7.65737648601e-13
-74.2890125622,45.8772218034,3.2319082548e-12
-75.0000062262,44.9879950991,4.55273204226e-12
-74.9116129186,45.1002467492,7.37555862405e-13
-78.7780591247,39.7123203707,2.01339094157e-12
-76.3482718603,43.2142976288,2.79538824194e-12
-78.7886621854,39.6961428084,6.56066182156e-13
-77.508326771,41.5927264318,0.0
-72.7802949705,47.6638375547,7.15198200213e-13
-75.038996819,44.9383255004,4.26325641456e-13
-73.3715370512,46.9795497806,0.0
-72.534471531,47.9424919751,8.52651282912e-13
-78.3682505165,40.3315122603,4.26325641456e-13
-73.1102793858,47.2843975913,1.23286650822e-12
-75.400213831,44.4736341935,2.22877837654e-12
-73.1508139981,47.2373582346,0.0
-78.1639926152,40.6357334621,0.0
-74.2308580815,45.9485862488,4.26325641456e-13
-75.2365777316,44.6851645357,0.0
-77.8844820914,41.0473301046,0.0
-76.6238341133,42.8372575989,6.25238860683e-13
-77.73450338,41.2659542317,7.6974485422e-13
-75.7919689003,43.9602908583,6.13756353843e-13
-76.0499194604,43.6168889826,1.23458542924e-12
-71.9993738377,48.5374196973,3.09905944672e-12
-72.3987514244,48.0948871694,2.43228767024e-12
-76.7921146657,42.6045284973,6.27588508263e-13
-73.4498664504,46.8873797114,1.94504419785e-12
-75.9855857446,43.7029382563,0.0
-76.0484787102,43.6188189979,0.0
-78.4540656062,40.2028289417,7.78361669515e-13
-73.8396179988,46.4234084486,0.0
-78.4329537059,40.234534999,0.0
-77.5647540958,41.511530536,7.67734204215e-13
-75.8202234054,43.9228863913,4.26325641456e-13
-72.5159553183,47.9633437157,4.26325641456e-13
-76.4611659534,43.0604364121,4.26325641456e-13
-76.2886974661,43.2951522064,1.24117170023e-12
-74.5314748702,45.5774686324,0.0
-73.0058356564,47.4051670334,1.78296721411e-12
-74.1942038678,45.9934614926,0.0
-78.8599575845,39.5871577083,0.0
-74.6590808441,45.4182671688,0.0
-74.3088906056,45.8527814203,0.0
-73.9982794096,46.2319569759,1.17962685167e-12
-75.4702219686,44.3826170327,0.0
-75.7961670206,43.9547364712,0.0
-74.0118300534,46.2155361849,1.25463370807e-12
-75.9903402441,43.6965881006,1.30457427532e-12
-78.6788684807,39.8632752643,6.5447478272e-13
-72.3098841618,48.1941179167,7.10503399762e-13
-78.6950480556,39.8386995248,7.81279467858e-13
-73.7664141505,46.5112361449,0.0
-73.7469733772,46.5345071962,2.06984017043e-12
-77.5812891285,41.4876962143,1.96301182375e-12
-75.7339840663,44.0368924542,0.0
-74.2170735153,45.9654720241,5.92670861963e-13
-72.8590102514,47.5738883752,1.22691463666e-12
-78.4825542061,40.1599949111,0.0
-73.9544533261,46.284990605,0.0
-77.2119612843,42.0156149065,0.0
-77.1370194535,42.1216057922,0.0
-77.6119806376,41.4434064609,7.68292713749e-13
-78.5475643809,40.062035425,6.52574982798e-13
-78.7034470332,39.8259347321,1.37730430076e-12
-78.6317021298,39.9348125857,0.0
-78.8273726247,39.63701306,4.26325641456e-13
-72.6545680091,47.8067808188,1.40133199922e-12
-73.4112259607,46.9328926018,5.82236753942e-13
-73.6149443749,46.6919581913,7.23743208319e-13
-74.0914372932,46.1188451653,8.52651282912e-13
-78.7676080474,39.7282582675,0.0
-76.8002755908,42.5931940566,1.32581905149e-12
-74.223285662,45.9578637094,0.0
-77.695120671,41.3231055312,7.69277594594e-13
-73.3596245901,46.9935358495,0.0
-76.0164215812,43.6617274939,6.16832222483e-13
-77.7298606916,41.2726971446,3.23240968621e-12
-78.0347599065,40.8267105212,7.73322419889e-13
-74.4238136911,45.7110110444,1.03995210012e-12
-73.0394111609,47.3664115077,7.17821628647e-13
-72.5766602159,47.8949101881,7.13155122792e-13
-72.2031874003,48.3126801422,1.41890149278e-12
-72.1327470602,48.3906102506,1.75128984573e-12
-75.4018278776,44.4715392882,1.21690139735e-12
-73.8711283213,46.3855053675,0.0
-77.5792158943,41.490685692,2.09722131464e-12
-76.5492008836,42.9398711777,7.55895944343e-13
-73.305075636,47.0574748301,1.23751535152e-12
-78.1310188862,40.6845716381,7.74474903237e-13
-77.5512033195,41.5310492586,0.0
-76.7487699259,42.6646540216,6.26982467642e-13
-75.4087483303,44.4625552111,0.0
-77.6581190257,41.3767043271,0.0
-75.6501441116,44.1472680595,6.1182157967e-13
-75.147449681,44.7996681728,6.05019878376e-13
-75.7888707595,43.9643891721,6.13714015924e-13
-76.6676114771,42.7768957589,0.0
-78.7950021003,39.6864659199,2.1452053284e-12
-75.2799951431,44.6292044325,2.01020434372e-12
-77.333025655,41.8435883199,1.34002322246e-12
-77.0393790487,42.2591301663,6.31056572718e-13
-76.2192970838,43.3890488472,7.52124265076e-13
-72.8627743259,47.5695783002,1.43206077422e-12
-78.4210012792,40.2524714118,6.50747380448e-13
-75.7076062387,44.0716676306,2.23904937654e-12
-78.8090975763,39.6649411946,8.52651282912e-13
-78.0062146131,40.8687376418,1.28956788258e-12
-76.3413322286,43.2237281284,0.0
-74.2319715686,45.9472217514,0.0
-74.0534229363,46.1650648591,1.45668317368e-12
-76.2941969926,43.2876979999,6.20661916075e-13
-78.4714318841,40.1767246555,4.26325641456e-13
-74.1654140079,46.0286516457,1.2584052628e-12
-76.006103099,43.6755245764,6.16690450236e-13
-72.701233123,47.753829738,0.0
-72.6048619332,47.8630477354,1.2209460609e-12
-78.4761924482,40.1695650717,0.0
-78.020493825,40.8477214823,7.73151842179e-13
-75.8892088866,43.831344066,1.23017368578e-12
-76.4126113433,43.1267135588,4.26325641456e-13
-77.3283633744,41.8502316231,0.0
-78.8674334901,39.5757088861,7.83375923654e-13
-77.4938126483,41.6135762624,0.0
-75.2854717313,44.6221372795,7.41657023165e-13
-73.6145086405,46.6924761246,5.84845380028e-13
-76.3620307874,43.1955907888,1.31426957683e-12
-72.995130812,47.4175098562,3.69039806957e-12
-75.0028129603,44.9844228113,3.04538545558e-12
-75.565726343,44.2579490994,0.0
-74.757485523,45.2948128004,1.04248768012e-12
-78.747406732,39.7590434002,0.0
-78.5313875379,40.0864389857,2.64396253985e-12
-73.7828006422,46.4916037526,0.0
-77.2690265507,41.9346518793,7.64252604518e-13
-75.7410498141,44.0275697377,1.2261218549e-12
-78.6740225983,39.870632256,0.0
-78.6336101046,39.931921799,4.26325641456e-13
-78.8101420014,39.663345729,6.56377814129e-13
-75.1893672502,44.7458785677,3.85202777979e-12
-77.9620493878,40.9336505821,2.71402127793e-12
-72.4092202135,48.083168671,0.0
-74.5257049543,45.5846435832,7.33377632592e-13
-77.4021381926,41.7449360879,0.0
-72.8164935731,47.6225164814,0.0
-72.3716620828,48.1251820272,5.69149300824e-13
-74.9146640266,45.0963802258,4.26325641456e-13
-72.9605853282,47.4572965708,5.76511232656e-13
-73.2686593163,47.1000637378,4.26325641456e-13
-77.7110813098,41.2999566694,1.92170025848e-12
-77.0268885692,42.2766763523,2.07583986333e-12
-77.6301004894,41.4172280641,0.0
-78.4933872396,40.1436919531,2.00131240425e-12
-76.4641311335,43.0563838917,0.0
-78.4637937472,40.188208601,7.78479158517e-13
-78.5395102774,40.0741877346,2.74558723066e-12
-78.288716927,40.4503158166,0.0
-72.5743209697,47.8975510778,1.76719653536e-12
-72.5017837933,47.9792898076,0.0
-76.898487755,42.4564409129,6.29078221668e-13
-77.782918588,41.195548874,1.35215030749e-12
-73.8638065421,46.3943178429,4.26325641456e-13
-72.8707173612,47.5604804401,1.22719082342e-12
-73.5831122027,46.7297659447,0.0
-74.9145007181,45.0965871934,7.3758734075e-13
-77.558922293,41.5199322853,2.58894892115e-12
-78.7894369068,39.6949604698,6.56077420261e-13
-77.5158504734,41.5819128134,6.37789675662e-13
-72.8348828438,47.6014964922,1.14985670026e-12
-72.1750474126,48.3438449119,1.70016654571e-12
-78.8286953702,39.6349907082,1.0761968121e-12
-73.8279900042,46.4373806017,0.0
-78.1686386903,40.6288459644,6.47114212244e-13
-72.2452724436,48.265989973,7.0986541145e-13
-75.073094478,44.8948109956,4.26325641456e-13
-77.3395870388,41.8342364725,1.53016164582e-12
-75.6488755197,44.1489347012,1.29575135759e-12
-77.3210972433,41.8605822173,1.90508938257e-12
-77.48590739,41.6249262693,1.34413109692e-12
-74.9103546727,45.1018410955,1.27695458892e-12
-75.5947136436,44.2199949465,1.2221345326e-12
-74.1911311604,45.9972196795,0.0
-77.1963027252,42.0377923578,0.0
-78.4946442627,40.1417996877,4.26325641456e-13
-75.4823047839,44.3668766918,7.43837061132e-13
-76.490470426,43.020360398,6.23382990668e-13
-72.0040358239,48.532304449,0.0
-77.7909003219,41.1839263359,1.97175610615e-12
-76.8164162962,42.5707636514,0.0
-76.0401850779,43.6299264422,0.0
-72.2555350373,48.2545895898,5.6771389901e-13
-75.7718289933,43.9869214752,7.47069421782e-13
-72.6819007713,47.7757811133,1.77110741955e-12
-76.7646349624,42.6426614388,0.0
-74.4052829186,45.733925153,1.78542978121e-12
-74.6694910786,45.4052351746,5.98636226677e-13
-75.4136990793,44.456126322,1.2897227276e-12
-78.7079573102,39.8190779443,0.0
-76.9610626836,42.3689727502,1.25991229947e-12
-76.2899446273,43.2934619446,0.0
-78.2634916895,40.4879037316,4.26325641456e-13
-77.660378033,41.3734347343,0.0
-73.2108188983,47.1675503474,4.26325641456e-13
-76.2929656679,43.2893671431,7.52963229515e-13
-75.3437528024,44.5468121611,0.0
-72.7921674965,47.6502931251,1.02807599283e-12
-73.5792104664,46.7343960236,1.94952112627e-12
-74.5006361321,45.6157932633,8.52651282912e-13
-76.3735590151,43.1799072458,6.21760684794e-13
-74.3159963476,45.8440389782,0.0
-74.0912779175,46.1190391232,7.28742076481e-13
-75.0983557074,44.862526338,0.0
-75.5957674137,44.2186141939,7.4510017453e-13
-77.7041236186,41.3100500628,0.0
-74.1217715601,46.0819010095,7.29065089104e-13
-72.2176314218,48.2966665954,1.21195220907e-12
-72.8256262058,47.6120797569,5.7481203407e-13
-72.6308048145,47.8336979055,5.72371826137e-13
-72.9764747053,47.4390049293,1.43436397862e-12
-77.9996110839,40.8784519407,0.0
-73.1170231796,47.2765781494,1.23302694511e-12
-77.1164738735,42.1505972506,1.33422844678e-12
-76.0411424158,43.6286445331,6.17172021505e-13
-75.1474566258,44.7996592702,3.65506819847e-12
-78.6323394688,39.9338469773,1.07446272259e-12
-75.4700195772,44.3828806098,7.43700579183e-13
-75.8288534999,43.911451253,0.0
-78.1542043665,40.6502389708,1.36224355941e-12
-74.2486137233,45.9268190674,0.0
-73.2249152615,47.1511209236,4.26325641456e-13
-76.3904577332,43.1569016163,1.31501491172e-12
-72.2103899404,48.3046963916,2.96119910949e-12
-78.4595897544,40.194527561,0.0
-73.7224419005,46.5638400203,4.26325641456e-13
-75.5798852096,44.2394170788,6.10865655968e-13
-78.8468886673,39.6071623259,1.56625135055e-12
-76.5453235786,42.9451920084,4.26325641456e-13
-72.6013930827,47.8669692682,1.22086495572e-12
-73.4471399806,46.8905939541,0.0
-77.7847356932,41.1929032969,4.26325641456e-13
-78.1930579477,40.5926213131,1.36330400774e-12
-75.5393940481,44.2923804158,0.0
-76.8307925593,42.5507705854,1.93201365061e-12
-76.6699082397,42.7737253792,7.57285262192e-13
-78.084097535,40.7539375511,0.0
-74.5469284465,45.5582419035,1.84107870451e-12
-75.5865894421,44.2306376846,1.48999565421e-12
-74.2965953076,45.8679015191,1.261641084e-12
-75.9010914766,43.8155450517,7.48522329806e-13
-75.8084835259,43.9384343747,1.29986521747e-12
-72.8393796892,47.5963534209,2.33911845214e-12
-76.1265484348,43.5140426763,7.51070707031e-13
-77.1072737507,42.1635701178,1.33398288881e-12
-78.3364769188,40.3790272482,7.76943553541e-13
-75.3624604012,44.5225880192,0.0
-73.9225195726,46.3235611466,5.88828232613e-13
-75.4836183437,44.365164951,2.01768923034e-12
-72.1668289724,48.3529385387,0.0
-77.705309183,41.3083304218,2.59716766357e-12
-73.2951004274,47.0691484864,4.26325641456e-13
-73.8941954921,46.3577209153,1.17692092494e-12
-74.8009927259,45.240039751,0.0
-77.3144772203,41.8700093066,0.0
-76.4033438124,43.1393460804,0.0
-73.1869494013,47.1953442726,3.01976267083e-12
-75.4609727751,44.3946597213,6.09251647714e-13
-74.5741586206,45.5243275741,0.0
-78.6805006548,39.8607969338,2.00924543225e-12
-77.4000658559,41.7478989018,0.0
-77.8060115847,41.1619101617,0.0
-77.7704328485,41.2137210775,4.57013530237e-12
-74.4638571383,45.6614240548,1.46542653348e-12
-77.3744122274,41.7845515921,1.53098034037e-12
-75.4815307649,44.3678852886,1.29145749343e-12
-76.7637246176,42.64392384,1.92926828673e-12
-72.6323271645,47.8319744584,1.14478167174e-12
-78.0191001545,40.8497733109,2.61486230054e-12
-73.2914775463,47.0733867959,1.23718985158e-12
-77.6656870588,41.3657492922,1.06607315732e-12
-76.4790437354,43.0359939862,0.0
-75.3993907067,44.4747024801,1.28935722058e-12
-73.2980712624,47.0656724199,1.03166522435e-12
-74.7558896324,45.2968197077,0.0
-77.0205856652,42.2855264611,0.0
-77.9937821673,40.8870242125,0.0
-75.4616166847,44.3938215107,6.09260374343e-13
-78.7033703581,39.8260512857,0.0
-76.5577246455,42.928170506,7.55993888966e-13
-73.9133195875,46.334661874,5.88708743158e-13
-78.070630756,40.7738178187,4.26325641456e-13
-77.3286745661,41.8497882509,1.27027395076e-12
-75.4295302902,44.4355579529,1.87557247694e-12
-77.8742184423,41.0623409224,6.42895064752e-13
-77.3480135318,41.8222220159,0.0
-75.2366662453,44.6850505727,6.0622054757e-13
-78.0204316492,40.8478130235,4.26325641456e-13
-77.0420244241,42.2554126874,4.26325641456e-13
-73.4480570817,46.8895128295,5.82708203153e-13
-74.0754897648,46.1382455067,2.51238956509e-12
-74.7696707651,45.2794840955,1.27341938741e-12
-75.6445992948,44.1545519293,0.0
-72.3378905732,48.1628927219,7.10780454753e-13
-77.6820542343,41.3420436857,7.69122670094e-13
-72.7967568451,47.6450553598,4.26325641456e-13
-78.2265331463,40.5428951149,6.47946367389e-13
-78.8614241639,39.5849120575,6.57122204451e-13
-75.443101543,44.4179131079,7.43401727733e-13
-75.4128182085,44.4572703073,2.7499226186e-12
-75.5986955901,44.2147770382,7.45132834302e-13
-78.4637496154,40.1882749413,1.55695725094e-12
-72.9508935743,47.4684465132,5.76388969873e-13
-74.8259461812,45.2085718958,6.0071674121e-13
-78.2570029738,40.4975653268,7.75987248432e-13
-76.2305854796,43.373797487,2.62166041503e-12
-76.3415097826,43.2234868837,7.53517098634e-13
-78.8696372941,39.5723331602,0.0
-76.977380063,42.3461208438,6.30185275158e-13
-77.7501869788,41.2431648319,7.6993106357e-13
-76.6559735399,42.792955011,1.51424924977e-12
-76.3300323704,43.2390771084,0.0
-75.8918181109,43.8278756412,7.48417898142e-13
-72.7143026223,47.7389777277,0.0
-77.0995070484,42.1745173048,6.31902658538e-13
-74.5888298413,45.5060361715,5.97567110431e-13
-77.9235184936,40.9901719571,1.28720007077e-12
-74.5300512684,45.5792390857,0.0
-75.0399467657,44.9371141897,0.0
-76.0752411409,43.5829462405,6.17641055655e-13
-73.6132134644,46.6940155626,7.23725204483e-13
-77.8137999232,41.1505568846,6.4203195639e-13
-75.5446337113,44.2855327184,6.10386674054e-13
-77.1030354399,42.1695445326,6.31952340887e-13
-72.7437191688,47.7055138753,5.73784289875e-13
-75.055135257,44.9177391372,4.26325641456e-13
-73.9693923558,46.2669258916,4.26325641456e-13
-75.6161789874,44.1918549385,0.0
-72.65435896,47.8070177517,5.72666051888e-13
-73.8891363636,46.3638173579,0.0
-73.0590662976,47.3436940158,0.0
-76.5013403996,43.0054804764,0.0
-77.4557092527,41.668244068,7.66447243314e-13
-77.1358306741,42.1232840325,0.0
-73.667572261,46.6293201373,4.26325641456e-13
-74.0131058068,46.2139896494,1.25466496147e-12
-74.7682279544,45.2812995918,5.99948173232e-13
-75.9065625528,43.808267672,1.3024020509e-12
-75.112241695,44.84476256,1.47950048812e-12
-73.1177769121,47.2757040326,1.15699875574e-12
-74.79759243,45.244324748,1.41286550313e-12
-74.0261501826,46.1981709749,5.90176410284e-13
-72.8465336024,47.5881690787,7.1586631147e-13
-74.7267911833,45.3333847677,1.1987943122e-12
-72.4579707899,48.0285181834,1.42394376085e-12
-77.8433747755,41.1074066803,0.0
-72.1307536647,48.3928116335,7.0873870033e-13
-77.9301724414,40.9804185526,1.3561444456e-12
-72.1153916194,48.4097692155,1.6979664387e-12
-75.5377968724,44.2944674106,0.0
-72.5684740404,47.9041506218,1.22009575829e-12
-77.3386491441,41.8355734199,1.53013960771e-12
-74.95889547,45.0402627066,1.20498335291e-12
-76.5648869649,42.9183349794,0.0
-78.8241725686,39.6419051285,8.52651282912e-13
-77.7545386051,41.2368386037,1.5399654859e-12
-75.6252222078,44.1799908922,1.29514323107e-12
-74.6510103972,45.4283655205,1.19678213025e-12
-77.4147266715,41.7269320859,3.29404255856e-12
-73.1717803003,47.2129902707,0.0
-75.6454596345,44.1534218855,1.22351558237e-12
-73.1503110728,47.2379424456,8.52651282912e-13
-72.6586406992,47.8021644059,4.26325641456e-13
-74.6873107891,45.382912172,5.9887273858e-13
-77.7643890303,41.2225136142,1.92398040554e-12
-72.944807917,47.4754450587,1.43372148544e-12
-74.1241936022,46.0789488143,1.82486482108e-12
-74.8929457428,45.1238901578,7.37352457232e-13
-72.40588792,48.0868994173,0.0
-78.2065242903,40.5726269419,7.75380753634e-13
-78.3300748187,40.388592549,1.29887325479e-12
-77.9661392106,40.9276451424,0.0
-74.9736287873,45.0215431105,6.02688766371e-13
-75.2848618908,44.6229243296,7.41650291015e-13
-74.23674179,45.9413753438,5.92928612106e-13
-77.543755099,41.5417724228,0.0
-72.2208828564,48.2930602666,0.0
-75.4142896118,44.4553593709,0.0
-73.2466280243,47.1257920569,5.80136294151e-13
-76.3607371635,43.1973501496,7.53736701127e-13
-73.3388141812,47.0179489403,1.16262279473e-12
-77.7201559141,41.2867873057,7.69574573344e-13
-77.4235073246,41.7143676283,0.0
-73.402348844,46.9433362587,1.03241543656e-12
-78.3481687211,40.3615512669,0.0
-75.8969827282,43.8210090503,6.15193346105e-13
-76.9670338944,42.3606123593,1.33024625314e-12
-76.9034886636,42.4494602301,4.26325641456e-13
-76.7136315939,42.7133040398,0.0
-73.6218310322,46.6837709207,5.84939642475e-13
-75.1112408523,44.8460433019,1.86303492568e-12
-74.6448284272,45.4360981555,1.84486243235e-12
-78.0498587596,40.8044576741,1.81713935718e-12
-75.7803968396,43.9755955685,3.18427133745e-12
-77.2822284478,41.9158898336,0.0
-77.0308153899,42.2711612253,1.33194417542e-12
-75.4313412497,44.4332040867,6.08850220659e-13
-77.829851456,41.1271449203,0.0
-73.5592830156,46.7580294186,1.44632968178e-12
-77.0286725506,42.2741709213,3.88027592088e-12
-77.8636250951,41.0778262973,6.42743665474e-13
-76.657821885,42.7904050714,7.57145928585e-13
-78.8338264666,39.6271445792,1.97016462376e-12
-72.3405762662,48.1598960784,0.0
-76.4229004124,43.1126819488,6.22444834205e-13
-76.5426782997,42.9488215564,6.24108843772e-13
-72.978796719,47.4363306502,4.26325641456e-13
-72.6909177047,47.7655452445,1.71936947851e-12
-75.7481609175,44.0181839352,4.26325641456e-13
-75.5894926559,44.2268349471,1.22199254415e-12
-78.4532893065,40.2039953499,7.78352295062e-13
-74.0999007596,46.1085430597,7.28833379966e-13
-73.5731781422,46.7415526507,7.23309109237e-13
-78.7463342687,39.7606769396,0.0
-76.1578939698,43.471862397,1.85633864812e-12
-78.2035144256,40.5770969845,1.98907139146e-12
-77.3605628457,41.8043203045,6.35588212382e-13
-78.8476469709,39.6060019196,1.38128219106e-12
-75.3206893596,44.5766461022,4.26325641456e-13
-74.7999202509,45.2413913438,1.27417826859e-12
-77.0795747653,42.2025932775,7.62036735618e-13
-73.7326630481,46.5516226957,5.86368921825e-13
-77.9274806714,40.9843645375,1.28731343966e-12
-75.7173272379,44.0588571672,6.12737237735e-13
-76.771114773,42.6336741011,4.26325641456e-13
-74.9994129315,44.9887501555,0.0
-75.4948535089,44.3505195656,6.09711014426e-13
-76.9974733906,42.3179562607,1.52216012226e-12
-74.5212184394,45.5902212025,1.19334561809e-12
-73.3723150878,46.9786360235,1.0321989979e-12
-74.8119114496,45.2262753119,0.0
-74.2423483852,45.9345021131,1.46069169625e-12
-73.6904276592,46.6020666498,2.34329480551e-12
-74.7768829861,45.2704069893,1.20012669018e-12
-78.3154462371,40.4104381781,1.36664946935e-12
-78.343727111,40.3681913609,3.35821383533e-12
-72.8074711662,47.6328225967,2.45140013247e-12
-74.7383634665,45.3188493231,0.0
-72.194610487,48.322183609,2.30757578815e-12
-76.9807900209,42.3413430586,6.30233167116e-13
-78.7546402293,39.7480234631,0.0
-73.5606379585,46.7564232331,1.24366002573e-12
-76.8035645952,42.5886248081,6.27748695376e-13
-74.6372016902,45.4456347175,7.34579008437e-13
-72.5112909024,47.9685934516,1.02611930452e-12
-77.4678107362,41.6508925405,0.0
-73.3271442885,47.0316281045,0.0
-75.3460689905,44.5438141724,0.0
-72.9876881654,47.4260874619,0.0
-73.5989156495,46.7110032976,7.23576532449e-13
-75.1971242624,44.7359124666,3.85261863024e-12
-78.1856412005,40.6036280512,7.75130054922e-13
-74.5358560666,45.5720192069,0.0
-73.2953586077,47.0688464193,4.26325641456e-13
-72.5921390148,47.877427681,1.02667988873e-12
-78.1697814761,40.6271516299,6.47130630454e-13
-78.4922174815,40.1454527542,1.30355063595e-12
-77.6884957053,41.3327090514,6.40244959068e-13
-73.6176145917,46.6887840089,1.16977072193e-12
-77.5129514023,41.58608003,7.67122364079e-13
-76.2850178938,43.3001384892,1.31225306595e-12
-77.4264089999,41.7102143921,4.26325641456e-13
-73.537178892,46.7842170281,4.26325641456e-13
-77.5992489088,41.4617869738,1.53628415768e-12
-77.6438485869,41.3973506657,1.53733994962e-12
-76.8206831159,42.5648312289,6.27988261704e-13
-77.4553015753,41.6688284361,6.36930498074e-13
-77.8892614361,41.0403377208,1.06799102087e-12
-78.1292842574,40.6871387427,7.74454111578e-13
-74.7226918599,45.3385317668,4.26325641456e-13
-77.991200328,40.8908204308,7.72801768e-13
-76.2440031943,43.3556584181,3.35332535331e-12
-75.7047478981,44.0754332351,0.0
-72.3394792163,48.1611201934,7.10796179817e-13
-73.7437117846,46.5384092059,7.25085846292e-13
-73.4273402387,46.9139229078,5.82442956713e-13
-72.1644757546,48.3555416684,2.95849284087e-12
-77.1353537735,42.1239572625,4.26325641456e-13
-76.76668457,42.6398189867,1.51680537477e-12
-77.7342158585,41.266371863,0.0
-78.6718487726,39.873932008,0.0
-72.0156722382,48.5195315116,1.6942983306e-12
-75.9748018075,43.7173359476,1.2325211963e-12
-75.4849865919,44.363381827,6.09577194186e-13
-77.4702268253,41.6474270705,1.27428438154e-12
-76.3284124136,43.2412768624,1.05490443731e-12
-76.7509918466,42.661574941,1.32451401317e-12
-76.4022795731,43.1407963768,0.0
-74.3223845478,45.8361767373,1.46239815608e-12
-78.0706052361,40.7738554803,1.93712089658e-12
-73.0377222399,47.368362537,7.17804443306e-13
-74.2713765518,45.8988855189,4.26325641456e-13
-73.2863958797,47.0793304167,1.16128562328e-12
-72.261183596,48.2483123083,4.26325641456e-13
-74.8855454156,45.1332572403,7.37271856525e-13
-77.7851436135,41.1923093624,0.0
-78.586945869,40.0025495758,0.0
-77.8778852638,41.0569789493,0.0
-77.5199744671,41.5759838641,0.0
-77.0136830476,42.2952155783,1.26139063623e-12
-73.0777558136,47.3220720445,5.77992274643e-13
-73.5047512421,46.8225834951,4.26325641456e-13
