-74.408444291,38.8223500492,0.0
-70.5375444685,43.5881149025,0.0
-71.943243043,41.94559874,2.84092028301e-12
-71.618026177,42.3343255072,7.60944188198e-13
-69.2485984192,45.0100805757,1.20561883662e-12
-73.3610162791,40.1880254942,1.30273333939e-12
-69.8308754965,44.377454038,0.0
-69.593699898,44.6370553345,1.86942888423e-12
-71.1175543472,42.9222181119,6.24378521637e-13
-73.1472939353,40.4596076771,6.48751345002e-13
-73.3309492828,40.2263762928,6.50998239191e-13
-72.7828743825,40.9172148844,1.35731486675e-12
-71.3844176866,42.6102876117,4.26325641456e-13
-71.3013584744,42.7077514688,1.32363186886e-12
-73.0332355546,40.6035720437,0.0
-71.1674224015,42.8641959299,7.56529135015e-13
-74.5422304616,38.6437292895,2.04285510671e-12
-73.3904910404,40.1503842735,1.30345599922e-12
-70.6966823415,43.4070455497,0.0
-72.4749858626,41.2984979197,0.0
-72.9843184768,40.6651083506,7.7463251418e-13
-67.9552149662,46.3595686488,1.25171991258e-12
-69.6859530217,44.5363941165,1.28814259301e-12
-68.0306158362,46.2829611541,2.39530512919e-12
-72.5913790862,41.1549310213,6.41989120048e-13
-68.7120770036,45.5790793099,0.0
-73.6959464441,39.75761941,6.55481463456e-13
-71.0969325614,42.9461760242,6.24135667434e-13
-71.3126520407,42.6945193992,7.57946471837e-13
-69.7879848406,44.424596533,1.48668939798e-12
-72.6046850385,41.1384743661,7.70785645834e-13
-70.6332598641,43.4793558524,0.0
-71.1533160008,42.8806213652,6.24799916095e-13
-72.8435654819,40.8414808254,3.4695815751e-12
-74.6442705903,38.5068514577,2.0465817501e-12
-72.3464985487,41.4561776583,0.0
-69.0933535316,45.1760832034,0.0
-72.9963054077,40.6500405976,6.46908787083e-13
-69.7905794518,44.4217471823,0.0
-74.4977462392,38.7032270068,0.0
-74.5784461981,38.5952127163,6.66408877726e-13
-71.6865829111,42.2528222244,1.26223939289e-12
-68.0657741725,46.2471541053,0.0
-70.1629914956,44.0094604705,7.46878104648e-13
-68.3553961895,45.9500945823,0.0
-68.6745791199,45.618354886,0.0
-73.1479561303,40.4587698825,0.0
-72.8933878432,40.7791673376,6.45655337956e-13
-70.9936258785,43.0658803558,7.54840154875e-13
-74.7261112344,38.3966674002,4.26325641456e-13
-73.457437633,40.0647203449,1.30509853169e-12
-71.3262391745,42.6785917009,7.58079348608e-13
-74.1366769876,39.1822601726,0.0
-68.2839091983,46.0237655523,7.29570472696e-13
-68.1752493213,46.1353073875,2.40154881243e-12
-72.2525756016,41.5709071908,4.26325641456e-13
-72.1214664379,41.7303105238,1.34215332319e-12
-73.0715744623,40.5552560596,1.07083787243e-12
-72.6750266331,41.0513255866,4.26325641456e-13
-71.4020012972,42.5896106228,0.0
-71.9246088454,41.9680155846,2.08427015457e-12
-71.1361297298,42.9006197244,1.05694658236e-12
-67.9133958746,46.4019486152,7.26277304666e-13
-72.2353288336,41.5919258039,2.09448319989e-12
-68.2677917002,46.0403438442,2.9177055441e-12
-68.7646302063,45.5239270973,0.0
-72.1208434644,41.7310658562,0.0
-69.6251734031,44.6027582111,1.28683464368e-12
-74.6957213492,38.4376238487,7.92340180899e-13
-71.9301640144,41.9613345771,7.64032323833e-13
-74.9352252764,38.1135035665,1.08492558013e-12
-75.0191973122,37.9991361948,7.95745952331e-13
-72.7667651155,40.9372851126,6.44116003539e-13
-74.9885572863,38.0409108428,1.44455032007e-12
-74.5866443802,38.5842202671,0.0
-73.6693420875,39.7920227963,1.3779187796e-12
-74.0581048432,39.2855853942,0.0
-74.9885733791,38.0408889151,1.40908809145e-12
-74.1322608026,39.1880762917,6.60869547678e-13
-73.8083076578,39.6119089347,4.26325641456e-13
-71.7718244227,42.1511548885,7.62462792985e-13
-68.5399142758,45.758878319,0.0
-70.6605090688,43.4483119788,1.30938903859e-12
-72.2582102605,41.5640369605,1.53460669215e-12
-74.5971013595,38.5701939246,6.66641072074e-13
-74.0857986829,39.2492043069,0.0
-69.6991666338,44.5219434381,6.07924981988e-13
-74.8758241646,38.194177604,2.71415353109e-12
-69.7488575703,44.4675268036,0.0
-71.5101667394,42.4620780378,1.25804318177e-12
-71.7371474836,42.1925579646,1.94252722049e-12
-70.7199039239,43.3805208539,0.0
-72.1042665075,41.7511575788,1.27223061394e-12
-71.9202311402,41.9732794012,1.26781879207e-12
-73.1999608505,40.3929034359,7.76831701266e-13
-72.4146812102,41.3726088538,0.0
-68.4553666554,45.8466853496,7.31107931601e-13
-72.5174904135,41.2461505144,0.0
-72.5829480928,41.1653536794,0.0
-71.1694459277,42.8618389389,0.0
-74.6953748488,38.4380905425,6.67864988304e-13
-69.5765327156,44.6557430695,1.28578939584e-12
-72.5920974509,41.1540427879,2.60313901747e-12
-69.6379702981,44.5887999561,2.46603861996e-12
-74.124994277,39.197644062,0.0
-73.0952449755,40.5253876005,1.36453997902e-12
-71.3202036882,42.6856680097,6.26770492403e-13
-74.1688059779,39.1399151407,0.0
-74.6980073314,38.4345447487,3.57602690713e-12
-73.9640216925,39.4088782471,6.58788402842e-13
-73.1965208327,40.3972647271,1.99416332661e-12
-75.0200542286,37.9979671493,0.0
-75.0677217706,37.9328747288,0.0
-73.8592049019,39.5456863412,1.38237010556e-12
-74.6352179791,38.5190172165,6.67115636777e-13
-73.3243669724,40.2347658092,0.0
-68.2462946376,46.0624374246,1.45846864975e-12
-73.1628453269,40.4399263785,0.0
-72.3585732167,41.4413954991,2.09855268334e-12
-71.9911774251,41.8878534015,1.80207031181e-12
-73.3093204185,40.2539349786,6.50733306826e-13
-69.4871490966,44.7528206468,2.00669017839e-12
-68.1841853715,46.1261542113,1.96723294259e-12
-69.7263231623,44.492218691,0.0
-69.3848979906,44.86341554,0.0
-69.8126946337,44.3974478213,7.43576326308e-13
-73.097617746,40.522391934,6.48144658851e-13
-73.6132138383,39.864482969,6.54463262932e-13
-73.5951206136,39.8878056155,0.0
-70.6720427618,43.4351612621,0.0
-73.4702774137,40.0482639467,6.52706867545e-13
-72.7730582834,40.9294461667,4.26325641456e-13
-71.1971889342,42.8295036717,1.87595193347e-12
-70.7156826062,43.3853445771,1.05403913402e-12
-73.6061456661,39.8735960755,6.54376327463e-13
-74.7146144613,38.4121674108,2.04915326653e-12
-68.1475138251,46.1636941401,5.90546605244e-13
-71.1150580822,42.9251193291,6.24349118673e-13
-72.9402461366,40.7204439842,1.29245155942e-12
-72.6988282679,41.0217792868,7.71736607108e-13
-73.9107531406,39.4784774664,0.0
-74.7654534974,38.3435724421,0.0
-72.9650838066,40.689271071,1.2930566385e-12
-69.7867535328,44.4259486197,1.87586494105e-12
-68.5798424419,45.7172986916,1.464458883e-12
-71.0260811639,43.0283300335,2.63497660416e-12
-70.6808476545,43.4251175715,2.04409827981e-12
-71.3182742128,42.6879298431,6.26747671495e-13
-68.7839120422,45.5036601532,2.71102333123e-12
-74.8297361006,38.2566405553,3.58369745408e-12
-74.703310174,38.4274010171,0.0
-70.6260482963,43.4875656549,1.30862912088e-12
-74.699348758,38.4327377861,1.58475656147e-12
-72.1575571669,41.6865182477,6.36755451319e-13
-73.2171484312,40.3711036118,1.36737025706e-12
-69.0756418877,45.1949514754,3.70462110483e-12
-68.4297523557,45.8732235375,1.83128686337e-12
-71.2145452608,42.8092550469,4.26325641456e-13
-71.691185315,42.2473422533,1.33239584732e-12
-70.6331073656,43.479529486,6.18701044374e-13
-72.4807692787,41.2913806626,0.0
-73.6287604146,39.8444292932,4.26325641456e-13
-72.3981338773,41.3929120765,1.27930583152e-12
-71.8836578047,42.0172179635,0.0
-67.8336148423,46.482585777,2.38684017508e-12
-74.2092295405,39.0865603353,4.26325641456e-13
-72.0139835979,41.8603386373,1.33970787838e-12
-74.8385977174,38.244639284,0.0
-73.8763047613,39.5234069928,3.39726554138e-12
-67.9347217571,46.3803463593,2.17939729284e-12
-72.6320586801,41.1045903672,1.9274456538e-12
-70.0762927122,44.10603141,1.49211554244e-12
-71.46772913,42.5121835699,1.25703592233e-12
-73.552982679,39.9420559499,1.56090607595e-12
-68.8596614937,45.423876516,0.0
-73.2770538756,40.2950024399,4.26325641456e-13
-71.3982323848,42.5940438705,1.3258028424e-12
-71.9361052898,41.9541874904,1.3379393177e-12
-71.7696896414,42.153705488,2.66833923477e-12
-73.1439395572,40.4638512126,6.4871036413e-13
-74.3541570179,38.8945581994,4.26325641456e-13
-70.6549825304,43.4546110473,1.90518082717e-12
-72.0174029505,41.8562110546,1.33978559367e-12
-72.1455080293,41.7011459466,1.0640899125e-12
-70.5948085759,43.5231004759,1.30794076875e-12
-74.6383586684,38.5147969559,1.40076242896e-12
-73.7943983559,39.6299826241,0.0
-71.7211588734,42.2116274926,1.06105916667e-12
-74.2073172648,39.0890862898,0.0
-72.7101347955,41.0077336526,6.43428580823e-13
-72.6697637648,41.0578547463,6.42938916967e-13
-74.3307429612,38.9256531128,4.26325641456e-13
-69.8107685012,44.3995651046,0.0
-69.4836569775,44.7566057746,1.21094251985e-12
-74.3093004032,38.9541042116,6.63064115175e-13
-74.0310993851,39.3210230641,2.93211681147e-12
-70.5789504405,43.5411208119,1.9025898734e-12
-68.0707385071,46.2420937554,7.27670891454e-13
-68.6493087967,45.6447872138,1.83839320597e-12
-71.0949290091,42.9485025883,0.0
-69.000987574,45.2743222719,0.0
-71.7396651202,42.1895540246,7.62144767706e-13
-69.6614369819,44.5631836037,6.07494495949e-13
-70.9719245351,43.0909596625,3.22797600974e-12
-72.4033151698,41.3865562455,6.39715453072e-13
-67.7650168499,46.5516960314,4.26325641456e-13
-70.8181988176,43.2679532283,0.0
-70.284009038,43.8740618023,0.0
-71.2451070094,42.7735642271,4.26325641456e-13
-70.9615720801,43.1029154076,7.5452950875e-13
-74.7534746975,38.3597473874,6.68589148152e-13
-72.874222935,40.8031523171,0.0
-73.2503525296,40.3289457185,0.0
-68.5297034998,45.7694998546,3.95510430348e-12
-73.3926245843,40.147657835,0.0
-69.1641857962,45.1004807465,0.0
-70.8092262352,43.278248203,7.53056742768e-13
-70.975783034,43.0865022509,0.0
-73.7984464646,39.62472358,2.62697807641e-12
-71.2004001859,42.8257584116,4.26325641456e-13
-73.0866430011,40.5362453014,6.48010688514e-13
-69.9287324416,44.2695704912,0.0
-69.8366915949,44.3710546829,1.48760286732e-12
-70.1712978255,44.0001894714,7.46956805985e-13
-69.3294165202,44.9232204901,7.39077056692e-13
-74.5166782411,38.6779183261,8.52651282912e-13
-72.4767915598,41.2962759547,1.35027473857e-12
-71.8485920301,42.0592820963,2.08178195396e-12
-70.5840173949,43.5353643214,6.18129005269e-13
-72.4396352316,41.3419643509,1.34942286285e-12
-72.8643278646,40.8155286197,1.35919502449e-12
-70.1833338448,43.9867497741,0.0
-72.5822855638,41.166172564,0.0
-72.6220309852,41.117007445,1.2847207697e-12
-72.6999899806,41.020336442,6.43305502729e-13
-72.2306581171,41.5976153968,7.67027630649e-13
-74.525407245,38.6662427792,0.0
-72.0806462144,41.7797619611,0.0
-73.4608780123,40.0603117504,1.95777447571e-12
-69.2199043053,45.0408470138,7.3806663562e-13
-74.7637720283,38.3458433893,1.58611058702e-12
-71.117759594,42.9219795556,6.24380939263e-13
-74.9012495466,38.1596699623,6.70432874994e-13
-71.0628105923,42.9857721477,1.31830581952e-12
-73.3647668336,40.1832383077,3.36681969621e-12
-74.609053489,38.5541549288,1.33357971978e-12
-74.0235881003,39.3308728204,2.15447680839e-12
-72.2778543648,41.5400726506,6.38202750499e-13
-67.9841281623,46.3302224958,1.17751306353e-12
-74.1012465663,39.2288929486,0.0
-69.6407270935,44.5857919655,6.07258364675e-13
-71.3555670081,42.6441805506,0.0
-72.1088591257,41.7455925955,1.27234090135e-12
-74.5211216828,38.6719754741,2.04208472432e-12
-74.4891960868,38.7146507575,4.26325641456e-13
-72.5294955889,41.2313485256,0.0
-70.8935158176,43.1813808016,0.0
-73.4931149033,40.0189724316,2.13647968169e-12
-73.9856368078,39.380593773,2.15318417197e-12
-70.8267246667,43.2581671848,6.20963158079e-13
-69.0728583039,45.1979155224,0.0
-73.8217136266,39.5944796265,2.14760968365e-12
-74.2069360261,39.0895898507,6.61794657573e-13
-72.208778962,41.6242525356,0.0
-74.8444980723,38.2366461108,3.58455780463e-12
-69.5422399407,44.6930319126,1.28505326402e-12
-73.7229230527,39.7226966458,4.26325641456e-13
-71.835004852,42.0755643395,1.33564760867e-12
-68.2975478924,46.0097278543,0.0
-73.6396585267,39.830364149,0.0
-72.0847749143,41.7747641075,6.35881321954e-13
-69.604043027,44.6257894086,1.04655122215e-12
-72.9843681357,40.665045944,4.26325641456e-13
-74.275259676,38.9992210143,2.36381668623e-12
-71.0172849482,43.0385122462,0.0
-68.1730926727,46.1375159049,7.28581325461e-13
-68.8624741642,45.4209090065,5.98470108341e-13
-72.0540055546,41.81199013,0.0
-70.7590717407,43.3357221927,6.20171672226e-13
-75.0154207524,38.0042878849,1.34371818496e-12
-74.0310421716,39.321098101,6.59616938425e-13
-70.1427987766,44.0319845477,0.0
-73.47125204,40.0470144424,6.52718831756e-13
-70.2906791965,43.866578578,6.14723597861e-13
-69.4739379003,44.767137338,0.0
-72.0536266726,41.8124482182,6.35507577997e-13
-69.6899249137,44.5320512374,1.28822813754e-12
-69.8353273083,44.3725559281,1.04808500895e-12
-68.3527726143,45.9528023581,1.74397811517e-12
-71.8070521455,42.1090323617,1.89766958683e-12
-72.2676122905,41.5525696509,7.67397473546e-13
-70.6082157684,43.5078557483,6.1841090952e-13
-73.5850123797,39.9008279172,1.37594580608e-12
-71.7941980213,42.1244095326,7.62684197126e-13
-74.6021805898,38.5633788536,4.26325641456e-13
-75.1007829307,37.8876563472,2.38982242175e-12
-73.5247140388,39.9783981293,0.0
-74.9124095873,38.1445124704,6.70572219442e-13
-72.6085925294,41.1336398984,1.28439518169e-12
-74.5221007998,38.6706658188,2.37155737198e-12
-72.5808954615,41.1678906545,1.28372436629e-12
-70.4180939184,43.7232218203,0.0
-69.1013001349,45.1676129631,7.36976162336e-13
-72.1202002716,41.7318456831,0.0
-72.6191199319,41.1206111723,4.26325641456e-13
-69.493807051,44.7456024731,6.05586542059e-13
-72.2812258963,41.5359576643,1.53506760335e-12
-74.204152009,39.0932668986,6.61760153186e-13
-73.2168382112,40.3714972148,6.49601445144e-13
-70.1100272932,44.0684982131,6.12637457734e-13
-72.3381766368,41.4663612564,1.34709983045e-12
-68.1199086181,46.191913545,4.26325641456e-13
-72.6486705113,41.0840089305,6.42683205245e-13
-71.46999008,42.5095163579,1.25708956488e-12
-72.373609207,41.4229776058,3.92975812181e-12
-74.3524804653,38.8967857056,6.63600055795e-13
-68.7306777462,45.5595730366,5.9699853511e-13
-69.7773409495,44.4362821174,6.08818152085e-13
-71.9869483834,41.8929526879,1.33909360998e-12
-69.0264735598,45.2472549567,1.27406148295e-12
-74.3878953676,38.8497008683,1.08072340721e-12
-71.7663657335,42.1576763796,7.62408793713e-13
-74.5060382693,38.6921444068,7.90350903274e-13
-73.8422375363,39.5677778198,1.56687800703e-12
-73.8479572976,39.5603323975,7.83498213125e-13
-70.9826886117,43.0785229722,1.91639870752e-12
-69.8745970613,44.3293087314,1.29221511779e-12
-72.782506451,40.9176734325,4.26325641456e-13
-73.8117978167,39.6073722369,0.0
-72.1603774113,41.6830933963,2.85022678303e-12
-73.5351365908,39.9650037654,1.56053871534e-12
-74.1020762261,39.2278017282,1.57227009289e-12
-71.729211254,42.2020250649,0.0
-74.7217804161,38.4025070626,7.9261393504e-13
-74.7087917077,38.4200149807,7.92477473077e-13
-74.2962458653,38.9714136786,0.0
-70.6500181906,43.4602680648,6.18898245226e-13
-69.9901094996,44.2016728869,6.1125739303e-13
-74.2177264542,39.0753342836,7.87339038791e-13
-72.8027946404,40.8923781165,1.28910737771e-12
-70.9797863508,43.0818767709,4.26325641456e-13
-73.4896193588,40.02345761,0.0
-72.9655991296,40.6886239686,7.74442081957e-13
-72.5615357225,41.1918079332,6.41627832176e-13
-72.360576509,41.4389422912,1.96441866747e-12
-70.7565750175,43.33858008,7.52549170174e-13
-69.1143485338,45.1536984322,7.37095936536e-13
-69.3859375622,44.8622935911,7.39599877566e-13
-69.6729843511,44.5505689333,0.0
-72.2318295381,41.5961885447,3.30028930347e-12
-72.4438967817,41.336727821,1.34952053592e-12
-71.8249270968,42.0876350542,8.52651282912e-13
-72.2283740024,41.6003973676,0.0
-74.6033453303,38.5618158657,2.04508659031e-12
-69.7265989262,44.4919166697,2.57803683085e-12
-69.5625747248,44.6709271815,2.57097938656e-12
-72.1852562699,41.6528634921,6.37088424549e-13
-72.8470202642,40.8371640198,2.61534661178e-12
-68.0250090985,46.2886662768,7.27265119259e-13
-69.669154478,44.5547534892,0.0
-71.5092857321,42.4631191438,7.59874039409e-13
-73.8948249128,39.4992597475,1.31586739602e-12
-72.1092007807,41.7451785613,1.34187398839e-12
-74.8900082851,38.1749310156,4.26325641456e-13
-68.4341424923,45.8686771486,7.3091715218e-13
-73.5163840658,39.9890991585,1.07414145917e-12
-74.3051341127,38.9596294256,6.63012418135e-13
-72.9609267467,40.6944906799,7.74394561644e-13
-71.8400535823,42.0695152601,0.0
-67.7946818623,46.5218348556,0.0
-69.6437851795,44.5824548134,0.0
-73.3994901587,40.138882759,4.87112156937e-12
-73.5557787446,39.9384590497,0.0
-72.6363877322,41.0992281994,1.97418514727e-12
-74.0783602456,39.2589800878,1.38752368116e-12
-68.3441097787,45.9617410251,4.26325641456e-13
-72.4482340037,41.3313973534,2.56103140235e-12
-69.3730608131,44.8761871667,1.86211083771e-12
-73.908486202,39.4814360615,0.0
-68.1611376751,46.1497546698,7.2847482894e-13
-69.5436663123,44.6914820208,1.48212725822e-12
-72.1225850497,41.7289541988,7.65947875685e-13
-72.0777744078,41.7832378172,2.84668111789e-12
-71.1153748102,42.9247512374,1.24870569852e-12
-72.6402663735,41.0944231142,7.71144824811e-13
-74.4692304243,38.7413114508,8.52651282912e-13
-73.1221698075,40.4913773378,0.0
-74.1537923868,39.1597094097,7.86673143838e-13
-70.5288314674,43.5979932325,0.0
-71.7957916907,42.122503504,1.33476002863e-12
-71.7566552853,42.1692737452,0.0
-70.832489867,43.2515478258,1.31319072142e-12
-70.3203390222,43.8332774623,0.0
-73.9861657294,39.3799013427,6.59062079906e-13
-68.4242294761,45.8789417543,1.26141909621e-12
-71.128259752,42.9097725588,1.31976426348e-12
-69.0826344953,45.1875039544,7.36804910448e-13
-74.429050943,38.7948998137,7.89545235652e-13
-73.2928180625,40.2749452471,1.36913003602e-12
-70.8290285233,43.2555221889,4.26325641456e-13
-70.9711726444,43.091828176,7.54622523513e-13
-71.0018099758,43.0564163447,7.54919513166e-13
-69.4797057787,44.7608878143,4.26325641456e-13
-73.2964517353,40.2703201912,4.26325641456e-13
-68.1277472549,46.1839039499,1.25527281221e-12
-72.593675219,41.1520918383,7.70674564507e-13
-69.5554906595,44.6786300448,0.0
-69.922028757,44.2769755258,3.16923100505e-12
-74.6806543384,38.4579113446,6.6768157804e-13
-68.3555757627,45.9499092345,1.97233851805e-12
-73.2269259067,40.358695513,0.0
-71.5792461617,42.3803248106,6.29842290654e-13
-71.572783735,42.3879829788,4.26325641456e-13
-70.973755132,43.0888450131,2.26394264391e-12
-74.8853396667,38.1812671059,7.9433462798e-13
-74.5034699471,38.6955774548,0.0
-68.6624971896,45.6309959941,5.96239193426e-13
-68.6222019201,45.6731083516,1.26555181236e-12
-70.8002405095,43.2885543197,3.82028630483e-12
-71.5653983176,42.3967323649,0.0
-73.2880839075,40.2809699993,6.50473262372e-13
-70.7268695618,43.3725592839,1.5045262492e-12
-73.1543165087,40.4507217102,6.48837147454e-13
-72.3561707019,41.44433732,0.0
-67.9184743017,46.3968061947,7.26322171314e-13
-69.9288390084,44.269452758,0.0
-68.3860961957,45.9183863394,2.41069445635e-12
-71.2485850052,42.7694996043,2.06229049185e-12
-74.6652485766,38.4786424135,7.92020200312e-13
-74.5651213897,38.6130714953,0.0
-68.1518744706,46.1592333717,1.45678467973e-12
-68.974045446,45.3029036372,0.0
-72.7720229352,40.9307359657,0.0
-72.0089197481,41.8664502463,1.90491455034e-12
-72.9115915118,40.7563677762,0.0
-74.6814200923,38.4568805618,2.00307335484e-12
-70.6370509238,43.4750390167,6.18747024614e-13
-71.568939159,42.3925379265,6.29719767735e-13
-71.0768722142,42.9694615754,1.24779904835e-12
-69.5499595942,44.6846426183,4.26325641456e-13
-71.5492037848,42.4159082374,1.25897047045e-12
-68.2188085816,46.0906561128,4.26325641456e-13
-68.4237491203,45.8794390349,1.74504479287e-12
-73.5181943318,39.9867739249,1.37438438031e-12
-68.5678903092,45.729752732,0.0
-72.35138451,41.4501970182,1.91726674053e-12
-71.1412169506,42.8947016294,7.56273965987e-13
-69.3483002466,44.9028812932,8.52651282912e-13
-71.5761731839,42.3839666409,3.04212779754e-12
-70.8071412717,43.2806398888,7.53036629217e-13
-67.8419096703,46.4742149916,1.17440938867e-12
-72.9561539542,40.7004823004,0.0
-69.9640498264,44.230522931,1.48999760799e-12
-69.3933041146,44.8543418589,4.0075988407e-12
-74.740225976,38.3776281605,1.40318067701e-12
-72.9159508123,40.7509053377,1.29185992242e-12
-74.5414103132,38.6448271944,1.58144281531e-12
-71.3007296707,42.7084880188,6.26540203726e-13
-68.6415374374,45.6529100995,1.26595666627e-12
-69.3615535284,44.8885966065,0.0
-74.6429732882,38.5085951642,2.04653434413e-12
-68.4698819152,45.8316334233,1.26237007577e-12
-68.6702146226,45.622922146,4.26325641456e-13
-71.1041329623,42.9378131456,7.5591317296e-13
-70.3728573856,43.7742077641,0.0
-68.2248716639,46.0844343206,1.82469329524e-12
-71.2382167579,42.7816148778,1.32221934151e-12
-68.7885389229,45.498794365,0.0
-74.837954026,38.2455111758,0.0
-72.8389750318,40.8472157129,7.73155948931e-13
-74.413206047,38.8160088967,1.32870841825e-12
-74.1580735079,39.154066298,6.6118923365e-13
-71.0713284151,42.9758931857,0.0
-71.8660734555,42.0383195012,2.08235379379e-12
-70.8396074638,43.2433734629,1.0548918516e-12
-72.6203782059,41.1190535503,1.28468072208e-12
-70.9619176456,43.1025164091,1.31606180229e-12
-69.2089739903,45.0525567022,1.27793366431e-12
-71.6618735727,42.2822248965,3.99520294222e-12
-68.0557448093,46.2573741104,1.17908043649e-12
-72.9334342452,40.728987779,0.0
-74.6308171053,38.524929947,2.17525760011e-12
-69.1389592125,45.1274327598,1.27644589522e-12
-70.3988148387,43.7449632617,1.23195277735e-12
-70.6825165828,43.4232134098,1.50367293504e-12
-69.5200432803,44.7171384782,2.56915427601e-12
-74.30237481,38.9632882253,4.26325641456e-13
-71.6459322014,42.3011779761,0.0
-73.9080654045,39.4819852169,2.01979718774e-12
-69.2447526111,45.0142063462,7.38295602268e-13
-67.8729699378,46.4428434018,1.25003246829e-12
-68.6619090448,45.6316111905,7.32971298304e-13
-68.7768477968,45.5110872767,0.0
-70.4426123375,43.6955459726,1.23296931262e-12
-75.0091151018,38.0128878575,0.0
-73.8932963522,39.5012534256,7.83967774157e-13
-70.9983179769,43.0604548607,6.22975755988e-13
-69.5931140791,44.637693269,1.48304790182e-12
-70.0495371785,44.1357611133,0.0
-70.4695001983,43.6651622039,0.0
-72.0211919603,41.8516365594,6.35118623774e-13
-70.8600942714,43.2198311137,0.0
-69.7431169177,44.4738193475,0.0
-74.5990539822,38.5675741508,0.0
-74.3823863704,38.8570295767,0.0
-71.5906930032,42.3667548423,7.60674915466e-13
-70.9690643217,43.0942633643,1.31622058547e-12
-74.705218786,38.4248294598,0.0
-74.7618668817,38.3484162463,2.05088174595e-12
-71.6054608648,42.3492382093,1.27897692437e-12
-69.560433213,44.6732560038,1.28544372087e-12
-68.0073332142,46.3066432157,4.26325641456e-13
-69.3127654417,44.9411412074,2.73200387957e-12
-70.0664882574,44.1169296972,0.0
-72.602839608,41.1407573169,4.26325641456e-13
-72.8863021026,40.788037389,1.9367073445e-12
-74.7205580874,38.4041550654,1.3363576441e-12
-68.17925273,46.131207145,5.90895238634e-13
-68.7800297078,45.5077421979,1.84264397526e-12
-72.0823929153,41.7776476586,7.65547027177e-13
-74.5434196517,38.6421372971,6.65973037559e-13
-74.2987146499,38.9681409256,1.39272142592e-12
-73.7718519089,39.659257735,0.0
-71.5948536204,42.361820904,7.60715891745e-13
-71.7174630469,42.2160336603,0.0
-68.2784580002,46.0293738985,1.70530256582e-12
-71.1688494259,42.8625337616,1.51308607079e-12
-71.5646023074,42.3976752229,7.60418057154e-13
-72.8372161363,40.8494128274,0.0
-69.5902073651,44.640858332,1.48299374528e-12
-70.9715180591,43.0914291889,0.0
-68.5819821785,45.7150684188,5.95344180335e-13
-71.9794060642,41.9020448097,1.42776812432e-12
-72.7257758053,40.9882926247,6.43618379696e-13
-74.9844781912,38.0464684839,3.46394201605e-12
-73.3217023181,40.2381614147,0.0
-69.7586981117,44.4567366031,7.43070387385e-13
-71.3921977597,42.6011407319,4.26325641456e-13
-68.7926350748,45.4944858953,0.0
-75.0989712003,37.8901358073,0.0
-70.5330334488,43.5932297117,3.20324333942e-12
-69.9628204444,44.2318831535,0.0
-69.6545702428,44.5706820498,0.0
-68.3009769942,46.0061971233,0.0
-69.7134458498,44.5063181532,4.26325641456e-13
-71.7045216331,42.231457028,0.0
-71.9313330321,41.9599284421,7.640439344e-13
-74.6743181675,38.4664392748,0.0
-71.8785737002,42.0233205814,1.06217882343e-12
-71.6743219036,42.2674159304,7.61499372008e-13
-73.6659565704,39.7963981046,4.26325641456e-13
-71.9248187463,41.9677631724,0.0
-72.1788428577,41.6606593331,1.27402262732e-12
-70.9131831713,43.1587286569,1.3149797253e-12
-71.671440274,42.2708447072,0.0
-74.8116461679,38.2811266577,7.93558825285e-13
-71.5293917692,42.4393497554,0.0
-71.0018379951,43.0563839378,6.23017117785e-13
-67.8127979564,46.5035799628,0.0
-72.9843263716,40.6650984291,0.0
-75.0094068746,38.0124899698,3.18257053907e-12
-70.0794216571,44.1025524202,0.0
-72.9922912931,40.6550872291,2.62232652771e-12
-68.6524968911,45.6414541182,5.96127928841e-13
-70.8277405907,43.2570008617,0.0
-68.4183219371,45.885056717,0.0
-68.3691786646,45.9358647016,2.40995874472e-12
-75.0567204192,37.9479084619,0.0
-70.3827484532,43.7630679956,0.0
-74.8864729333,38.1797291824,2.18405824669e-12
-75.0308836077,37.9831898041,7.95869295546e-13
-71.2786528932,42.7343352659,1.25255849113e-12
-67.7975371424,46.5189586565,1.24848832232e-12
-68.6034355179,45.6926958977,1.46488503329e-12
-70.7754147538,43.3170075723,1.24072553585e-12
-74.923691002,38.1291833398,0.0
-71.1161201399,42.9238850185,0.0
-70.0168615271,44.1720227709,6.11564937776e-13
-69.9032053499,44.2977568731,0.0
-68.4286554237,45.8743593758,1.03895547248e-12
-73.8611108745,39.5432038199,8.52651282912e-13
-72.0103939266,41.8646711799,4.26325641456e-13
-71.5011442972,42.4727382283,0.0
-71.2694676832,42.7450820985,0.0
-70.2455199168,43.9172008893,4.26325641456e-13
-74.8784316315,38.1906403129,2.18378100386e-12
-74.8882691999,38.1772913795,6.70270820436e-13
-69.0485037277,45.2238338198,0.0
-68.1220293936,46.1897467857,0.0
-68.7936437105,45.4934248611,1.0412783776e-12
-69.6420590064,44.5843385626,7.41980265251e-13
-70.0784898809,44.103588486,7.46078535155e-13
-72.1945266467,41.641591168,1.5333326671e-12
-73.3966324809,40.1425355334,8.52651282912e-13
-68.3857240004,45.9187710115,4.26325641456e-13
-69.9168375783,44.2827083493,0.0
-74.1582519956,39.1538310053,6.61191444535e-13
-70.7381341168,43.3596791473,1.31110306512e-12
-74.7471509294,38.3682832591,7.92880561313e-13
-68.1356294211,46.1758471203,7.28247737678e-13
-70.1128753548,44.0653269655,4.26325641456e-13
-68.3546679695,45.9508462046,1.46040786545e-12
-67.8420103611,46.4741133602,7.25647430566e-13
-72.7512154325,40.9566454825,1.93178155777e-12
-73.9665915103,39.4055168037,6.5882015918e-13
-70.3222479961,43.831132679,2.03273823919e-12
-70.0481919469,44.1372549814,1.77019562256e-12
-74.9113325473,38.1459755901,4.26325641456e-13
-69.6431190677,44.5831817487,6.07285631709e-13
-73.0085586831,40.6346303519,0.0
-68.3326402666,45.9735705585,2.19001972884e-12
-73.4305364201,40.0991709301,7.79194062065e-13
-71.4645368745,42.5159489969,0.0
-69.0236848088,45.2502181959,1.27400246008e-12
-73.3220475235,40.2377215356,6.50889191194e-13
-73.355719197,40.1947854083,0.0
-72.1532897915,41.6916997002,1.27340833515e-12
-68.7567364514,45.5322192582,4.26325641456e-13
-69.8977144477,44.3038157536,1.0485009217e-12
-67.8149397492,46.5014208073,1.73598398938e-12
-68.6953465825,45.596610775,4.26325641456e-13
-69.431143853,44.8134563775,1.28267297423e-12
-68.7363168131,45.5536563375,0.0
-67.981050709,46.3333477899,5.88722889258e-13
-68.0689110066,46.2439567288,2.50811848274e-12
-72.3794080042,41.4158714578,7.68518295171e-13
-73.4903472313,40.02252372,0.0
-74.399505178,38.8342508591,8.52651282912e-13
-69.4495132249,44.7935843708,1.41488805933e-12
-70.3388992581,43.8124171114,0.0
-71.5063267599,42.466615544,1.93448981852e-12
-69.1589668379,45.1060590787,1.27687076055e-12
-69.0478438405,45.2245356961,1.04291526879e-12
-70.262717416,43.8979345007,0.0
-70.7389940922,43.3586955789,6.19936999648e-13
-73.5540726054,39.9406539012,2.64946938877e-12
-72.4918968272,41.2776819301,1.35062122625e-12
-73.4024840149,40.1350554591,8.52651282912e-13
-69.9854378427,44.2068471414,1.0490873086e-12
-69.4542272543,44.7884821898,0.0
-67.8417087043,46.4744178337,1.24939212544e-12
-72.0500292848,41.8167972863,2.68105479599e-12
-71.2576461986,42.7589072656,0.0
-74.1135883554,39.2126564951,0.0
-71.8536300862,42.0532423629,0.0
-74.4596489232,38.7540983454,0.0
-70.6731627334,43.4338839262,7.5174655409e-13
-74.2971646197,38.9701957664,6.62913536282e-13
-71.183836645,42.84507089,7.56689054774e-13
-73.5769151987,39.9112555394,6.54016895387e-13
-73.2671548951,40.3075905536,2.63557758726e-12
-70.0071925465,44.1827431353,4.26325641456e-13
-69.8305085508,44.3778577284,1.21885309747e-12
-74.293172658,38.975487234,7.88125781398e-13
-69.1080653544,45.1603996591,4.26325641456e-13
-73.4285970906,40.1016530369,1.30439073649e-12
-74.6065791184,38.5574760027,4.26325641456e-13
-68.9770961345,45.2996690089,1.84907982093e-12
-72.2996793061,41.5134248492,0.0
-69.3759536763,44.8730665377,0.0
-68.6917040788,45.6004259942,0.0
-73.4260619473,40.1048974167,2.13421608311e-12
-69.2345968894,45.0250980775,0.0
-73.1309994187,40.480215962,1.29710458475e-12
-69.5044610791,44.7340476738,1.2842430587e-12
-74.8671034549,38.2060054764,1.58828513691e-12
-73.9781270677,39.3904234483,0.0
-70.3499225936,43.8000198459,7.48653794321e-13
-68.7588147606,45.5300363297,5.97312287047e-13
-73.9716375658,39.3989153086,7.84780049229e-13
-68.0363360654,46.277139113,5.89327684968e-13
-74.1076021145,39.2205328053,6.60564246911e-13
-69.0886148676,45.1811327339,6.01006459959e-13
-69.0834006638,45.1866878048,6.00947817392e-13
-72.1611875048,41.6821095596,2.09204011751e-12
-70.0742365877,44.1083173054,0.0
-69.7978454653,44.4137660981,7.43437111262e-13
-72.5232461361,41.2390548179,7.69964639115e-13
-69.212113876,45.0491934966,0.0
-70.029806421,44.1576633126,1.83514146562e-12
-68.5840367288,45.7129267417,1.46453461888e-12
-72.8869638658,40.7872090923,0.0
-72.7593512808,40.9465173743,1.35677240726e-12
-68.5402480868,45.758531,0.0
-70.3438198163,43.8068839853,6.15338873723e-13
-71.1231417946,42.9157231375,0.0
-73.0121370357,40.6301285942,1.98756635407e-12
-70.1611588893,44.0115054653,0.0
-74.960804945,38.0787049178,0.0
-69.560562989,44.6731148828,0.0
-71.3915547508,42.601896819,0.0
-72.6567959541,41.0739366478,1.28556339737e-12
-72.7765189279,40.9251346215,4.26325641456e-13
-74.7223633775,38.4017210576,4.26325641456e-13
-73.685612578,39.7709870536,8.52651282912e-13
-70.9682837553,43.0951648911,1.05578102158e-12
-73.7104620884,39.738832834,2.91788061943e-12
-74.7523508904,38.3612644673,7.92935222045e-13
-68.7459850733,45.5435087063,2.93493332844e-12
-69.8478277181,44.3587973296,6.09624895275e-13
-73.9572108283,39.4177854921,4.26325641456e-13
-71.6634220128,42.280383241,2.55913592589e-12
-72.9017102034,40.7687459509,1.29151324275e-12
-70.0511285433,44.133993805,2.23746016891e-12
-70.4053871563,43.7375535273,4.26325641456e-13
-68.2423009111,46.0665396976,0.0
-69.3673163816,44.8823827239,4.26325641456e-13
-73.4878764015,40.025693782,0.0
-73.638960852,39.8312647574,1.30956002296e-12
-68.5789730436,45.7182048165,0.0
-70.3683270176,43.7793084969,1.89543589197e-12
-71.2296376898,42.79163548,0.0
-72.9716236538,40.6810578209,4.26325641456e-13
-74.567796551,38.6094868298,4.26325641456e-13
-68.6462103764,45.648026115,1.26605454244e-12
-68.98671044,45.289472219,4.26325641456e-13
-68.6251733436,45.6700054475,7.32638978728e-13
-72.786857797,40.9122499617,3.46637837683e-12
-68.2532855602,46.0552547784,0.0
-72.8983727723,40.772925563,4.26325641456e-13
-70.4644328621,43.6708910544,0.0
-69.6871164141,44.5351221365,6.07787450194e-13
-69.836838893,44.3708925925,6.09499037233e-13
-73.4865041115,40.027454285,2.13625639603e-12
-68.406531482,45.8972564638,2.52210151802e-12
-67.8700080317,46.4458368277,1.0354627856e-12
-74.9106180395,38.1469461886,1.34109969834e-12
-69.3856968501,44.8625533821,4.26325641456e-13
-69.4107095498,44.8355437385,1.20928713696e-12
-72.9038983722,40.766005298,0.0
-69.144503104,45.1215122007,2.72529378986e-12
-73.901646687,39.490360709,4.26325641456e-13
-72.0436146547,41.8245506393,1.0633585815e-12
-73.0935775513,40.5274925795,0.0
-68.5284065267,45.7708486654,0.0
-68.7783909465,45.5094650522,5.97530710465e-13
-69.3464254601,44.9049013209,7.3923429493e-13
-68.4528229628,45.8493221119,1.18782458708e-12
-68.424269842,45.8788999658,1.46165690706e-12
-71.4842229152,42.4927202312,0.0
-70.8221496388,43.2634188828,0.0
-71.7594326624,42.1659571564,6.31988178962e-13
-71.573166968,42.3875288944,1.52100471191e-12
-67.7638188309,46.5529011612,1.44991843449e-12
-72.3299954735,41.4763691775,4.26325641456e-13
-75.0296358448,37.9848927734,1.59171225007e-12
-72.9315850496,40.7313067129,1.43291780215e-12
-72.7407699743,40.969643766,0.0
-68.5981297466,45.6982309369,5.95523530487e-13
-74.4978258942,38.7031205625,0.0
-73.3102787376,40.2527144412,2.63766171809e-12
-72.0190855702,41.8541797069,0.0
-69.4073057275,44.8392210259,0.0
-74.3576435134,38.8899254831,1.32732831179e-12
-67.8788336601,46.4369161396,0.0
-70.6905957729,43.4139935523,1.23874344718e-12
-72.492574937,41.2768469282,0.0
-72.2960677369,41.5178361753,1.53536495828e-12
-70.9307226029,43.138511397,6.22182070163e-13
-69.9040984204,44.2967712884,4.26325641456e-13
-74.6593606111,38.4865623199,1.08280134408e-12
-68.814086525,45.4719100468,7.34352068302e-13
-68.140497443,46.1708698457,1.45658212273e-12
-70.2419289015,43.9212221202,1.49525357135e-12
-68.7394008564,45.5504198434,1.19419156267e-12
-67.8456795638,46.470409576,1.17449150771e-12
-71.7192583588,42.2138933733,1.26301817818e-12
-73.7039173942,39.7473045424,0.0
-74.0064797776,39.353296298,2.15389399832e-12
-69.3327801888,44.9195987789,0.0
-71.3128442875,42.6942940991,0.0
-68.9382297638,45.3408468814,1.27219599155e-12
-72.7741844235,40.9280431998,0.0
-70.8248466551,43.2603230876,0.0
-74.9220998728,38.1313457719,6.70693224224e-13
-74.8090827753,38.2845949869,7.93531854744e-13
-70.5135739839,43.6152824959,0.0
-71.5062111248,42.4667521726,1.25794925944e-12
-68.238801557,46.0701335759,5.91550133792e-13
-70.6479923415,43.4625762381,0.0
-70.1001303682,44.0795151894,7.46283115235e-13
-68.5970726506,45.6993335588,0.0
-73.6074027421,39.8719754991,6.54391788338e-13
-72.6648614409,41.0639353306,2.31417980895e-12
-74.5686736073,38.6083115077,0.0
-73.5034949974,40.0056498268,0.0
-71.9259363736,41.9664191544,6.33977668488e-13
-70.9884603401,43.0718520417,0.0
-73.6549669603,39.8105964915,2.75516455535e-12
-69.0497002792,45.2225610795,1.20113796436e-12
-69.0688802518,45.202150857,1.47335756538e-12
-70.5686167124,43.5528569483,0.0
-72.9519873973,40.705711907,1.98541858726e-12
-67.943465473,46.3714835256,0.0
-72.7443555566,40.9651825161,0.0
-68.6885698344,45.6037083716,1.19305882894e-12
-70.021121571,44.1672980874,2.48332420919e-12
-71.9806789494,41.9005105724,6.34633120483e-13
-72.3443583953,41.4587969205,1.278008375e-12
-72.3406346099,41.4633537801,1.96371441241e-12
-72.6680150478,41.0600239045,7.71425135418e-13
-67.9124411395,46.4029152539,1.8147092968e-12
-74.4093215215,38.8211819465,2.03800763744e-12
-73.5451785051,39.952093186,1.3750147572e-12
-70.7201422634,43.3802484761,6.19716746715e-13
-69.2876628684,44.9681335042,7.38691413875e-13
-73.4386894837,40.0887338447,1.37252864259e-12
-72.8918443948,40.7810996738,7.73692519354e-13
-72.785562805,40.9138641279,4.26325641456e-13
-69.0916798386,45.1778668124,1.41316388921e-12
-74.7997812929,38.2971771513,4.26325641456e-13
-72.9407543265,40.7198064923,0.0
-70.3312141548,43.8210566159,1.89417892583e-12
-72.7986759013,40.8975150777,6.44503641595e-13
-73.9898801567,39.3750382358,0.0
-74.835046357,38.2494493901,6.69606561396e-13
-73.5463949542,39.9505288759,4.12512954295e-12
-74.9260982064,38.1259115587,0.0
-71.848282621,42.0596529812,0.0
-71.6682494817,42.2746408634,1.26180264854e-12
-71.4571935292,42.5246089188,0.0
-73.3689278657,40.1779263302,6.51463642347e-13
-71.5350655097,42.4326386034,3.79989497986e-12
-69.8226762736,44.3864727879,0.0
-69.5573771081,44.6765790433,1.28537811906e-12
-68.9443303302,45.3343880787,0.0
-71.3263684605,42.6784400997,1.2536868246e-12
-70.645457562,43.465463986,0.0
-73.2740496295,40.2988233522,1.30060291028e-12
-74.7717026303,38.3351312041,2.05124164456e-12
-67.9313208674,46.3837926683,0.0
-71.027962088,43.0261522436,8.52651282912e-13
-72.3553211433,41.4453775135,2.69498411628e-12
-74.9616006538,38.0776218704,0.0
-69.1045416161,45.1641570504,2.72370493329e-12
-69.0455109455,45.2270168745,6.00521910879e-13
-68.3631248921,45.9421160409,2.19083921895e-12
-69.3720906356,44.8772336427,0.0
-72.1497021832,41.6960550636,1.95698473561e-12
-70.9733247435,43.0893421995,0.0
-71.519836198,42.45064888,1.32853453228e-12
-74.5857103038,38.585472895,4.26325641456e-13
-68.4007155016,45.9032720378,3.42187758043e-12
-69.8044696934,44.4064877864,0.0
-69.8756196715,44.3281815708,0.0
-69.5699865901,44.6628653676,1.28564882553e-12
-70.7470302031,43.3495028017,0.0
-70.702157087,43.4007944224,6.19506702352e-13
-73.7073927779,39.7428061502,7.82044958215e-13
-70.8305513938,43.2537736799,4.26325641456e-13
-69.2315653895,45.0283483516,4.26325641456e-13
-68.9812511268,45.2952628063,5.99800502847e-13
-72.277331448,41.5407108237,0.0
-72.3490384714,41.4530688287,6.3906062211e-13
-72.8308123524,40.8574107296,0.0
-69.0599553426,45.211650338,7.36596969225e-13
-73.4306924973,40.0989711617,1.55839132977e-12
-74.2781556386,38.9953851681,2.03323126448e-12
-73.0173771808,40.6235350158,0.0
-71.238868303,42.7808537054,0.0
-72.9861670581,40.6627851414,0.0
-72.6647652576,41.064054619,7.71392297797e-13
-73.8969358507,39.496506281,0.0
-73.8980866402,39.4950051144,0.0
-69.0053184173,45.2697248176,7.36096614741e-13
-70.0938007425,44.0865586987,1.29697185138e-12
-72.1902075125,41.6468435667,0.0
-69.4329943799,44.8114551885,4.20906409869e-12
-68.1632951243,46.1475464814,5.90719917184e-13
-70.6957015459,43.4081652795,2.25588974046e-12
-73.6216849462,39.8535575803,7.81160750967e-13
-75.0813746453,37.9142085517,0.0
-75.0551973536,37.9499892721,1.41067560125e-12
-74.08061604,39.2560157758,0.0
-71.7248343751,42.2072448768,0.0
-68.4020774844,45.9018634506,0.0
-74.5382212009,38.6490960102,0.0
-74.2863715169,38.9845004043,7.88054818444e-13
-72.9847413646,40.6645769009,1.29353569081e-12
-68.3574140111,45.9480117909,5.92857635811e-13
-68.9008462727,45.3803883619,1.19779894519e-12
-70.2153040207,43.9510174725,0.0
-68.4288110272,45.8741982566,7.30869249299e-13
-75.0632560268,37.9389781087,2.06192635599e-12
-67.8336089293,46.4825917431,1.45114679652e-12
-74.8442389668,38.2369971586,7.93901838398e-13
-70.3730256418,43.7740183056,1.23135467451e-12
-67.8386140536,46.4775411493,4.26325641456e-13
-73.6414694684,39.8280263365,2.01016147151e-12
-68.7419751896,45.547717924,0.0
-68.8169501192,45.4688947664,1.26963939905e-12
-70.9355994435,43.1328873081,0.0
-71.0390036833,43.0133644499,0.0
-69.434419483,44.8099139506,3.14244975345e-12
-71.2600506889,42.7560957865,4.26325641456e-13
-72.472169001,41.3019638201,0.0
-70.9222160835,43.1483185291,4.26325641456e-13
-75.031453678,37.9824117341,4.2303291329e-12
-72.6061964482,41.1366044965,7.70800897047e-13
-73.275860319,40.2965205061,7.77608103548e-13
-69.689788774,44.5322001053,3.29724860933e-12
-72.8439313591,40.8410236851,0.0
-71.1601064693,42.872715797,1.32047470251e-12
-72.7898027589,40.9085788391,0.0
-73.0242160146,40.614927696,2.12070657385e-12
-74.0679792516,39.2726181527,6.600738654e-13
-74.5685103493,38.6085302889,6.66285228204e-13
-70.3546330808,43.7947204689,1.30266576339e-12
-74.5442216895,38.6410635506,1.08191847537e-12
-71.4630058006,42.517754796,7.59419484696e-13
-70.7724426092,43.3204119867,0.0
-68.2568914739,46.05154912,5.91749282562e-13
-68.4156177486,45.8878553305,3.66166160492e-12
-74.5317026044,38.6578198498,6.65827276847e-13
-71.3407514221,42.661569416,1.92874772147e-12
-72.6203562101,41.1190807796,4.26325641456e-13
-73.0971749926,40.5229509405,1.29627850732e-12
-71.567794925,42.3938934409,0.0
-69.6577454604,44.5672150029,0.0
-70.1429827781,44.0317793903,0.0
-74.5667556143,38.6108817107,1.58197403317e-12
-74.1361168757,39.1829978976,4.26325641456e-13
-69.0608911255,45.2106544829,1.27479028315e-12
-74.6530888626,38.494996415,1.33467639921e-12
-72.0048302625,41.8713849397,4.26325641456e-13
-74.3004825354,38.9657971229,7.88202061634e-13
-68.0958770636,46.216452197,1.96461246094e-12
-72.8923168919,40.7805081392,0.0
-71.3558879365,42.6438037605,0.0
-74.3591527305,38.887919895,0.0
-70.3452011621,43.8053304643,7.48608827938e-13
-71.7675248074,42.1562917601,1.33412066473e-12
-73.4351930323,40.0932102274,1.30455258619e-12
-71.6094301979,42.3445281978,2.28257845446e-12
-69.6988498054,44.5222900244,1.48502113e-12
-68.8843321451,45.3978354057,0.0
-74.8361237464,38.2479902018,1.3392400093e-12
-72.1502205134,41.6954258501,0.0
-72.7553060775,40.95155357,6.43976853402e-13
-69.2717062556,44.9852761285,7.38544166465e-13
-71.7633981318,42.1612211427,0.0
-69.2179726773,45.0429167766,4.26325641456e-13
-67.9576223786,46.3571265973,0.0
-71.8252311799,42.087270911,6.32773635233e-13
-73.560883818,39.9318907504,4.26325641456e-13
-71.6967079463,42.240765189,0.0
-73.7764144513,39.653335728,7.82758072899e-13
-68.6960670277,45.5958560973,1.19322580657e-12
-72.7828407036,40.9172568582,0.0
-72.3635940494,41.4352466608,4.26325641456e-13
-70.2292291579,43.935438377,0.0
-71.2813379207,42.7311929547,7.57640411621e-13
-69.1312405363,45.1356735018,1.47450212794e-12
-74.1722777978,39.1353361105,2.02938138991e-12
-71.5425763937,42.4237519265,0.0
-74.6815253909,38.4567388166,2.04794340357e-12
-70.7141503044,43.3870953323,6.19646759105e-13
-69.9315751954,44.2664296804,6.10585136504e-13
-72.2909079025,41.5241374665,1.34601910454e-12
-72.2964605539,41.5173564038,6.38426878362e-13
-74.4778276017,38.7298340105,1.33031460899e-12
-69.6946499493,44.5268839017,7.42471316896e-13
-70.9819917494,43.079328291,7.54727372904e-13
-72.6156200959,41.1249432049,2.10707333158e-12
-74.7786130671,38.3257942522,7.93211349898e-13
-72.1818199288,41.6570408059,1.06435108249e-12
-70.2489243502,43.9133880225,1.300353768e-12
-72.8999515683,40.7709484389,1.54754970688e-12
-70.401586409,43.7418388035,2.0352427079e-12
-73.5048813117,40.0038700982,0.0
-70.9683943959,43.0950371069,4.26325641456e-13
-69.661138327,44.5635097795,6.07491089904e-13
-68.1376892532,46.1737411882,0.0
-68.9401594729,45.3388040408,7.35501015641e-13
-68.5817162028,45.7153456597,2.52940962106e-12
-68.837392871,45.4473582791,1.46912824815e-12
-68.534955963,45.7640366831,4.35576009716e-12
-69.591467717,44.6394860086,7.41508613493e-13
-72.299133968,41.5140909912,1.27691817604e-12
-74.0079565495,39.3513613381,0.0
-69.5783520274,44.65376327,1.4827729111e-12
-67.9373877636,46.3776443909,1.45297866698e-12
-70.7515499261,43.3443311563,7.52500765169e-13
-69.1193327099,45.1483813419,0.0
-71.2457258576,42.7728410427,1.32238722195e-12
-70.1405660947,44.0344738084,6.12989515865e-13
-72.0410788475,41.8276150912,7.65135392836e-13
-67.9911148275,46.3231256637,1.1776658395e-12
-74.1816726918,39.1229418518,0.0
-68.2429099095,46.0659141931,3.22263999455e-12
-70.222985663,43.9424245918,2.02961201032e-12
-69.1352633125,45.1313789814,7.3728801903e-13
-72.2618230772,41.5596310732,6.3800969866e-13
-71.8741976359,42.0285722728,4.26325641456e-13
-70.539169816,43.5862717648,0.0
-74.0408397191,39.3082458482,8.52651282912e-13
-72.940071134,40.7206635108,0.0
-74.3343554074,38.9208575253,4.26325641456e-13
-72.8106338234,40.8825985375,6.44648952869e-13
-70.2399725866,43.923412548,4.26325641456e-13
