-17.0009250947,28.3652181993,5.67876216172e-13
-13.0322280149,34.354140278,6.12624877262e-13
-16.9307068785,28.4787109974,4.65683006583e-13
-17.0974766575,28.2087206532,5.6824090393e-13
-10.0406248936,38.3080735582,0.0
-9.44534936862,39.0399759566,4.26325641456e-13
-10.1390667966,38.1853253669,7.25013563621e-13
-14.4241352,32.3520706559,6.30261820043e-13
-11.8651787824,35.9523688398,1.72556444384e-13
-12.1864402673,35.5196387845,1.49844235772e-12
-13.5647575314,33.600598016,4.43866524722e-13
-13.6953653045,33.4134400304,4.26325641456e-13
-9.44976299916,39.0346142713,4.57350498285e-13
-15.9223281302,30.0785845758,6.65560117297e-13
-12.2877339076,35.3820664306,4.34483953192e-13
-17.5496599982,27.4689836457,9.32789542092e-13
-11.1547395947,36.8900665261,4.59150045491e-13
-16.4740059892,29.2102483524,0.0
-15.4753250657,30.7698477739,1.06674878444e-12
-18.5348828564,25.8186267457,4.67518068049e-13
-15.4267634503,30.8442816256,5.6189848531e-13
-13.17974278,34.1469370397,4.41034290718e-13
-18.6807685922,25.5697905304,1.54090109422e-12
-19.2158651878,24.6473400967,2.13162820728e-13
-13.21044444,34.103665162,5.01845909747e-13
-11.5153119148,36.4174486687,0.0
-10.9671016687,37.1333425724,6.0187365163e-13
-16.8971300364,28.5328849918,0.0
-16.6841432395,28.8750800606,3.73322552864e-13
-14.1590282137,32.7415242254,4.26325641456e-13
-15.8723330392,30.1564465427,1.06918712078e-12
-18.2707013917,26.2663229878,5.72635587807e-13
-17.4798158393,27.5839746717,7.09235909008e-13
-18.3087649998,26.2020505927,2.86388372891e-13
-11.5815055802,36.3299492431,1.64238840622e-12
-13.5593214318,33.6083677525,4.26325641456e-13
-15.0636209646,31.3967760395,8.71848940353e-13
-17.7689056583,27.1062873727,2.85382733724e-13
-10.0026464051,38.3552987572,2.50736336731e-13
-8.96578662314,39.6168282423,7.8304874517e-13
-18.5577385014,25.7797175845,2.13162820728e-13
-16.5971414152,29.0141428824,1.59349370704e-12
-14.7503832524,31.8675124297,5.00269327841e-13
-14.568943876,32.1377150473,0.0
-11.3644962949,36.6159526801,1.41222668178e-12
-16.9128311405,28.5075600266,3.74635424624e-13
-9.63139044734,38.8131345946,2.49142882514e-13
-14.7332045584,31.8931727038,0.0
-15.8228872845,30.2333173109,7.37982511702e-13
-18.7052058157,25.5279964411,5.74240273234e-13
-15.4006151714,30.8843071008,5.07003305596e-13
-10.1648320939,38.1531175988,0.0
-18.0095562162,26.705164875,8.72891756752e-13
-13.832844855,33.2154334501,4.26325641456e-13
-17.5159469951,27.5245218528,2.84908479562e-13
-18.0071191817,26.7092427731,2.13162820728e-13
-12.6431397425,34.8950533158,0.0
-14.6099896482,32.0767471373,0.0
-10.8542625882,37.2787653507,4.26325641456e-13
-15.080556829,31.3711708581,1.46218104497e-12
-17.558010034,27.4552183422,1.2074663055e-12
-11.7819740911,36.0635556465,4.98558154175e-13
-19.1362250589,24.7855961491,2.87908042939e-13
-10.8165363428,37.3272393048,1.4098737175e-12
-16.548044293,29.0924351307,0.0
-11.7997230658,36.0398681678,0.0
-10.5765094249,37.633936154,4.58530526956e-13
-9.67064834844,38.7650472114,4.26325641456e-13
-10.1889973622,38.1228794478,1.67692753212e-13
-14.0550638167,32.8932034822,1.32813060252e-12
-18.5504748785,25.7920861297,5.73670557621e-13
-13.3073204355,33.966791476,1.50621475756e-12
-15.3439416487,30.9709285382,7.68746817602e-13
-8.98719617032,39.591315998,4.56877077284e-13
-11.2809559646,36.7253986481,1.70852269762e-13
-19.0415798942,24.9494636917,6.68056122208e-13
-11.3718061013,36.6063588385,4.26325641456e-13
-12.43232768,35.1847414192,4.35544070395e-13
-19.0096459506,25.0046463706,2.87677555168e-13
-8.90599152993,39.6879633261,8.2017990282e-13
-9.25354014019,39.2720557029,4.26325641456e-13
-14.6076248576,32.0802622216,8.52651282912e-13
-11.8179985775,36.0154606714,1.72418528985e-13
-11.575867701,36.3374107163,0.0
-11.4830080795,36.4600669796,4.59505685224e-13
-17.6622680011,27.283024953,6.66960613301e-13
-9.32365925052,39.1874256965,0.0
-13.1224016742,34.2276192303,4.4061262791e-13
-17.3489782626,27.7986664283,0.0
-17.1437547012,28.1335284092,6.66544200423e-13
-17.4478551755,27.6365055247,4.26325641456e-13
-13.004607791,34.392806139,6.15645240347e-13
-17.5567690791,27.4572643375,0.0
-10.41137532,37.8432277014,4.58355287239e-13
-14.9681365483,31.5408426649,2.13162820728e-13
-13.1894255099,34.1332953887,7.50412361209e-13
-10.4240140688,37.8272584077,4.58368672325e-13
-14.3050373515,32.5275062925,1.79724694716e-13
-12.6833970729,34.8394636552,6.10786875666e-13
-18.1303094234,26.5027043731,5.72114050241e-13
-19.2025507277,24.670477514,7.47685500548e-13
-9.58674098759,38.8677328746,5.94904929405e-13
-12.6258435112,34.9189103423,0.0
-13.0723121295,34.2979530418,4.26325641456e-13
-13.4331288125,33.7882827132,1.36267695417e-12
-9.07128773706,39.4908931421,4.26325641456e-13
-19.2035402532,24.6687582728,2.88030295348e-13
-18.9482496647,25.110588268,7.46972266126e-13
-8.05925332189,40.6767282542,5.87448572128e-13
-13.135733835,34.2088759409,1.76284264955e-13
-9.15416224878,39.3915847968,2.47106907716e-13
-16.445186198,29.2560260475,4.65123013767e-13
-17.746155315,27.1440450586,5.70680306544e-13
-11.6221617466,36.2760934166,1.71846585762e-13
-17.257056204,27.9489406853,7.0772025194e-13
-13.5221295678,33.6614825363,1.77421156575e-13
-18.7900788981,25.3825926119,2.13162820728e-13
-16.0232418352,29.9210021604,0.0
-18.8241802434,25.3240619287,1.95861738737e-12
-12.174966746,35.5351872816,4.60264057045e-13
-14.7177754839,31.9162057068,5.00052873592e-13
-15.8412793819,30.2047398229,4.64425924394e-13
-8.31892934548,40.3771559435,1.39957411804e-12
-12.7135860949,34.7977200107,4.26325641456e-13
-11.9258716853,35.871034725,4.5998974156e-13
-8.64201143424,39.9999280036,4.91679210152e-13
-8.03186458095,40.708137945,4.9040937669e-13
-12.4162056356,35.2067980368,6.09596160195e-13
-9.84381585102,38.5520145755,4.57758945295e-13
-12.0652873943,35.6834688727,0.0
-13.9994274316,32.9741320265,4.62311813171e-13
-16.7707381717,28.7362536249,7.40734161049e-13
-14.0638667237,32.8803833181,6.1809723703e-13
-15.2326484737,31.1405170609,2.80579893846e-13
-19.0131331913,24.9986229668,1.33606757364e-12
-19.1940978987,24.6851616842,0.0
-8.14531006948,40.577805698,7.75338882818e-13
-12.1468226237,35.5732976274,4.60232991922e-13
-10.1220870344,38.2065324951,4.1875110373e-13
-10.0530247084,38.2926390027,4.57977674963e-13
-14.1323632449,32.7804834728,1.70765526752e-12
-16.8101068861,28.6730023511,6.66275586545e-13
-17.3058508316,27.8692288683,0.0
-12.4077172178,35.2184055054,1.74145430871e-13
-18.9015409844,25.1910515618,3.85779318684e-13
-13.6761581238,33.4410215879,6.16035178398e-13
-18.7035262864,25.5308699033,2.13162820728e-13
-9.49012116796,38.9855423344,4.57392115342e-13
-15.4678006973,30.7813894235,2.13162820728e-13
-18.654499068,25.6146826206,4.67653294347e-13
-17.1274352184,28.1600576149,2.8417699386e-13
-9.04858094901,39.5180438818,8.5660624181e-13
-15.8150562469,30.245479446,1.12102185899e-12
-9.61039476005,38.8388209115,0.0
-13.8142070187,33.2423370693,4.45701864191e-13
-17.9089548734,26.8732330871,4.66806121741e-13
-10.6506889812,37.5394675837,1.69024008297e-13
-12.8396233614,34.6229156038,4.38534111449e-13
-10.5584947566,37.6568356058,1.28175729163e-12
-8.08808169486,40.6436291246,2.42614101926e-13
-18.8211244343,25.3293093779,5.74665743279e-13
-8.07629738132,40.657163984,4.26325641456e-13
-13.5136863879,33.6735300408,7.53162877233e-13
-8.07814304104,40.6550445893,9.86328745657e-13
-12.6338053994,34.9079303422,4.26325641456e-13
-18.7047490225,25.5287779714,6.67790832463e-13
-10.5525804305,37.6643500224,4.95800984344e-13
-9.10797020685,39.4469781702,2.13321651186e-12
-11.8379074243,35.9888518106,2.5871508007e-13
-9.50208582762,38.9709788548,2.4858982766e-13
-13.5211687873,33.6628536611,6.15212523708e-13
-15.4249166239,30.8471098215,0.0
-11.5598991713,36.3585353021,6.0492466969e-13
-17.9649643043,26.7797296065,2.85749044959e-13
-19.1292385421,24.7977087757,0.0
-19.0704476665,24.8995327816,2.87788366144e-13
-14.3127956251,32.5161017075,0.0
-16.4952649199,29.1764510701,2.13162820728e-13
-15.7436901561,30.3561599099,4.64313322138e-13
-17.7102857152,27.2035188293,2.85272988205e-13
-8.63251739659,40.0110848792,0.0
-9.45119469993,39.0328748317,5.94231877e-13
-13.1414974285,34.2007701094,0.0
-17.0950843556,28.2126044516,2.13162820728e-13
-11.3528659472,36.631211331,4.97587375737e-13
-14.3937109343,32.3969606193,0.0
-10.313776617,37.9662720052,1.73810888548e-12
-11.7436345009,36.1146664984,4.26325641456e-13
-10.8549249547,37.2779136308,1.03896012171e-12
-8.54427390974,40.1145755681,2.44526804083e-13
-12.6013718315,34.9526372894,8.73568846975e-13
-9.40251184274,39.0919649407,9.3061215091e-13
-12.9305600602,34.4962639426,1.77429076986e-12
-14.2455231868,32.61488199,1.1585874486e-12
-8.93257531702,39.6563595249,0.0
-18.547016565,25.7979739718,1.02883724757e-12
-11.5091791122,36.4255438415,4.26325641456e-13
-16.4371568844,29.2687717472,2.20341417253e-12
-10.5939493949,37.6117514376,1.68860016133e-13
-12.7105418938,34.8019315684,0.0
-13.2611247115,34.0321234929,1.7665312941e-13
-14.3926804858,32.398480123,1.30649226292e-12
-18.2391489243,26.3195415943,4.67182535631e-13
-15.2626785236,31.0948245139,2.80637027708e-13
-8.95559305662,39.628967329,9.46295581368e-13
-8.31824010228,40.3779553403,4.05961992834e-13
-11.1261690744,36.9272262995,4.26325641456e-13
-11.3881343006,36.5849186477,1.71164284931e-13
-18.3529488996,26.1273455841,8.52651282912e-13
-15.7869260376,30.2891396679,2.81634555109e-13
-9.02080329047,39.5512235916,7.83570640662e-13
-8.73227024061,39.8936429523,1.18139691404e-12
-16.9517965728,28.4446524802,5.67690518036e-13
-13.7801803954,33.2914055592,0.0
-18.6221612932,25.6698939199,1.14786950683e-12
-18.2250181518,26.3433580853,3.82052100222e-13
-14.3812476936,32.4153350655,4.62747343138e-13
-18.1110245596,26.5350913628,8.58063453358e-13
-13.3251284819,33.9415757581,1.76841442369e-13
-12.1309277532,35.5948025529,1.73334107295e-13
-8.41818367665,40.261801361,4.26325641456e-13
-14.2711423895,32.5772929209,1.32847377801e-12
-19.0001818671,25.0209901309,2.87660290976e-13
-18.1162496529,26.5263183356,5.72061744341e-13
-17.0783970397,28.2396868413,4.65853120122e-13
-8.59990518253,40.0493758005,4.5648584302e-13
-18.0148741306,26.6962652708,2.8584210422e-13
-9.68359981249,38.7491659869,5.9538717344e-13
-16.7501818241,28.7692463284,8.72884610195e-13
-10.255662193,38.0393081551,1.67884520045e-13
-9.86163804038,38.5300043773,0.0
-12.072172944,35.6741786445,4.32905139775e-13
-12.5528353932,35.0194357215,4.36428189638e-13
-9.21412764125,39.3195181337,4.12269898234e-13
-16.4172816961,29.3003062501,2.42736223183e-12
-12.9069456761,34.5291954478,4.26325641456e-13
-10.2517225984,38.0442531022,4.26325641456e-13
-9.56218109823,38.8977229377,1.34454268212e-12
-14.0264543203,32.9348398781,4.62342577602e-13
-10.5167891586,37.709786339,0.0
-8.24361073244,40.4643774594,4.5613014752e-13
-19.0571995339,24.9224528057,3.86625750541e-13
-10.1325241502,38.193498627,4.26325641456e-13
-17.1249589237,28.1640818405,0.0
-12.4845601783,35.1131868844,9.21213892157e-13
-16.8988519809,28.5301082578,1.12971296856e-12
-14.0774238892,32.8606309885,4.26325641456e-13
-15.9202742676,30.0817859624,4.64517089861e-13
-16.4569722512,29.2373104763,4.65136616746e-13
-13.1029388826,34.2549641913,5.01595828833e-13
-12.5212852175,35.0627893117,1.74478667559e-13
-8.24689838721,40.4605759006,2.43278248103e-13
-8.89626569625,39.6995171536,0.0
-16.3748201365,29.3676039115,9.80362478207e-13
-17.5363324319,27.4909466715,5.6989352419e-13
-12.5234420469,35.0598272699,1.29082415053e-12
-13.1064909698,34.2499750792,2.05420129135e-12
-17.6095408516,27.3701838003,2.85084153812e-13
-12.5291409584,35.0519995813,8.70324687852e-13
-16.4719724557,29.2134799423,8.72713489817e-13
-17.7585764095,27.1234338439,4.35217098155e-13
-15.4757788486,30.7691516152,2.81042513928e-13
-16.0892928151,29.8175555617,0.0
-9.66341726003,38.7739104117,2.49280023081e-13
-15.0073099885,31.4817985828,2.80151280102e-13
-9.76761418899,38.6459433795,7.9071267126e-13
-10.9105202393,37.2063445995,1.104272234e-12
-10.181414707,38.1323708503,1.67670951201e-13
-12.6870311075,34.834441303,6.10805984719e-13
-17.4478352206,27.6365383053,2.84780494053e-13
-15.1333072075,31.2913168417,1.34447262905e-12
-12.4981053652,35.0946072692,7.44571799326e-13
-18.6027946221,25.7029323653,0.0
-12.7406558178,34.7602480683,4.37807109891e-13
-14.2191987508,32.6534684003,8.52651282912e-13
-17.439256988,27.6506280449,2.84764366969e-13
-17.4939348255,27.5607507707,0.0
-8.73166285918,39.8943594984,0.0
-16.1417035785,29.7353004664,0.0
-18.9214882732,25.1567033458,8.74209130439e-13
-15.4136501375,30.8643590383,6.65150781132e-13
-12.6858262954,34.8361064703,1.74961782804e-13
-10.6975938612,37.4795883188,1.52859651917e-12
-16.0354788033,29.9018552433,4.64650064878e-13
-11.5280698923,36.400602104,1.71572102925e-13
-17.6468032407,27.3086041912,2.85154030181e-13
-12.1058611049,35.6286892316,9.56365328894e-13
-13.8606661647,33.1752383512,1.78417467886e-13
-18.8852871776,25.219024095,1.49359003078e-12
-11.1499525452,36.8962956723,1.70471311864e-13
-15.2667211098,31.0886696785,1.06546788817e-12
-18.5580459764,25.7791939513,2.86849240149e-13
-16.7738746557,28.7312175583,2.8350865299e-13
-18.4934760636,25.8890455663,5.73460194232e-13
-14.4781745135,32.2722124538,0.0
-14.4951606761,32.2470775854,4.62877633494e-13
-12.2358109732,35.4526537741,9.5679675844e-13
-12.1317750759,35.5936565073,9.20432780029e-13
-15.5957022965,30.5847762423,8.72174889464e-13
-18.5689215883,25.760669404,2.13162820728e-13
-15.2689696719,31.085245854,2.36072600612e-12
-12.909883651,34.5250999183,5.01147722098e-13
-11.6047250401,36.2992018223,1.71795703936e-13
-12.0547743662,35.697648588,1.73111120035e-13
-18.390318604,26.064079567,2.13162820728e-13
-18.6269643729,25.6616970205,1.02920691496e-12
-15.0726804171,31.3830810987,5.60551195452e-13
-8.49717406097,40.1696599054,4.26325641456e-13
-18.4155602294,26.0213034617,3.83109433656e-13
-15.4483372616,30.8112299586,0.0
-15.2183645948,31.1622334141,5.61105437762e-13
-8.12811067727,40.5976046117,0.0
-17.5560794991,27.45840123,4.34221120903e-13
-15.0823983154,31.3683857797,0.0
-13.697401712,33.410514569,0.0
-15.2635108111,31.0935574301,5.03672661976e-13
-16.4247905208,29.288395109,8.48540629903e-13
-18.9002842916,25.1932148122,5.74955606136e-13
-11.5790351556,36.3332189409,0.0
-16.5385960772,29.1074863938,2.13162820728e-13
-14.6433501569,32.0271265347,4.63047347317e-13
-19.0509192884,24.9333147298,0.0
-9.54063665808,38.9240061547,4.1459101337e-13
-9.31530763226,39.1975183721,7.18365727052e-13
-18.559804131,25.7761996985,2.86852481907e-13
-13.0709049791,34.2999269564,1.13933134505e-12
-18.4191169176,26.0152733037,2.13162820728e-13
-17.1624066759,28.1031895626,6.66559204683e-13
-11.2684867419,36.7417034123,1.63896115021e-12
-18.9291437701,25.1435153356,2.13162820728e-13
-13.5082612378,33.6812691038,6.2083120038e-13
-10.5480602924,37.6700918562,0.0
-8.62250679867,40.02284407,4.91638254771e-13
-11.1217573709,36.9329605396,4.25973455164e-13
-16.4224073979,29.2921757594,5.65684707232e-13
-12.2615644835,35.4176607004,9.20719509144e-13
-15.2627173799,31.0947653595,2.13162820728e-13
-17.6304995929,27.3355568368,0.0
-18.7110164567,25.5180540039,7.17499128854e-13
-13.9854410148,32.9944500703,6.17679689883e-13
-12.421055447,35.2001644507,0.0
-9.96057801005,38.4075249235,4.57880862478e-13
-12.4906214531,35.1048739852,2.1948898609e-12
-14.2840672174,32.5583156972,0.0
-16.2955307455,29.4930040937,2.82601464061e-13
-11.3176639723,36.6773523055,4.27397748648e-13
-12.7316422336,34.7727297053,7.46540741095e-13
-17.5545000485,27.4610051309,1.13095647026e-12
-11.0080420095,37.0804178798,4.58992021513e-13
-17.8560127188,26.9614590816,0.0
-16.8348660816,28.6331795906,1.08211087483e-12
-11.6720445868,36.2098970326,6.05505371889e-13
-17.0257065351,28.3250995673,0.0
-17.013837342,28.3443187956,4.65778775868e-13
-18.2940674211,26.2268775057,5.72722252743e-13
-18.5256355607,25.8343612408,2.13162820728e-13
-16.4950567292,29.1767821708,1.0819422877e-12
-13.1876746016,34.1357625553,0.0
-8.34134680923,40.3511433637,4.5622731218e-13
-15.1480523728,31.2689680716,2.13162820728e-13
-9.22826877346,39.3024974957,7.85544040797e-13
-13.829580554,33.2201468174,9.24237438404e-13
-14.4131340596,32.368308315,6.19958970409e-13
-17.9668407033,26.7765941484,5.7150509008e-13
-16.6638005425,28.9076329693,0.0
-10.158474147,38.1610684326,8.52651282912e-13
-10.2386193939,38.060694482,7.25824165645e-13
-9.02518108796,39.5459969294,2.46559154711e-13
-15.0080999271,31.480607081,1.31403645538e-12
-17.7125315455,27.1997971786,1.13125525938e-12
-10.0762066779,38.263762676,4.26325641456e-13
-13.3556881324,33.89826415,1.76931361791e-13
-16.9220918489,28.4926166867,1.02122230139e-12
-9.88615037736,38.4997059162,0.0
-13.0223084977,34.3680314454,4.61207325588e-13
-16.4282563979,29.2828961891,2.13162820728e-13
-15.1648868802,31.2434379142,2.13162820728e-13
-17.7796511446,27.0884437779,0.0
-15.505263853,30.7238936593,4.58107838961e-13
-13.1720265645,34.1578045178,1.76391018337e-13
-10.0174907407,38.3368488809,5.97057662165e-13
-12.6989451754,34.8179707239,9.21691191734e-13
-18.5660908717,25.7654916065,4.67553377261e-13
-18.3407699762,26.1479479228,1.49050464739e-12
-14.4824510354,32.2658858625,4.62863089121e-13
-18.7302019253,25.4852133974,1.60044709685e-12
-13.4150775473,33.8139481753,4.61649358811e-13
-14.4224529904,32.354554023,1.80069861526e-13
-14.8870507092,31.6627908984,0.0
-10.9483062953,37.1576108943,4.24714663562e-13
-14.4288346209,32.3451322998,0.0
-8.22281942011,40.4884067817,0.0
-13.2748006383,34.0127944124,4.26325641456e-13
-15.2143011265,31.1684092141,2.13162820728e-13
-11.4729073437,36.4733816515,8.56947878955e-13
-11.3013673023,36.6986913247,6.03590126482e-13
-8.29924550898,40.3999766717,4.5618541913e-13
-13.7895761969,33.27786253,7.55507313917e-13
-16.3473790492,29.4110426151,4.65010119463e-13
-9.12069065507,39.4317342887,4.26325641456e-13
-9.32207219882,39.1893438649,4.13036017679e-13
-14.5435771885,32.1753476,0.0
-8.25726770992,40.4485823346,1.28922282833e-12
-17.4687389611,27.6021870643,0.0
-17.9693197447,26.7724513828,1.14302867628e-12
-17.707484827,27.2081599018,2.85267742067e-13
-13.5013383292,33.6911424263,6.15107344106e-13
-17.185959314,28.0648521343,7.41936139506e-13
-17.2348705291,27.9851404397,2.13162820728e-13
-16.8494939094,28.6096362976,4.30718194217e-13
-18.8822465005,25.2242554848,3.85674094392e-13
-12.0059179216,35.7634683144,7.40438173141e-13
-14.9290738962,31.599635693,6.95062804672e-13
-8.70388940929,39.9271055674,7.80572667378e-13
-12.7670462802,34.7236786294,2.62800566798e-13
-12.3149830487,35.3449649318,4.34683672612e-13
-16.7694626275,28.7383015358,8.50500898414e-13
-18.4144984511,26.0231035128,7.15529390109e-13
-12.1469178166,35.5731687961,9.56501517964e-13
-18.7950478098,25.3740679684,1.0830761862e-12
-18.6656301406,25.5956652077,5.74094747503e-13
-11.9918417552,35.7824084212,1.41083183744e-12
-19.0099739706,25.0040798194,2.13162820728e-13
-16.7333132138,28.7963028763,4.30138673075e-13
-16.5880891306,29.028588008,1.92749805172e-12
-8.42902232094,40.249175943,0.0
-15.7121718711,30.4049516211,2.81492331085e-13
-13.850105966,33.1905002601,1.05680182228e-12
-19.2027026737,24.6702135202,4.68268875753e-13
-15.3226308599,31.0034547545,2.13162820728e-13
-8.35122677244,40.3396712992,2.43715547917e-13
-15.6414539256,30.5142267045,8.72202968886e-13
-17.400223777,27.7146891884,7.84351502378e-13
-12.9693600275,34.4420902757,4.26325641456e-13
-12.0074660591,35.7613845879,1.94870946115e-12
-18.7358366507,25.4755644451,5.74352815293e-13
-17.3650772301,27.7723001665,4.33278227675e-13
-17.9782959801,26.7574482586,6.67213483795e-13
-10.7055627204,37.4694039877,1.69182706557e-13
-10.6652989553,37.520828419,1.10034352028e-12
-11.5921150856,36.315903541,4.26325641456e-13
-16.7897659443,28.7056935343,2.83538738282e-13
-11.2208887544,36.8038683069,6.0317591666e-13
-18.6630015272,25.6001567874,4.67662894964e-13
-13.6740393184,33.4440629699,7.5452509791e-13
-11.2892350078,36.7145685012,4.26325641456e-13
-12.1463664529,35.5739149891,4.33448316975e-13
-10.1931962865,38.1176222966,4.58124941014e-13
-10.197576427,38.1121373081,9.90038592678e-13
-12.473217768,35.1287374781,1.78370379819e-12
-18.7767780696,25.4054049564,1.60004894776e-12
-16.8815295202,28.5580342839,6.39488462184e-13
-15.2585616629,31.1010915068,2.13162820728e-13
-10.6766034362,37.5063988477,1.29010713718e-12
-10.466917784,37.772988116,4.58414143199e-13
-12.8561863275,34.5998806737,0.0
-18.958996769,25.0920581773,2.13162820728e-13
-12.2911368575,35.3774352458,1.73803557228e-13
-15.5877204673,30.5970724848,1.80135673907e-12
-14.8363771635,31.7388172853,5.59652652368e-13
-14.8667650858,31.6932427118,1.35697694053e-12
-9.44634474675,39.0387668539,4.57346975685e-13
-17.5081400388,27.5373740317,4.66347135406e-13
-11.1333945559,36.9178325918,0.0
-11.4479472629,36.5062608953,0.0
-8.21171567984,40.5012313543,2.43130957931e-13
-10.8200003115,37.3227915487,4.96394272665e-13
-17.2337540497,27.9869614549,2.13162820728e-13
-18.6876227321,25.5580713763,2.13162820728e-13
-13.3223257007,33.9455455582,6.14158710522e-13
-8.947478779,39.6386266528,8.68308967279e-13
-18.1590969458,26.4543211159,2.13162820728e-13
-14.1441922795,32.7632052809,6.18525101671e-13
-16.1445604899,29.7308123838,2.82314635411e-13
-14.9394210183,31.5840704567,6.39488462184e-13
-13.2636355213,34.0285755586,1.7666051639e-13
-9.69038401479,38.7408437866,0.0
-9.79055913339,38.6176912191,2.49825056594e-13
-15.0406525152,31.4314766057,1.62373301728e-12
-15.9854313469,29.9801111941,1.10121192854e-12
-10.5688946796,37.643617705,4.26325641456e-13
-18.0511197144,26.6355668736,3.81082307715e-13
-8.59427374313,40.0559826319,2.44737357366e-13
-15.0935717467,31.351482991,2.55957271172e-12
-17.4076246908,27.7025492488,2.84704882794e-13
-14.4757305485,32.2758275511,7.61349302831e-13
-8.26244948859,40.4425869617,4.56148852076e-13
-17.5416540073,27.4821782009,2.84956753915e-13
-17.7805047167,27.0870260948,1.1313836317e-12
-14.649163809,32.0184730268,4.63054010206e-13
-15.3144797938,31.0158889403,9.26055461188e-13
-12.5876918865,34.9714770911,4.26325641456e-13
-8.73832046867,39.8865043407,5.90727931197e-13
-18.7162793354,25.5090472669,5.74280968261e-13
-8.6657420537,39.9720220115,4.56552014826e-13
-9.31462951981,39.1983376992,0.0
-12.9888127701,34.4148993194,6.12395725387e-13
-19.0175764537,24.9909473188,1.13369878764e-12
-16.155117564,29.7142237767,4.6478817392e-13
-9.82761474334,38.5720089491,7.22487378755e-13
-12.4936582293,35.1007083799,4.26325641456e-13
-12.7614154893,34.7314843847,1.75183834224e-13
-8.89767495537,39.6978433064,9.4611830428e-13
-13.053867062,34.3238188505,4.61242737657e-13
-17.287669837,27.8989449403,4.32895204281e-13
-9.31241955865,39.20100772,4.1296745886e-13
-11.3528561356,36.6312242006,0.0
-11.7762778113,36.0711542939,1.72296611942e-13
-15.4515322072,30.8063330331,4.57715622427e-13
-9.52858052912,38.9387040115,2.48703065867e-13
-15.4971841991,30.7363002789,1.59015900094e-12
-9.55950929672,38.9009836642,4.26325641456e-13
-12.2604383258,35.4191916248,1.73713569544e-13
-17.2755557175,27.918734899,0.0
-11.3667716222,36.6129666982,4.27755176369e-13
-11.1350889305,36.915629377,5.96498413924e-13
-10.7790891586,37.3752823469,4.58746539835e-13
-8.57005665281,40.0843767937,0.0
-18.6549321678,25.6139427949,4.26325641456e-13
-8.28749855281,40.4135868385,4.26325641456e-13
-15.2171191424,31.1641263925,1.06516339736e-12
-16.9659282997,28.4218169537,5.67743942682e-13
-14.7532882477,31.8631715582,6.64621352515e-13
-10.4552177294,37.7877971876,2.52689239434e-13
-13.7273349489,33.3674870859,1.78025083358e-13
-11.9336563881,35.8605884534,4.59998292611e-13
-10.9804792155,37.1160585696,4.58962394275e-13
-16.5626055316,29.06922905,5.66216658603e-13
-9.23138013906,39.2987512536,7.17694650601e-13
-12.1231967921,35.6052573017,8.52651282912e-13
-18.4075024638,26.0349624112,1.02819074788e-12
-17.3754775008,27.755259459,4.66194811421e-13
-12.0344834511,35.7249999574,6.0738922613e-13
-15.2121287723,31.17171046,2.13162820728e-13
-11.7443818812,36.1136708971,1.94378111663e-12
-15.0796850349,31.3724893014,5.02454180744e-13
-11.4145894554,36.5501514876,4.26325641456e-13
-8.4378814949,40.2388521253,2.44079371055e-13
-11.5182108865,36.4136214018,4.26325641456e-13
-11.5592175436,36.3594367226,4.59588640542e-13
-8.18198031539,40.5355460875,4.26325641456e-13
-15.4002810446,30.8848183086,2.80898850094e-13
-14.9614454295,31.5509193965,2.57242536487e-12
-10.5144977783,37.7126929749,1.68630557922e-13
-13.615185063,33.5284462664,9.85465146458e-13
-10.8146493492,37.3296619563,1.69498474947e-13
-18.7694042685,25.4180477359,4.26325641456e-13
-11.8494885523,35.9733636373,7.39129423835e-13
-19.0690217301,24.9020001805,6.17963378048e-13
-8.47959889039,40.1901871043,1.60945575866e-12
-12.7121174481,34.7997518998,1.75039008442e-13
-16.2105962498,29.6269475958,5.64880240923e-13
-8.05797840912,40.678191127,0.0
-16.460252375,29.2321004671,8.48742520659e-13
-18.1015023694,26.5510754866,6.67311822829e-13
-12.430342704,35.187457818,5.00040494937e-13
-13.0964724423,34.2640449356,1.76168789149e-13
-13.9120522364,33.1008870045,6.1728914802e-13
-17.5412418452,27.4828573843,6.66863566031e-13
-16.5816231555,29.0389032822,1.08198524062e-12
-11.2153626103,36.8110780525,7.33852108996e-13
-14.275241417,32.571275404,5.04341041823e-13
-13.8037804241,33.257379557,1.78250061128e-13
-8.99973280863,39.5763665762,7.83370692327e-13
-8.06514795678,40.6699635721,4.26325641456e-13
-17.6608457207,27.2853779983,8.55541060752e-13
-11.4968766261,36.4417769439,2.57221730279e-13
-17.8879086805,26.9083239974,2.13162820728e-13
-15.5314660507,30.6836344065,5.62296963379e-13
-12.6086161929,34.9426564218,4.26325641456e-13
-8.29862943723,40.4006906239,9.44302979674e-13
-10.1824118424,38.1311228766,1.67673818094e-13
-10.3863378601,37.8748390048,4.58328784627e-13
-10.3587257455,37.9096640112,8.40906504807e-13
-12.8229182532,34.6461333103,4.26325641456e-13
-8.70690718814,39.9235492887,4.56593459509e-13
-18.0123737503,26.7004498835,0.0
-14.0505060704,32.8998395204,1.78976062964e-13
-16.4393278726,29.2653258801,2.82874466262e-13
-15.3230170887,31.0028654842,5.04066868037e-13
-13.0187720081,34.3729826205,4.26325641456e-13
-10.3500068317,37.9206524494,4.58290359178e-13
-9.30600150105,39.2087604935,4.26325641456e-13
-15.135322841,31.2882625177,4.63612314463e-13
-12.9057125412,34.5309142966,1.28198732681e-12
-13.2821910142,34.0023449063,4.26325641456e-13
-10.252677355,38.0430547717,1.19648335192e-12
-10.4859417978,37.7488940235,4.58434322111e-13
-13.7729934733,33.3017614862,0.0
-14.5618379207,32.148260591,0.0
-13.8299030423,33.2196811981,9.6216802779e-13
-16.6356014934,28.9527201142,2.83246716159e-13
-12.1641712533,35.5498105691,4.60252138994e-13
-15.9120605315,30.0945865094,2.81872587066e-13
-12.0107193394,35.7570054002,0.0
-12.4558201174,35.1525765613,4.35716384896e-13
-14.1433345108,32.7644584459,4.26325641456e-13
-16.6238061886,28.9715665009,2.83224359238e-13
-15.7564389941,30.3364085703,4.26325641456e-13
-10.6345448948,37.5600512364,0.0
-9.1339153233,39.4158777455,4.92719852914e-13
-10.7171930269,37.4545344249,0.0
-10.4071846492,37.8485208977,2.52481456261e-13
-14.5612744397,32.1490967026,9.64671246151e-13
-17.3621673655,27.7770668807,4.66179518998e-13
-12.7864628625,34.6967491154,4.26325641456e-13
-16.8551068528,28.6005992144,0.0
-11.7640354025,36.0874794881,2.08855762762e-12
-14.9171656386,31.617542066,6.6475246698e-13
-9.07632917985,39.4848616115,1.30256688284e-12
-13.9983447851,32.9757051662,1.78822595776e-13
-18.3713167448,26.0962586797,1.1511311004e-12
-15.6012193514,30.5762750029,5.05908066182e-13
-11.0639276681,37.0080332214,9.52948064213e-13
-15.0074096771,31.4816482196,5.06071222901e-13
-15.8994501067,30.1142317498,2.81848602387e-13
-13.095263522,34.2657423579,6.12957777664e-13
-16.5990524293,29.0110928165,2.13162820728e-13
-11.6608133728,36.2248126486,1.71959399757e-13
-14.8513851019,31.7163153328,5.5970969916e-13
-13.9537169686,33.0404959974,4.26325641456e-13
-14.3969634762,32.3921640255,0.0
-13.8089997066,33.2498504178,7.55672493032e-13
-17.5363079046,27.4909870821,0.0
-10.3430914571,37.9293651433,1.09288566819e-12
-11.0876051,36.9773168548,0.0
-10.2407546742,38.0580158102,1.67841623545e-13
-16.3169646384,29.4591395067,2.13162820728e-13
-15.4604756536,30.7926223291,5.04976987247e-13
-14.2269891176,32.6420532132,6.18966330143e-13
-15.5645258898,30.6327844694,4.64106680593e-13
-18.3235628779,26.1770424632,1.02780095225e-12
-16.7691669151,28.738776295,1.33248520812e-12
-17.005677006,28.3575279536,1.33286616441e-12
-12.2861805171,35.3841802858,2.60683541224e-13
-18.3209677451,26.1814290433,5.72821976819e-13
-17.0958289105,28.2113957326,7.81016516222e-13
-12.9808631092,34.4260137784,0.0
-9.57528372841,38.8817270572,4.57480096607e-13
-10.7763668705,37.3787721105,4.26325641456e-13
-11.3801519327,36.5954018506,1.71141036563e-13
-15.4500823081,30.8085553778,1.18565359476e-12
-12.549812567,35.0235917352,1.59923761578e-12
-18.258983033,26.28609428,2.86296054645e-13
-17.4732191637,27.594821609,9.32614113027e-13
-15.9309397896,30.0651589185,2.13162820728e-13
-17.3169560667,27.8510689135,2.13162820728e-13
-9.79859231051,38.6077937272,4.26325641456e-13
-9.78305602372,38.6269327115,4.16321442622e-13
-16.6002461284,29.0091875161,7.40239762142e-13
-12.82321811,34.6457166842,8.96940641462e-13
-14.9204518024,31.6126014612,4.63365298508e-13
-11.1581813525,36.8855872064,8.6953023686e-13
-9.9637226947,38.4036240053,4.57884151555e-13
-13.7404402702,33.3486335316,1.78063652652e-13
-15.3052455736,31.0299710183,2.13162820728e-13
-10.7760162076,37.3792216056,1.03850325925e-12
-16.9665598507,28.4207961711,4.65724315718e-13
-10.9539612358,37.1503112311,6.01806389727e-13
-10.6985560538,37.478358794,4.5866053113e-13
-15.5984260477,30.5805794193,2.08109141819e-12
-16.1101736331,29.7848027152,1.47763400204e-12
-13.5364885379,33.6409849631,8.52651282912e-13
-13.136652902,34.207583499,6.17004388853e-13
-19.2282982066,24.6257259493,1.13408793187e-12
-12.4496172748,35.1610720891,4.35670885753e-13
-14.8730005052,31.6838848052,4.63310800715e-13
-11.2911045567,36.7121223765,0.0
-18.7486963717,25.4535369797,2.87200019771e-13
-15.0308253134,31.446314601,2.13162820728e-13
-15.1744237538,31.2289679644,2.80469125906e-13
-8.99020962551,39.5877232787,2.46410829475e-13
-16.8373982419,28.6291049552,4.30657901521e-13
-18.3002456026,26.2164428434,5.72745161028e-13
-18.2769026054,26.2558572546,8.58987888118e-13
-11.9096473339,35.8927958696,6.06739170151e-13
-16.1278947151,29.7569872359,2.13162820728e-13
-18.040691387,26.6530379035,1.92790151809e-12
-14.0052243706,32.9657076954,6.17784999535e-13
-11.9994111481,35.7722247675,4.99053269012e-13
-13.6505265312,33.4777973961,0.0
-8.16932098776,40.5501422165,2.42953597118e-13
-18.0962987302,26.5598083333,2.13162820728e-13
-11.2905937227,36.7127907716,7.34475701623e-13
-11.5544883554,36.3656901828,0.0
-13.0057892833,34.3911529951,8.70606549486e-13
-16.3736927911,29.3693892952,9.52977487769e-13
-14.9985140944,31.4950635261,0.0
-8.92293655082,39.6678224331,1.14859542986e-12
-10.1999596277,38.1091525604,6.70897104427e-13
-10.7352423298,37.4314443216,1.69268581837e-13
-12.3868924187,35.2468660852,1.74084346325e-13
-15.6969543986,30.4284893271,6.7770431154e-13
-18.6031677112,25.7022960868,2.13162820728e-13
-16.0698249812,29.8480703836,0.0
-13.084274506,34.2811682184,1.76132914694e-13
-14.9810789941,31.5213445315,2.80101401838e-13
-10.8670041645,37.2623773287,4.58840634381e-13
-17.28347212,27.9058033573,0.0
-12.2913807207,35.3771033408,1.73804272135e-13
-12.1023778179,35.6333955272,0.0
-18.9501699629,25.1072777531,1.08315153112e-12
-14.8657509801,31.6947644452,1.70771213881e-12
-10.6299960323,37.5658486115,9.46295923404e-13
-13.5894255018,33.5653203077,4.61846441717e-13
-17.6127746443,27.3648426584,6.66920938615e-13
-12.4350292741,35.181044006,1.29078910623e-12
-17.8624816904,26.9506869798,8.73566843754e-13
-18.2885417326,26.2362083896,2.13162820728e-13
-8.34707865765,40.3444884291,2.43698145586e-13
-18.1842856693,26.4119495347,8.52651282912e-13
-8.34342374575,40.3487321285,4.56229380326e-13
-18.2305146598,26.3340953654,2.13162820728e-13
-13.449785666,33.7645841863,1.5559084602e-12
-15.1848962847,31.213072605,1.0649656127e-12
-9.59029842481,38.8633864038,2.48967015149e-13
-10.2349169664,38.0653385651,4.5816888299e-13
-13.8802229441,33.1469582818,6.1711982611e-13
-8.97786974134,39.6024323966,8.68325205159e-13
-19.1286298137,24.7987640144,3.87012673322e-13
-8.71315751355,39.9161822369,4.26325641456e-13
-15.4913654696,30.7452329319,9.28120640287e-13
-14.3386912043,32.4780116146,1.29155662466e-12
-14.5028796427,32.2356504018,7.61580650572e-13
-10.8971706809,37.2235442994,9.5240853652e-13
-15.3227239825,31.0033126779,6.39488462184e-13
-15.9003057212,30.1128991021,2.81850229766e-13
-10.2140180553,38.0915397787,7.25623711955e-13
-8.58286629955,40.0693612078,2.44689304093e-13
-8.31479466369,40.3819510819,1.28924305998e-12
-8.52448636412,40.1377305646,4.56410210617e-13
-12.7569219542,34.7377123861,1.75170632168e-13
-13.3677460852,33.8811607478,7.51924216986e-13
-8.91240723241,39.6803392532,4.26325641456e-13
-18.5931969987,25.7192979024,4.26325641456e-13
-15.1574036219,31.2547884811,5.60873497304e-13
-9.74483151432,38.6739696971,4.26325641456e-13
-10.8722188592,37.2556678581,1.69665267707e-13
-16.5676460321,29.061193339,3.72651848364e-13
-13.6880270119,33.4239802025,5.02961230154e-13
-11.2419715325,36.7763478633,1.32377830418e-12
-9.47062365181,39.0092596567,5.94328220511e-13
-10.518340472,37.7078183323,6.74566603567e-13
-8.40647227364,40.275437075,5.8911805583e-13
-8.51767074648,40.1457016988,2.44414848542e-13
-14.9149737737,31.6208371098,4.63359005976e-13
-12.2699754179,35.4062245567,4.99672208957e-13
-18.0278192837,26.6745949556,7.12940082765e-13
-13.2109532303,34.1029476286,6.13569321269e-13
-16.1619281723,29.7035188262,0.0
-13.8434850381,33.2000659223,7.55965795061e-13
-15.6084975448,30.5650574535,4.58860849146e-13
-11.401191016,36.5677641726,1.71202315671e-13
-18.5676456027,25.7628431334,1.15184768428e-12
-13.7237215248,33.3726837814,0.0
-9.04546240396,39.5217707866,5.92230105871e-13
-17.61364281,27.3634086424,4.66468140534e-13
-8.0507838722,40.686444907,4.04097336432e-13
-10.2421446876,38.0562719387,4.58176500617e-13
-13.7629030899,33.3162963864,6.16496046766e-13
-8.60556711438,40.0427316516,0.0
-14.4289679143,32.3449354841,1.80089009443e-13
-12.1252346362,35.6025017874,0.0
-19.097095133,24.8534029136,1.71623673172e-12
-13.222753682,34.0863018464,0.0
-18.7871417805,25.3876308973,1.14908226984e-12
-18.7425557708,25.4640563432,1.02974030611e-12
-19.043260078,24.9465587892,7.19687997382e-13
-10.2673172134,38.0246742636,2.51877094442e-13
-17.7300626727,27.1707362252,8.55930073994e-13
-8.98606983933,39.5926587251,4.56875932629e-13
-18.3908829166,26.0631236218,3.82972817553e-13
-10.2018660971,38.1067646696,4.26325641456e-13
-17.5651395346,27.4434621137,4.66412525779e-13
-18.5056885547,25.8682858821,4.67485019385e-13
-10.2494008719,38.0471669462,5.98225140159e-13
-18.926631894,25.1478428513,0.0
-13.6601462163,33.4639994058,4.61926527275e-13
-9.76369549999,38.6507658382,4.57675521221e-13
-11.0697648141,37.0004634754,2.553575405e-13
-10.2030294767,38.1053074233,5.97991235045e-13
-16.4030185645,29.3229230896,1.33189501938e-12
-16.576971369,29.046322927,5.66271139579e-13
-9.00838684849,39.5660425104,4.92452885732e-13
-10.431989412,37.8171772304,4.26325641456e-13
-18.3376866454,26.1531625341,5.72883929629e-13
-10.6673940022,37.5181546966,0.0
-18.2715908894,26.2648219182,1.02755930842e-12
-13.1330815452,34.21260548,1.762764637e-13
-14.9164914541,31.6185555998,1.97605242627e-12
-16.5079655853,29.1562477629,4.29012203345e-13
-15.5638954328,30.6337547506,1.49495525512e-12
-13.8719552507,33.1589163167,4.26325641456e-13
-11.9386332945,35.8539082816,8.1200496428e-13
-9.19026605578,39.3482162614,9.47017005361e-13
-9.28295288544,39.2365856102,4.26325641456e-13
-18.527911729,25.8304887128,3.83730186872e-13
-19.1443678781,24.7714755578,1.92820398687e-12
-9.79852492419,38.6078767658,0.0
-9.60501561614,38.8453982748,9.48304117764e-13
-10.6976800283,37.4794782133,1.69159903397e-13
-13.3135279847,33.9580036985,1.96308349066e-12
-9.54642932141,38.9169416408,5.94704541006e-13
-17.3406642074,27.8122773032,4.26325641456e-13
-9.06628026044,39.4968828035,2.46733573828e-13
-15.1072846454,31.3307291877,2.80341414294e-13
-16.2286415693,29.5985230383,8.72563815219e-13
-15.6476847598,30.5046097525,2.13162820728e-13
-10.6608399234,37.5265183373,0.0
-17.4801493005,27.583426297,0.0
-8.79512338708,39.819396464,4.26325641456e-13
-17.040944622,28.3004138973,6.02052304517e-13
-15.1291694235,31.2975861957,4.26325641456e-13
-13.8107998568,33.2472532455,6.16750646353e-13
-12.7124769521,34.7992545327,0.0
-15.8146137606,30.2461665564,0.0
-16.3058397981,29.4767194172,8.47863128788e-13
-13.738943889,33.3507867252,1.78059248773e-13
-10.4173571384,37.8356705759,1.19814848957e-12
-9.56542611115,38.893762174,0.0
-8.0984128248,40.6317578913,4.55986370743e-13
-8.91079239408,39.6822584284,4.26325641456e-13
-17.2500254169,27.960415549,5.68816341798e-13
-16.7764313599,28.7271120091,2.83513493592e-13
-14.6051791629,32.083897241,1.80606726472e-13
-18.4446442512,25.9719731805,5.73279767294e-13
-9.91119927594,38.468713105,4.26325641456e-13
-18.9184548379,25.1619281351,2.87511030662e-13
-12.5853460245,34.9747067706,8.70357784128e-13
-10.6037625014,37.599261727,4.26325641456e-13
-14.0427939851,32.9110656657,1.7895337358e-13
-14.0085232796,32.9609127776,6.17802561375e-13
-16.0686605156,29.8498949603,2.8217036544e-13
-8.76521840171,39.8547462112,8.52651282912e-13
-9.01752169897,39.5551408764,2.46526661781e-13
-10.3049016418,37.9774368404,5.98505396031e-13
-10.4583276957,37.7838615006,8.52651282912e-13
-13.7601407434,33.3202744997,0.0
-12.7672861321,34.7233460939,1.75201082574e-13
-11.4452781336,36.5097749434,1.71330761676e-13
-14.8515498831,31.7160682016,9.26572342665e-13
-16.0051725729,29.9492596314,1.27946702898e-12
-15.4767920771,30.7675971575,1.35847503182e-12
-8.79002251721,39.8254291144,0.0
-11.610551888,36.2914814264,1.33780418188e-12
-10.7636146081,37.3951144624,1.69350700461e-13
-9.981558626,38.3814894844,0.0
-13.1618920881,34.1720729832,9.00885609273e-13
-14.8462658816,31.723992159,1.312051839e-12
-14.486019294,32.2606062928,0.0
-15.9001218867,30.1131854339,1.63227179665e-12
-12.1692350719,35.5429520239,4.33615790317e-13
-17.8802469893,26.9210925664,1.29302194486e-12
-11.1928981656,36.8403702259,4.26325641456e-13
-18.6012381958,25.705586666,2.16596350516e-12
-10.7684763048,37.3888850579,4.26325641456e-13
-16.02773485,29.9139729981,1.08171046346e-12
-14.587505907,32.1101551249,4.62983363732e-13
-13.5140957719,33.6729459832,4.26325641456e-13
-18.0161223275,26.6941761731,6.39488462184e-13
-8.17100286674,40.5482034598,4.56058164611e-13
-13.8681724977,33.1643862859,8.57306467467e-13
-19.1543985752,24.7540763357,2.13162820728e-13
-16.5940921949,29.0190091606,4.29443093147e-13
-15.2232560358,31.154798026,7.67719126357e-13
-11.2871461782,36.7173013187,1.41189269322e-12
-13.6451413028,33.4855195012,0.0
-16.7738939983,28.7311864995,4.65502246512e-13
-18.8420027369,25.2934471195,1.3153935173e-12
-13.7070571127,33.3966407499,1.05593198433e-12
-9.41130244873,39.0813037882,9.47701053524e-13
-17.6993701287,27.2216035429,4.66566369354e-13
-11.7706902614,36.0786062423,0.0
-18.2501738308,26.3009523339,2.86279709026e-13
-16.9311124419,28.478056269,7.05493770589e-13
-16.1388611418,29.7397653627,0.0
-17.3782411964,27.7507301833,2.00019812267e-12
-9.22044907365,39.3119107079,4.92904442523e-13
-8.48900718819,40.1792003822,4.56374693956e-13
-10.2057659576,38.1018794441,2.51611461658e-13
-10.1475619795,38.1747097162,5.97711750039e-13
-14.0927986907,32.8382182823,8.71258396683e-13
-8.05748130395,40.6787614994,4.9046221442e-13
-17.8943560906,26.8975766097,1.13159843682e-12
-17.5807735143,27.4176726526,1.02432834614e-12
-9.53440546113,38.9316036269,4.26325641456e-13
-18.7283057324,25.4884600719,2.13162820728e-13
-8.06648244092,40.6684318893,0.0
-13.8822841359,33.1439764831,1.91690735615e-12
-18.495131192,25.8862325286,1.15255512599e-12
-19.0407450629,24.950906992,6.68055466918e-13
-12.9311647983,34.49542021,9.22210319369e-13
-18.2350224146,26.326497673,1.79904727467e-12
-11.358418947,36.6239268483,1.04189359381e-12
-18.4683352544,25.9317564669,1.50440358724e-12
-16.2293632544,29.5973858836,0.0
-17.5425403281,27.4807176411,1.03722049192e-12
-9.54945724674,38.9132482339,2.48792323311e-13
-13.5029781056,33.6888040426,1.50614390662e-12
-13.9139072665,33.0982002409,1.51047298273e-12
-14.6601582797,32.0021028991,5.58983085331e-13
-10.3693337473,37.8962895494,7.2689074438e-13
-11.1298496584,36.9224415819,9.18246387746e-13
-9.06747332032,39.4954558439,4.11231064472e-13
-13.7414273945,33.3472130584,8.71046444944e-13
-18.0043616095,26.7138566389,1.13180571628e-12
-12.0979157699,35.6394232962,1.73237430671e-13
-16.3732100993,29.3701537157,1.54216372081e-12
-8.5625846114,40.0931319343,0.0
-18.3353833504,26.157057593,2.86437697939e-13
-13.2062589225,34.1095673554,4.61413999906e-13
-10.9879236663,37.1064362212,1.49030615866e-12
-9.22037362771,39.3120015137,4.12314194008e-13
-13.6317576254,33.5047040974,4.26325641456e-13
-15.8221946216,30.2343931999,0.0
-15.3026254343,31.0339658442,9.04225010809e-13
-16.735158503,28.7933438725,4.3014788444e-13
-14.8085492147,31.7805079881,2.13162820728e-13
-15.66951317,30.4709018992,4.64227754154e-13
-14.56639672,32.1414954549,1.51508399257e-12
-13.8072056861,33.252438571,0.0
-12.9882184483,34.4157303611,0.0
-14.2611270921,32.5919918643,1.35549734371e-12
-10.1313199923,38.1950026599,4.18817422231e-13
-8.2419372939,40.4663122803,9.16102966238e-13
-17.5238250477,27.5115492526,2.84923275295e-13
-18.2961545492,26.2233526738,6.67466865138e-13
-15.5583646989,30.6422656793,4.58495260736e-13
-16.9589733359,28.433056886,2.13162820728e-13
-18.2317408251,26.3320288075,2.86245497249e-13
-15.7879741988,30.2875136253,1.33090382967e-12
-14.6573830335,32.0062357056,8.71601054673e-13
-17.1754409539,28.0819769885,2.84267559063e-13
-13.8291802674,33.2207247566,4.26325641456e-13
-16.7124023857,28.8298212224,4.26325641456e-13
-15.0168959255,31.4673373402,0.0
-10.6901407295,37.4891105968,0.0
-10.2648244305,38.027804748,9.41597160917e-13
-12.4629712317,35.1427797188,0.0
-13.0805765502,34.2863577708,1.13948960875e-12
-18.2415516114,26.3154909479,8.52651282912e-13
-13.2085499907,34.1063367304,4.26325641456e-13
-17.3805363688,27.7469684278,2.84653924462e-13
-17.363816037,27.7743662121,4.66181413299e-13
-13.794343623,33.2709889654,6.1666316172e-13
-17.2564504249,27.9499294769,5.68840556374e-13
-11.0455813397,37.0318136934,9.52888601707e-13
-11.693665556,36.1811646742,4.301382841e-13
-12.1045003359,35.6305278533,4.99293301857e-13
-13.7586976452,33.3223525707,0.0
-10.5900629253,37.6166966124,1.32414918889e-12
-13.2253358127,34.0826584762,4.26325641456e-13
-16.5980416322,29.0127061199,2.83175518375e-13
-9.64445086117,38.7971452905,2.4919880045e-13
-13.1251084332,34.2238146532,1.7625301244e-13
-11.0076072583,37.0809803491,4.58991554041e-13
-12.6042334368,34.9486950679,4.26325641456e-13
-18.0039566938,26.7145340937,3.80818526294e-13
-9.81486337852,38.5877366266,5.96042412031e-13
-14.9006923841,31.6422999397,8.52651282912e-13
-16.0992843827,29.8018861755,1.57833664095e-12
-9.95015176636,38.4204549142,2.50510541639e-13
-14.9526837895,31.5641105801,2.80047412716e-13
-8.61341858762,40.0335155635,4.56499413899e-13
-15.0274592133,31.4513958201,1.39046480328e-12
-10.9412504095,37.1667166513,1.03946083542e-12
-14.1586032351,32.7421454514,5.0406632345e-13
-8.51529486246,40.1484798633,2.44404852438e-13
-16.2186362619,29.6142853792,1.91846538655e-12
-9.34524253012,39.1613270161,4.26325641456e-13
-13.5811889692,33.5771030593,1.1476901008e-12
-13.6339050431,33.5016265745,1.50850349967e-12
-9.61937673005,38.8278349727,4.5752573517e-13
-15.2454555682,31.1210363645,2.80604259756e-13
-12.1189583722,35.6109876674,4.33247630735e-13
-9.90240521213,38.4795975193,4.57820071071e-13
-18.5447921859,25.8017606781,4.67529281755e-13
-16.4401457654,29.264027625,0.0
-10.635965124,37.5582409843,4.22453606176e-13
-13.4351994306,33.7853375605,4.61672078419e-13
-14.2628875409,32.5894085405,8.71361372714e-13
-10.5626438397,37.6515629437,8.89438781085e-13
-11.4155505726,36.548887708,1.71244146254e-13
-14.3195996467,32.5060971522,4.26325641456e-13
-16.1427089391,29.7337211403,5.64622232991e-13
-14.6190991478,32.0632036802,8.94672966053e-13
-12.5687988834,34.9974797988,0.0
-11.6184434215,36.2810225503,4.29589336924e-13
-17.4834003427,27.5780796615,4.33862717448e-13
-11.5773177612,36.3354917874,9.5859843003e-13
-10.1029936924,38.2303620259,0.0
-14.6345822236,32.0401739238,0.0
-11.3793135015,36.5965027654,0.0
-18.9892020859,25.0399454141,0.0
-15.0373239834,31.4365029183,9.02305432973e-13
-15.4509790921,30.8071808385,2.13162820728e-13
-9.06665123197,39.4964391104,2.4673514869e-13
-8.65878749693,39.9802030352,4.26325641456e-13
-15.8741455967,30.1536260894,8.52651282912e-13
-18.3938542183,26.0580899543,4.67358265358e-13
