-80.4156256562,43.8390602954,4.26325641456e-13
-80.4728535336,43.2181094036,4.26325641456e-13
-79.1778921691,43.8643026735,6.81576137201e-12
-56.7008573321,34.0235462125,4.38368082297e-12
-60.8960265397,37.8264592769,0.0
-63.0888686311,39.3151956503,8.08989600983e-12
-84.3746055352,43.7363033122,1.04817869101e-11
-67.1684312732,41.2198854912,4.6207272571e-12
-66.2507748408,40.1762076559,3.67678069283e-12
-66.4209533166,39.9296533781,7.37448701114e-12
-64.5630023764,40.0189663735,4.27295968232e-12
-87.0368130587,43.8193722971,1.04672591962e-11
-60.5299754019,37.5981930712,1.11627810294e-11
-53.4499806635,29.6342772344,9.26294317957e-12
-58.8146992996,35.7579382537,1.34320917268e-12
-53.0899550791,27.4949486728,0.0
-99.7518839141,41.080418553,7.71258962389e-13
-54.4057227586,30.389178797,0.0
-65.0694759079,39.3851553236,1.17323942211e-11
-54.5512894633,31.3660029388,1.38550513643e-12
-72.9135936852,42.904306094,0.0
-88.7416789227,43.6728809799,1.07917360485e-11
-76.1382835206,42.6761669706,6.39780612232e-12
-78.8694053968,43.1559978079,1.39211155283e-11
-79.3615361023,43.5291124311,1.05868219952e-11
-55.3438941824,32.0863778219,3.45880992054e-11
-65.1612133368,39.3419057216,3.71200049564e-12
-86.4246854064,43.9112317869,8.52651282912e-13
-84.4671047437,43.3262679541,3.8180348421e-12
-58.990717801,35.9962490723,8.44695287351e-12
-85.1114322431,43.9095258231,3.68568315109e-12
-49.4287914639,17.2411447513,4.07169024689e-13
-65.4740010323,39.7537102654,4.47361250246e-12
-68.4169441606,40.9846908764,3.46309526171e-12
-48.7023398011,7.78779309362,196.593288799
-56.0591710269,32.5960724127,0.0
-64.8223336777,39.1317001284,0.0
-66.2197583722,40.1619344125,2.30598764124e-11
-77.6645663785,43.0921564097,7.05828928699e-12
-78.0800427676,44.0348908017,4.26325641456e-13
-66.8194948421,40.7568140521,8.52651282912e-13
-96.7292874348,41.7685012503,1.42360161977e-11
-81.9279422129,43.41169646,1.7364013215e-11
-64.4717167641,39.3224034568,8.63925055142e-12
-93.6090344875,42.5963658535,1.04767544605e-11
-73.9505908191,42.1758476892,3.40850205303e-12
-71.6821955218,42.6105793305,1.18312324018e-11
-64.5509290829,39.0677224079,3.72345943917e-12
-57.9417785519,34.0682545453,0.0
-64.1746491065,39.822484549,1.17211348989e-11
-98.6241682168,41.1996482471,1.08986116821e-11
-62.7644319146,38.3179618054,3.75449618085e-12
-55.8791496697,32.7241967531,0.0
-90.2888261475,43.2324291572,7.53441947526e-13
-65.0404426528,38.7822779625,4.18808132144e-12
-60.6339331538,36.6913798891,0.0
-59.6476652141,35.3781992152,4.07908602829e-12
-72.5181941896,42.0131519688,3.59743049085e-12
-77.6427963463,43.2714063592,3.35730115402e-12
-92.7847699518,43.3512992007,3.7200753861e-12
-60.5267759756,36.8754520934,0.0
-48.915686129,17.4444449996,2.31002834329e-11
-51.6554121536,26.6315774119,7.66664021697e-12
-49.8511714535,20.1218704705,2.6576036663e-11
-54.4168656882,30.6373100749,2.72856917609e-11
-48.9054186763,16.2616564406,2.54214819774e-11
-69.536710654,42.4636051549,3.57760790931e-12
-64.272784542,39.811052197,1.19604126096e-11
-96.2252924105,42.187536837,1.08120765296e-11
-91.9965186782,42.8508978718,6.92877265895e-12
-56.5878817344,33.5078271237,4.91891888233e-12
-70.2711835201,42.3229087174,1.15090223759e-11
-64.9472174831,39.6012586627,1.14509238615e-11
-73.4818533472,43.2650448697,3.54199946515e-12
-66.8671567187,40.3717821845,3.49073684064e-12
-68.8892166674,41.7608813634,7.21694093448e-12
-49.6222315596,20.2385787864,2.65748818974e-11
-101.40883203,40.3907214631,1.08758900771e-11
-60.9893495759,36.2129579297,1.23564975841e-11
-56.7644452346,33.1912245081,8.45439017777e-12
-58.5228084162,35.3063841969,3.64190701461e-12
-85.9048180836,43.6879700597,6.79557401289e-12
-56.6368357236,33.6847957819,4.57038662129e-12
-67.2114038043,40.1216819201,1.86963219403e-11
-63.9470120842,39.3808375296,0.0
-73.5677867605,42.9007332071,0.0
-49.8433739691,20.9256195245,5.83371740984e-13
-54.2551595867,30.7976200135,5.17880467839e-12
-69.0535055017,42.1293933344,4.26325641456e-13
-81.7675750161,43.8322080361,0.0
-69.9621580058,41.8357117807,1.47943161057e-11
-88.6786964179,43.279539429,4.26325641456e-13
-66.2047328118,40.7069735287,0.0
-74.6619453519,42.6896976042,1.03487893538e-11
-86.0270042169,43.7140501487,0.0
-53.5182964393,29.5763674757,5.3598884178e-12
-74.6452555614,42.6621936464,1.38401326094e-11
-91.2310644276,43.4790875222,0.0
-87.8567423333,43.256037963,3.82222628906e-12
-75.3777980419,43.2179849397,7.64899036125e-12
-90.0554983527,43.6784080244,3.72444543776e-12
-53.6920092413,28.5209649844,5.00508147539e-12
-73.592663471,42.3633456601,1.06415546311e-11
-75.0018939561,42.317648632,3.80677140223e-12
-75.9762954879,43.3200443669,7.49265438732e-12
-49.0142529725,16.039006302,5.26873446154e-11
-52.5203518777,26.5857636073,1.23026035215e-11
-80.6675963511,44.0605088321,2.09412575377e-11
-79.4633995276,43.9676203585,3.779517871e-12
-60.6458280245,37.1440446392,4.27320851717e-12
-40.2617966231,47.999981946,2856.8355522
-57.5879743025,33.4363843688,1.86532234207e-11
-75.7536015233,42.9761121695,7.18560908961e-12
-58.9093268683,35.4954176761,9.01924567847e-12
-71.741867588,42.3873124105,3.87363947717e-12
-68.4534928899,41.7865147669,0.0
-55.8634493292,32.7236727003,9.02610067837e-12
-58.0052220216,35.0240265039,2.54833831003e-12
-66.0499415784,40.0327415032,7.79726762676e-12
-61.9601106979,37.8422882262,2.38162173623e-11
-68.314477535,41.4935552276,3.43991250607e-12
-77.4291187452,43.6027757815,4.26325641456e-13
-67.3228567499,39.9612785373,7.80299180087e-12
-85.6147042364,43.4976088316,1.05147699964e-11
-54.1166896604,30.3735597121,1.53151631986e-11
-60.8262676467,36.3302612263,1.34331738989e-11
-68.1038690561,41.4119979963,7.45745238002e-12
-70.2617042305,41.875316523,4.26325641456e-13
-62.8455648276,37.7843863477,1.61269203034e-11
-68.0076078967,40.5348225595,1.70530256582e-12
-65.4431237626,39.3658580911,3.71099671322e-12
-104.302041736,39.2055493328,1.56884101682e-11
-55.4966234993,31.7301632254,2.96396650956e-12
-73.9546319256,43.0064710662,3.77669075012e-12
-65.783076104,39.5632909235,3.70270612281e-12
-50.8007885355,24.6436848008,1.35479449484e-11
-57.9497703862,34.7932278135,9.37820169037e-12
-71.0913629019,41.6395419012,1.08936091187e-11
-88.2416020127,44.0028154964,3.89582547999e-12
-61.4479430916,36.6569036678,4.26325641456e-13
-70.370636788,41.6725651147,1.06425916746e-12
-56.6971945446,34.1808512945,1.95921907423e-11
-93.1887284277,42.7965640724,2.13773913671e-11
-105.762310139,38.0333871538,4.85764068873e-11
-56.2111327643,33.3013274666,2.27903259721e-11
-80.1817167618,43.9312428657,1.05773294625e-11
-59.3341817419,36.0138875916,0.0
-75.038545699,43.0100694274,3.3695990069e-12
-79.5167917793,44.0319487408,6.86339204376e-12
-89.8987009577,43.7607671511,0.0
-57.5742135089,34.7285697721,1.22591804917e-11
-54.9029954908,31.5874316789,7.37218489818e-12
-71.4137843675,42.6773759861,1.86805864096e-11
-83.1262862941,43.9343304002,1.04471183083e-11
-49.3463738245,18.8473079851,3.02413940114e-11
-66.880291179,40.2738442127,3.88895297432e-12
-69.7885328588,41.6732291281,0.0
-102.130162879,39.8960229703,0.0
-63.7977036788,39.7663258008,4.26325641456e-13
-52.6091546771,28.2549724426,0.0
-75.2309104108,43.0642556285,1.08944836115e-11
-98.7583796188,41.1988102235,2.25708946046e-11
-90.1697091237,43.5414664988,0.0
-59.6390520215,35.1148406853,1.76793003268e-11
-71.1879568605,40.9989526754,1.43174461729e-12
-89.5941727218,43.6824880465,1.05171412981e-11
-56.5365866319,33.9054818318,5.87468660034e-12
-93.1326675617,43.0297027333,0.0
-93.0706795248,43.192175399,2.14876220365e-11
-66.9652461534,39.9127028745,7.3759222952e-12
-57.5374637675,34.5778603042,1.10447625486e-11
-78.639218067,44.3686069556,7.36380448431e-12
-61.6424909262,38.2365482632,7.65368909965e-12
-63.7340549516,39.34455125,4.20840576709e-12
-83.1427839719,43.3967133152,4.26325641456e-13
-70.9016245288,41.9198008252,4.58625102778e-12
-52.6105683164,27.4887035736,2.99431579339e-11
-66.5613673134,41.090888739,3.09294334345e-11
-100.451917396,41.1070046302,3.85521132077e-12
-61.2914086482,37.7381058261,2.40888703608e-11
-49.5847958149,20.2594334092,1.86091320556e-11
-53.5746842521,29.0224364741,2.79760568943e-11
-89.4653900398,43.2656753807,3.133569415e-12
-63.9355243883,39.5166618687,4.30752679774e-12
-57.250265636,33.5367823966,3.35180388662e-11
-69.2201669502,41.3459676909,1.13056054019e-11
-65.3605207684,39.6489059811,1.17049179855e-11
-65.3013094228,40.0459364599,0.0
-106.596180092,37.4776277287,2.80974347832e-11
-68.9818390065,40.9398918616,0.0
-69.6722249897,41.7076590416,1.22252709767e-11
-61.4778768175,37.2748147488,4.26941971978e-12
-77.6063007028,43.4758896064,0.0
-75.4387573475,43.0254347866,3.14568061226e-12
-102.217805007,39.7742386599,1.88778728225e-11
-89.6441683852,43.1387985082,3.22562963402e-12
-74.7641837642,42.8404713777,7.08554134848e-12
-74.4633262638,42.9483080303,1.0552199984e-11
-88.2432437891,43.8691719631,3.71273935147e-12
-95.2765251152,42.5241981694,1.01769691541e-11
-85.7239771637,44.438504808,0.0
-67.9658671194,41.1467667479,2.20141634536e-11
-89.8518503537,43.3130314634,6.83774036604e-12
-63.3851650682,38.6322214113,1.10339681291e-11
-70.2586206511,41.5015415055,3.92522413206e-12
-50.3263175278,22.924156417,6.68946916395e-12
-64.3557588841,39.0060087,1.46608536479e-11
-89.638897318,43.3407031961,6.94019513775e-12
-82.3601023091,43.8558544631,3.71355787413e-12
-58.7314615567,35.6718150317,1.79332329669e-11
-81.7398520053,43.6357237621,1.36362966569e-11
-69.254473496,40.8677087591,7.69498495174e-12
-72.7023861986,42.0209453614,3.41566573891e-12
-97.1652899642,41.8724678939,1.05878625371e-11
-78.4559447876,44.0974659533,1.8006804111e-11
-64.3504072224,38.8416529671,3.15671271038e-12
-62.977819277,38.9474728139,7.376194039e-12
-52.7574068912,27.911242327,2.89891924102e-11
-80.7926101008,43.4295386203,1.05610918435e-11
-58.1914064149,35.402068779,9.73815573882e-12
-79.4657255065,43.5708695459,1.75529657413e-11
-78.1793224437,43.5532750639,0.0
-72.1453839782,42.7124094089,3.78310224034e-12
-99.8580797354,40.9245481847,1.4783265626e-11
-66.404609571,40.4441866131,2.05074891093e-11
-68.6954741187,41.1427477202,0.0
-62.6519775468,38.8950173337,6.63616579902e-13
-50.0843872782,22.3565806149,0.0
-76.006252623,43.437306357,7.13626518921e-12
-78.0971511126,43.5900331865,1.06362567234e-11
-64.1207575392,38.4347890508,2.81446400921e-11
-89.8644924646,43.2462804355,3.82280822257e-12
-86.7834634765,43.7232015554,3.72170032786e-12
-66.7410618721,40.7273856871,1.25014865463e-11
-77.1604953251,43.6490058123,1.71948909292e-11
-87.1561247656,43.9385620769,0.0
-86.5676192386,43.311739413,3.13124111505e-12
-57.6788785399,34.9670035414,8.60184224611e-12
-78.5679784725,43.4344208017,7.62313981991e-12
-95.7749084556,42.7010787794,4.26325641456e-13
-81.9733935044,44.0409595554,0.0
-66.3795653384,40.9390510698,7.49722362333e-12
-69.5255309476,41.2190342223,2.86658041787e-12
-60.5956731375,36.7751051966,3.50100805434e-12
-55.8181238554,33.1708979007,4.94117401456e-12
-56.2196177009,32.7228512518,1.41615496228e-11
-76.6614022992,42.8610651345,3.74998749627e-12
-85.5745564724,43.4838896757,6.85842825136e-12
-72.9062419591,42.9120965983,1.05687787328e-12
-77.1245845066,43.7350021355,2.44804528646e-11
-94.3189584831,42.4394814536,0.0
-100.224116041,40.7664639223,2.92123954086e-11
-95.3944095621,42.1197766727,3.59275101643e-12
-61.469244997,37.8819274702,1.21552079757e-11
-86.6288677327,43.7126818594,0.0
-63.4195462869,38.6044108319,1.10745268234e-11
-72.0679997146,42.8597366433,1.05657874221e-11
-59.3597195499,35.3685774651,1.30256749898e-11
-59.3163223488,36.5564817171,9.51440671674e-12
-90.7021689474,43.5047925445,6.92204861783e-12
-94.8323931824,42.6305044951,7.22232941561e-12
-75.5618968789,43.7263532388,7.10514180394e-12
-71.976588514,41.8782116871,4.26325641456e-13
-81.4838394023,43.9009246328,6.811638463e-12
-65.2454207481,39.8928469353,3.04530207351e-11
-67.2926773226,40.288412737,4.26325641456e-13
-79.8178142272,43.8912015639,1.05842631487e-11
-55.5536649898,31.7154250974,0.0
-57.2357655851,33.7823350624,1.45249003704e-11
-54.6059568847,31.5096245402,5.33789865497e-12
-54.265849835,30.8398870524,2.5789743457e-11
-93.1703751045,42.6227430106,2.46841325912e-11
-72.0970334421,42.6770539892,7.51351432637e-12
-105.257198946,38.2021593753,1.58161906969e-11
-98.3140351593,41.4242028318,3.84225024984e-12
-58.237400188,35.4263725535,0.0
-91.4410844974,43.5450508665,0.0
-62.0904227229,38.5748615415,1.26110333354e-11
-67.8898458337,41.3480939442,1.47110424416e-11
-82.3781432292,43.301324246,3.74746632598e-12
-73.5137640452,43.2389222717,1.08143485558e-11
-59.0987288097,35.8466530476,8.68374093421e-12
-69.6983980549,42.038297508,0.0
-64.7352753747,39.3769467278,7.6264013384e-12
-55.7005507145,32.2929358689,2.44752305397e-11
-78.1219373123,42.9512394981,6.98305182679e-12
-88.0869045467,44.1746735379,7.35082261065e-12
-68.8440584759,40.8679288599,1.13325125413e-11
-59.2326945383,36.4160082193,1.1797301284e-11
-71.2424359833,42.9972489185,3.95425624291e-12
-54.2839110131,29.9986867048,1.05489116104e-11
-48.7409829248,12.1273431716,2.35581792699e-11
-67.2727461029,40.9883521617,8.05267322715e-12
-76.0920043294,42.706245406,4.26325641456e-13
-51.4104516066,26.1250332159,6.33191787943e-12
-49.5807476083,18.4590131986,1.96936121788e-11
-48.5017915168,13.6139015162,1.7663860612e-11
-86.0281361936,43.2959278498,1.36593692529e-11
-96.1067046835,41.9683933418,1.78385869645e-11
-76.9929929529,43.3095778434,0.0
-80.4472223915,44.1131866726,3.77071591684e-12
-58.2958381433,34.5768312089,0.0
-69.8130632916,40.9817369157,1.09904388655e-11
-64.2307049794,39.5709766246,1.12055016779e-11
-87.5215079163,43.6870591809,6.79567680289e-12
-95.9478566521,42.2972678909,6.97717635995e-12
-79.5828397829,43.2256564927,2.05735185937e-11
-63.0025814558,39.1963709307,0.0
-68.5301027375,40.3593094592,3.99047142453e-12
-78.383633099,43.2891309714,0.0
-97.6381295099,42.084367885,1.52913202101e-11
-84.6474129388,44.5805164051,0.0
-72.0192546455,43.1062614835,1.84238563906e-11
-88.7444058092,43.4502219913,0.0
-61.0572890242,37.303214374,1.08980125928e-11
-49.0627216542,16.7374457889,8.80974353024e-11
-51.6238287504,24.9198074264,0.0
-71.3340139622,41.6216715749,1.74744975436e-11
-83.6028099167,44.1263618087,3.69689360849e-12
-57.6332172775,34.5304915264,1.29305609789e-11
-91.3907521078,43.0788287137,2.8654017346e-11
-73.2120650042,42.1217499487,1.79525052749e-11
-92.1701624683,43.5086940345,3.75557912696e-12
-50.9911935309,24.8911772338,1.31493027463e-11
-58.0590834047,34.1330625864,2.67908961603e-11
-85.3599636355,44.0321990075,3.67807827619e-12
-60.2207168421,36.3262831041,2.0754580071e-11
-53.1688644341,28.2742040861,2.28167198857e-11
-72.3645452127,41.6720638954,0.0
-87.4899147622,43.7109232489,1.06154198216e-11
-92.0247195991,43.0339750388,1.08074635076e-11
-79.6437494004,43.2983274851,1.06863500744e-11
-58.6889774268,34.8837522087,4.641003173e-12
-78.1001905196,43.6324896077,1.07056168291e-11
-57.405232638,34.20559545,4.65850632676e-12
-65.8662863407,39.5410857093,3.66889891501e-12
-78.6918212725,43.2219982334,7.15934985297e-12
-74.2368697248,42.0083090891,6.68459030924e-12
-75.6824241518,42.7964579193,1.35741368768e-11
-72.8631531067,42.7615878213,0.0
-101.06817246,40.8987288982,0.0
-55.6555890732,32.6174799119,1.45975646498e-11
-48.6962379261,14.6584641402,3.27414544174e-11
-78.2320783229,43.0925402926,1.07975458208e-11
-66.7137980476,39.8956581588,3.90412102872e-12
-54.5848414467,31.2253759071,2.04860697002e-11
-53.276094811,29.4480295877,0.0
-74.4785200272,43.5060855975,7.0132053553e-12
-78.8979473348,43.853136687,0.0
-93.7509021387,43.075019527,1.05327259046e-11
-59.9018920689,36.0273157712,2.58313390862e-11
-97.3300807765,41.6334906025,0.0
-79.6337931758,43.4638224,6.92658446132e-12
-80.5043823711,43.4310174883,1.00528554289e-11
-58.1685986122,34.9110923842,3.49209608223e-11
-71.6145152372,42.0602453478,1.04087783627e-11
-51.6109423352,26.050206179,4.57360346624e-11
-69.7018160829,41.1811459571,7.83980175878e-12
-80.3385126717,44.1082681284,4.26325641456e-13
-64.7154591742,39.1804000265,0.0
-67.8122362734,40.9923902701,7.49275323587e-12
-60.5120093793,36.2464664167,8.29746929313e-12
-78.0462006956,43.0991573746,0.0
-60.1967178348,36.1274489699,8.9887111978e-12
-49.5723125017,19.9384748744,4.56392017992e-11
-71.0445954815,42.4187720391,4.14388872774e-12
-53.4750203414,29.6921903448,0.0
-98.4005832089,41.7324270542,7.45207787322e-12
-82.0893655372,43.8440399117,0.0
-68.8948287505,41.3127662974,2.86972472394e-12
-80.2315902128,43.5743982212,1.06389483153e-11
-78.2189697944,43.0978357421,1.07206267519e-11
-63.9297773032,39.0837870896,0.0
-71.8926860891,42.2248555881,0.0
-77.3312919963,43.3813588856,1.07484831449e-11
-69.0683924197,41.1899833434,0.0
-60.4075945034,35.8673746278,2.10044342086e-11
-56.3116268448,32.5877069728,1.93924458289e-11
-75.5962716496,43.6368554075,0.0
-98.6477126954,41.5326241509,1.14221729248e-11
-73.3832415079,42.637518572,7.51753916757e-12
-89.797486435,43.3580756693,1.00646147165e-11
-60.5900632538,37.5050263837,4.80316862745e-12
-55.0481945977,31.3391038702,2.04504970583e-11
-60.3123463949,37.3456725828,0.0
-54.4844124778,30.4447325271,1.7150592851e-11
-85.3878614092,43.5432021145,3.70829195105e-12
-37.6633277887,61.6002545161,3710.79367171
-88.4528242146,43.2560966622,3.10492136582e-12
-74.4715356411,42.7833629336,0.0
-95.1271115266,42.2974389692,2.48438949115e-11
-57.8201258339,34.840681866,0.0
-67.7054530122,41.527614502,1.48953690995e-11
-88.3706783781,44.140041075,0.0
-104.353762649,38.7234225492,2.7031795704e-11
-65.554948058,39.3617165495,3.92537476087e-12
-56.0449851358,32.8715656221,3.84039904451e-12
-67.1603413275,40.9616735362,9.03833854772e-12
-70.6842710892,42.2887728146,6.97794533491e-12
-60.2126380128,36.6251914069,7.49276627732e-12
-75.6617337517,42.5531279019,3.5736518185e-12
-63.5133065134,39.3283971029,1.95719307121e-11
-80.0562342617,43.6096999013,1.07095147481e-11
-78.6233109295,42.9277829691,6.98562334645e-12
-95.1640818109,42.3845674314,7.24832468551e-12
-64.9611168155,39.9485330825,7.80401200348e-12
-56.595943346,33.052089023,1.83730213343e-11
-56.7182173956,33.7617881971,1.59859976545e-11
-85.7840068898,43.340235088,0.0
-67.4849783523,40.6883910262,3.47649675325e-12
-98.3376000579,41.4170317164,7.6404869943e-12
-55.5043303921,32.563686947,3.34525328258e-12
-79.451493371,43.2917933247,0.0
-81.0984595314,43.6215752872,3.72792515882e-12
-50.1062389192,22.3255497679,4.02303364136e-11
-80.1002919073,43.8923795425,4.26325641456e-13
-94.550946917,43.1375185983,1.44692695011e-11
-72.1162082137,41.7884678884,1.06357250697e-12
-61.4784374894,37.899685307,4.26325641456e-13
-69.8405118414,41.6859175637,7.43428176342e-12
-65.2402097751,39.9994926,7.57532949479e-12
-69.5588757439,41.6554747751,1.4649334323e-11
-76.8164593365,42.8008827984,1.39274413082e-11
-67.8494456323,40.8294225341,9.6092004809e-12
-52.656601198,28.5008949384,9.66264105247e-12
-95.533659593,42.7376381172,3.85300339369e-12
-48.7014304102,6.23584384834,180.678487902
-79.784248441,42.9653991134,7.18675065422e-12
-68.2216032853,40.448133638,4.13142586067e-12
-55.8959286734,32.9469143938,1.0732852381e-12
-69.8958165244,42.0082836172,0.0
-70.3885890468,42.0723024521,1.89114826777e-11
-65.3086719049,39.0206788263,1.18165479673e-11
-87.6212455003,43.9721880451,3.68180064267e-12
-69.073626298,41.3624132493,2.71168783329e-11
-58.9042386765,35.8871962531,3.09753290899e-11
-59.124907465,36.1789769026,7.51583051811e-12
-96.7032235742,42.082256643,2.49186488238e-11
-49.2920423492,19.5118838958,0.0
-71.3628527052,42.1533595918,1.75675333153e-11
-83.8167135812,43.671930024,3.72484224942e-12
-105.939064027,38.0601851207,1.21629690106e-11
-50.242676958,22.8892083194,4.55234902838e-11
-67.3820166565,40.2870725659,3.04250412947e-11
-82.6340425496,44.10294769,3.69833918571e-12
-52.2662180093,27.4370442169,1.56096047935e-11
-66.7964617551,40.4103500647,7.54132472574e-12
-53.3604705128,29.495900582,1.79290907114e-11
-72.7311217172,42.5792128764,1.73808629347e-11
-406.209068562,6.76357240134,1058.37635168
-72.0840516939,41.6686388975,0.0
-71.4547055069,42.8278209474,3.77614918071e-12
-75.4703604067,42.8171474602,3.24136792531e-12
-83.6012643123,43.8627750943,1.41395448718e-11
-63.5575499452,38.3195742761,1.1898896292e-11
-67.1120906558,40.9621581971,3.64312791203e-12
-49.3750862741,18.1784510542,1.16180440662e-10
-93.0365423699,42.6592531328,4.26325641456e-13
-55.7532951462,31.7382738805,0.0
-61.3474351721,36.9284702077,1.22969371361e-11
-57.2772891747,34.7189662448,4.20109116704e-12
-69.5376486365,41.828324449,4.36760197033e-12
-77.6617908867,42.7963390242,0.0
-90.9437615827,43.778650581,2.49223155535e-11
-62.4150283707,38.5897177349,7.35413993822e-12
-95.6626794286,42.7949401723,0.0
-73.8921902403,42.8196897883,7.20225614464e-12
-85.8860415453,43.9026785115,0.0
-63.2885579981,39.5346096054,1.59509503117e-11
-66.4975925551,40.2373030605,3.89042262651e-12
-55.8048824026,32.8659443281,1.63174138546e-11
-57.0244900247,34.3317398642,8.07385593429e-12
-48.9323710315,14.6452337589,3.04432631104e-11
-78.1005062742,44.1900610716,3.66826713399e-12
-70.067631276,42.0513248583,7.95145509009e-12
-69.3058300916,41.9753539794,3.59908744967e-12
-57.8091735999,34.2382325791,0.0
-96.8032177903,41.807947009,7.65297455554e-13
-71.5794914716,42.2135757995,3.27065860569e-12
-58.1484140266,35.0657160154,2.87715208559e-11
-77.0817066179,43.7596298824,1.08860722524e-11
-61.6728927918,37.740054344,0.0
-90.6703550989,43.6070791659,3.34142897235e-12
-87.4438667559,43.5215167024,2.11290127354e-11
-82.766305092,43.2989920681,0.0
-70.831329369,42.1494837019,0.0
-69.3800017585,41.5967612657,3.61562881386e-12
-64.0927587078,40.0375921054,3.89843942538e-12
-84.415052322,43.9410630867,4.26325641456e-13
-78.7966610799,44.2131844422,1.78048532974e-11
-64.416854883,39.7157343871,3.91130421714e-12
-54.8722827305,31.7837709471,9.4041149107e-12
-58.0518564958,34.9570282541,0.0
-92.0836223105,43.2715003978,6.947832247e-12
-63.2899059913,38.1479979779,8.70307832738e-12
-73.6535359207,42.2109985096,1.78024459456e-11
-62.285432157,38.7352196461,3.95006672088e-12
-108.397684009,36.1556155468,4.20349811358e-11
-85.9871500266,44.037539339,1.77962141724e-11
-86.2343991714,43.3593302163,1.05732547077e-11
-79.4510014912,42.9676622998,4.26325641456e-13
-63.8745979104,38.9667769664,3.3147276627e-13
-48.8893059896,13.1045096529,9.86290458089e-11
-62.4574251405,38.5384223846,4.72876557927e-12
-58.5062801544,35.7879627671,5.27852320916e-12
-73.3516010704,43.4816012566,1.11955814954e-11
-67.3267578766,40.7452803369,2.268518298e-11
-83.6220669455,43.9473570342,0.0
-71.780894895,42.3702990406,1.07847115782e-11
-57.8033642182,34.4760506644,5.86034822749e-12
-63.8874496712,39.4732752307,0.0
-65.0392065941,39.588252843,0.0
-58.9541711262,36.1361774639,2.47256894448e-11
-59.783184056,36.4738842798,8.58498989362e-12
993.996194356,-7539.77546759,4031.70669856
-58.9966031051,35.5651194844,1.34110971035e-11
-61.4229885879,38.1459823814,1.72158981502e-11
-62.7951845407,38.6069517087,1.23381442329e-11
-55.7400803266,32.303799851,2.4228924219e-11
-94.067589007,43.0082886233,1.05429868967e-11
-54.2120915986,30.7568931989,1.16404503109e-11
-74.4577442892,42.3492287478,2.10296973783e-11
-80.7764771683,43.5600409771,1.05038920152e-11
-89.2778629949,43.6573260495,3.11371129313e-12
-88.8009299902,43.2576633476,1.01615872187e-11
-53.9361397233,29.9225499687,9.047936346e-12
-70.7128335796,41.1693518927,1.09629385418e-11
-85.9043793847,43.5520412956,0.0
-83.1199733351,43.5829633845,0.0
-93.4540424987,42.6036877558,3.78963855049e-12
-78.521179966,42.8844403045,6.92506563059e-12
-66.3841313953,40.4789105487,2.89239778066e-12
-55.7161895829,32.0981013638,5.70590766594e-12
-59.8129914463,35.8474870072,2.16708625403e-11
-54.9247649197,31.5512618171,0.0
-69.0865339824,41.4281991424,1.12526598031e-11
-89.7379340935,43.5648140092,6.84937633951e-12
-78.8188588134,44.0486094998,6.79498469047e-12
-81.6146898368,43.5668041374,1.05113620086e-11
-103.185700792,39.4632926335,0.0
-55.5464248732,32.2541870833,1.56467521353e-11
-92.3550975449,43.1106654252,7.17125332942e-12
-87.6557066102,43.9789602188,1.06461643091e-11
-54.5979496911,31.5329959027,5.52330523188e-12
-66.6210182548,40.4626445948,4.26325641456e-13
-57.7458568747,34.3272754769,1.82460035506e-11
-58.1884168573,34.1905019999,9.08122190708e-12
-79.8579920907,43.3431356593,3.74492153504e-12
-61.4780824641,38.1962427606,4.01128313838e-12
-97.7079891979,41.8186018831,2.5474286291e-11
-73.1906089223,42.3819450541,3.20553992507e-11
-63.1112571266,38.2927923535,0.0
-55.9167475888,32.3340382938,2.57293413242e-12
-52.2307815071,27.2882490322,1.28373350566e-11
-75.849081737,42.8767460442,7.08162111665e-12
-53.2321085974,29.4931714961,0.0
-67.9102117791,41.2441744923,2.27566015535e-11
-89.2388528063,43.4378940835,6.92945329655e-12
-50.5140092076,23.3933971752,8.68398105882e-12
-89.8906276758,43.0799085693,2.07672170903e-11
-80.1563009092,44.3530494168,6.82739692933e-12
-71.4319622208,42.3438697482,1.07886741457e-11
-71.1147857126,42.4087634177,4.26325641456e-13
-71.3154765805,42.0079234667,3.81823750855e-12
-60.275150173,36.2010248892,4.26325641456e-13
-62.1023187568,36.9977887673,1.1975098428e-11
-72.04249235,41.995391981,7.42510210157e-12
-78.6091707033,43.3691361099,3.74333807411e-12
-66.3877339073,39.8781931995,1.90720211222e-11
-60.2241715647,35.6073710215,2.52272687485e-11
-87.1270554832,44.2480326658,1.03919440061e-11
-54.9194593902,30.7471251169,3.09547788268e-11
-63.4777858686,38.8934000001,1.15234958495e-11
-54.7576884486,30.6153725761,4.57327112261e-11
-80.1311211717,43.3596595004,1.75454242241e-11
-100.691776178,40.5742996482,2.25338111357e-11
-58.0105220396,33.7506727327,4.43553212254e-12
-61.6554295469,38.0968944826,3.70772053386e-12
-83.0180118281,44.3132158809,0.0
-50.8222069118,24.7148882774,1.1812150252e-12
-84.7291555768,43.467986064,3.71291541466e-12
-85.0208608433,43.5100916554,6.85549884307e-12
-102.797138276,39.7178143929,1.90095719909e-11
-95.3609186832,42.2097962457,3.58879417361e-12
-61.6055831594,36.6774465597,1.18338622418e-11
-85.3696426546,43.87628362,4.26325641456e-13
-57.8196033394,34.774492988,6.29689269083e-12
-59.7841742972,35.8514130152,1.77806078715e-11
-62.9260837252,38.3580607649,7.93816304007e-12
-58.0099062228,35.1905208255,1.3349425989e-11
-76.4079616122,43.0929206124,2.10756769949e-11
-80.9517395551,44.0159345977,1.41289201909e-11
-91.7696024268,42.9242008038,7.56027115227e-13
-76.8380098817,43.1381230097,6.9625247549e-12
-96.7559226643,42.1547503766,6.99006295816e-12
-68.2860367611,41.160452462,3.3209982214e-12
-83.5415983748,43.7284731223,1.04744827536e-11
-54.1840735693,30.4285334182,1.62315270613e-11
-58.0419934315,35.1892640624,8.59316430309e-12
-88.822803749,43.5291337238,1.43773349458e-11
-56.4481223919,32.8325353614,5.01161759935e-12
-56.9007455398,33.4859658698,2.79776236769e-11
-54.6259644867,31.4158332467,6.1651564152e-12
-96.3968428679,42.6062790228,0.0
-58.2717837271,34.8107999791,4.26325641456e-13
-65.9836797002,40.0497636733,8.29296463511e-12
-86.7048808804,43.9010350943,6.81162602312e-12
-81.3836687739,43.6651204892,6.79815200484e-12
-64.6098480924,39.3463150547,8.87586530398e-12
-73.031864994,42.7244195303,7.09806607565e-12
-49.8866054287,20.2806835098,9.04389907407e-11
-74.6819699653,42.516654599,1.06182236959e-11
-61.7256695908,36.9010400689,7.98938018519e-12
-94.0789798318,42.9797823228,2.50499958421e-11
-58.4397726021,35.8302943703,0.0
-76.9430367147,42.781876049,0.0
-53.3853079925,29.1577111684,5.77831474987e-12
-86.2880854616,43.7690205787,1.35728417576e-11
-62.9271600346,38.5229798453,1.72132732341e-12
-65.0634202604,40.3025845203,4.26325641456e-13
-80.0062295318,43.4148793278,2.43387941576e-11
-77.5879021978,44.0635730514,3.31970779845e-12
-63.086110531,38.9152904281,6.82069126665e-12
-70.6396202858,40.8793163668,2.53303151267e-11
-62.6664576059,37.3360432624,2.81290108213e-11
-70.0224970109,40.9110315706,3.64533077895e-12
-55.6315154753,31.6996088107,4.20722208178e-13
-87.8484822224,43.3401061799,6.94026106407e-12
-90.5369118434,43.2818673723,2.10137694328e-11
-61.5261528124,37.4634332836,2.0444981235e-11
-88.9619842127,43.8844822058,6.81348988942e-12
-81.8084229959,43.5967435603,0.0
-56.0342634801,33.0011090485,0.0
-69.2447813813,41.9423833104,1.1178698608e-11
-85.6027581375,43.9175529872,1.41329780707e-11
-69.7777352131,41.4453711217,3.84138307316e-12
-86.2213423734,43.7837508048,0.0
-59.0091169068,35.7090434828,1.73812579234e-11
-71.8480370617,42.6717477369,7.35008625551e-12
-55.6691764503,32.4454387458,1.94665844236e-11
-89.6067847808,43.4520418823,1.86914199265e-11
-89.5388009259,43.2036012067,1.75326067121e-11
-61.4997280239,37.7148340957,0.0
-74.9103885588,43.5144231736,3.92432668814e-12
-105.430160283,38.5384226872,4.00284608964e-12
-77.3841300226,43.2621889342,0.0
-91.8943633848,43.4793090342,1.76562325388e-11
-57.2474863027,34.3987871214,1.35967755786e-11
-52.890633532,28.0309114102,3.45255836814e-11
-82.2084592037,44.286618409,6.76805339332e-12
-73.1592073109,42.4414734477,1.05006494757e-11
-73.4696351742,42.599105909,7.22565449056e-12
-81.5599410558,44.3433177052,7.32983985581e-12
-93.5415248821,43.1166154816,7.05563439789e-12
-75.2663261117,43.1911902553,1.81423314611e-11
-52.0270346036,25.5475618058,5.80733971103e-12
-88.5261696226,43.2043364328,1.06000501946e-11
-94.7663227823,43.025775245,7.47790070346e-12
-104.374157983,39.1372683749,1.57370069009e-11
-13913.6167211,615.973795428,5116.75460107
-64.8405904523,39.4699356973,2.92705541195e-12
-67.9348629111,41.5324550655,1.18286839625e-11
-88.5592124723,43.2411640779,0.0
-68.1027251772,41.5581377738,7.44510285217e-12
-97.4233313425,41.6788356199,2.15043980888e-11
-70.3707038422,41.9730281096,1.43967575076e-11
-94.4837626086,42.6326578246,7.82365100974e-12
1029.10899281,11469.1833043,690701.106009
-58.8341104259,35.1202908242,7.31658564617e-12
-71.1562874128,42.0172151163,1.52714144405e-12
-57.8113960446,35.23394485,4.54574320293e-12
-71.9522353578,41.6409095174,3.43316029083e-12
-105.09919537,38.2998792915,1.24707138569e-11
-51.1574104972,24.9683190772,3.46808527667e-11
-95.8934608213,42.3330012845,1.43880112428e-11
-63.172782153,37.5932413893,4.02604842231e-12
-98.7387719236,41.742839644,1.48117594585e-11
-51.8079960575,26.2813727093,7.3988328137e-12
-60.9519633962,37.3696830427,3.26738443905e-12
-75.7003333653,43.2657857627,7.15466195459e-12
-75.622190225,43.0220000295,3.36903872287e-12
-66.8612833503,39.9369517258,0.0
-58.2650087702,34.8389412403,0.0
-88.6064510161,43.9585605554,3.70724027483e-12
-91.826028336,43.2742704572,0.0
-90.0191450391,43.8247445463,1.38585361151e-11
-70.6961114996,41.2694162751,2.19695484569e-11
-103.773817634,39.3631038046,0.0
-89.9465191703,43.4666608148,6.92627032461e-12
-65.4512189996,39.2527423128,1.14879965298e-11
-68.0929538424,40.7309104745,9.83493912979e-12
-85.638433592,43.3224556737,3.7461804356e-12
-38.0052823989,55.2071087376,6435.30785175
-70.7782634191,42.4616547125,7.15538808072e-12
-57.1084221208,34.3840743375,5.70545836588e-12
-57.6009406334,34.8456345068,2.44305357713e-12
-97.6266416586,41.9138374663,2.16111856342e-11
-88.5370496371,43.3757961301,3.71857351936e-12
-63.2330795388,37.646593019,1.98575618728e-11
-71.8196414965,41.682226854,0.0
-51.6154926106,25.1992986598,6.60080930094e-12
-88.7479159645,43.8406892223,8.52651282912e-13
-50.9011601717,23.996242455,7.0937480299e-12
-73.6754764109,41.959411483,1.41167022226e-11
-85.5768523014,43.8169891362,3.78860286176e-12
-64.4842408356,39.2850177365,0.0
-63.3717716629,38.385974995,1.60568255867e-11
-107.40356948,36.9822219375,8.51848098107e-12
-53.6745880256,29.4579724537,4.28058864185e-13
-75.1928097956,42.7637754767,7.09382156238e-12
-91.467457032,43.2077646299,1.409146116e-11
-84.7765115741,43.315633315,3.74659564437e-12
-57.4073884303,34.6807433246,1.83487918718e-11
-69.4885178943,41.9762427913,7.58446935563e-12
-84.9502914395,43.7860198878,3.69332258266e-12
-95.6083923188,42.4642642293,2.5237233571e-11
-74.9204792695,42.5111465657,7.23495950907e-12
-102.01887002,39.9074420835,3.09223189714e-11
-70.222879955,42.046798978,3.59595466446e-12
-78.3800156647,43.3897054157,3.81424430757e-12
-52.3798838516,26.58567899,0.0
-75.2865032535,43.803326408,3.71678445576e-12
-98.0398855692,41.4416064605,1.03268663674e-11
-72.3900538239,42.285149246,0.0
-76.1223303056,43.6591691699,0.0
-68.4325994042,41.1287475475,7.84488480738e-12
-62.2534105521,37.6138840532,1.21779309243e-11
-57.9294964718,35.1413233127,4.33017394229e-12
-45.3449107022,22.2926845804,1187.20291195
-60.4800288846,37.216001049,4.57917130357e-12
-67.1465664275,40.8269049398,1.65582867998e-11
-65.1942108439,39.5187916864,3.08032655069e-11
-53.6510569926,29.1035237033,6.29588544179e-12
-82.1116910758,43.7709137172,3.71877391433e-12
-64.6532686827,39.7596907106,6.75808271588e-12
-65.6217450192,40.2909562843,2.33295866625e-11
-80.9759575998,43.7845548654,1.42157346488e-11
-53.9339449201,29.686339418,9.08560133869e-12
-57.8448623076,35.140303219,1.12943009274e-12
-62.349139102,37.5082972919,4.15168098123e-12
-81.9007090166,44.3651260698,1.03712698197e-11
-73.1832274836,43.2192213686,1.11000810638e-11
-58.444126344,35.4034078466,0.0
-79.5629346304,43.2901276056,1.06280675202e-11
-69.3636630466,41.5185733191,8.972856714e-12
-54.0669848371,30.8307965159,2.3627794553e-11
-49.9372688064,19.8823571286,1.82338584438e-11
-87.5817241452,43.5173404587,6.81479928534e-12
-71.9480455012,41.931227513,0.0
-57.3457845463,34.8256580257,1.47948580337e-11
-85.8114083813,43.493725533,6.80411224571e-12
-72.2745400136,42.467111876,0.0
-75.4822526021,43.428117071,7.13725216418e-12
-58.9341592476,34.9136801717,3.1380849719e-11
-60.4050964533,36.2720591585,4.26325641456e-13
-63.7367735086,39.0629298024,2.40553510411e-11
-103.230503633,39.710920986,5.42121570485e-11
-69.7416498113,41.3738009758,1.51282589034e-11
-49.0960090589,18.8560672916,2.12360191243e-11
-89.4485389074,43.6238086696,6.84276904385e-12
-62.5663930704,38.2387195211,8.42751709255e-12
-87.6404085876,43.2856656013,6.82750919103e-12
-59.2073955296,36.3798572683,4.54829686656e-12
-53.4499293948,28.9320799828,1.22161961603e-11
-104.463795838,38.6564824021,1.94170795364e-11
-82.1364935389,44.2295978797,3.69051268988e-12
-75.6296443237,43.6475232877,3.33951083661e-12
-92.8260361583,43.0229550117,3.76435915888e-12
-61.2660407261,36.7641717831,3.41531942361e-13
-62.9817954394,38.099186527,8.19662338895e-12
-55.1605954928,32.1960995189,2.01044864198e-11
-64.398029044,39.2354818477,1.1489827134e-11
-85.3656554202,43.5456001138,1.05064092552e-11
-57.2017181873,34.4279643853,2.67518492086e-11
-95.6756138917,42.1177143265,1.34907169134e-11
-71.2685182942,41.851147115,0.0
-104.470150468,38.6505233922,2.7815211972e-11
-72.3316052314,41.3888642192,4.26325641456e-13
-51.9095726237,25.1599274428,1.96037361357e-11
-91.9609726543,43.3466362785,1.4061221756e-11
-53.051809701,29.0729481078,0.0
-99.8180937965,40.9391153817,0.0
-48.3518284711,11.6385316423,2.49540281654e-11
-56.9588031495,33.6899900078,4.26325641456e-13
-100.300140499,41.1941446981,1.13245969284e-11
-84.3419634615,44.4094652584,0.0
-50.3856567635,23.4293037527,1.45593870049e-11
-89.5761597271,43.6109755456,3.72857375783e-12
-89.1949208027,43.775694601,4.26325641456e-13
-59.8402065189,35.5026715476,1.27770619331e-11
-68.1881262453,41.1640893549,7.26881791199e-12
-95.2541795517,42.6546350906,1.10702515252e-11
-74.3352677672,42.5174440258,7.23429379449e-12
-65.6857907284,39.9574666245,1.37491711431e-12
-65.0275474338,39.9548495603,2.41908699374e-11
-60.8507047982,37.7745026418,1.64326807901e-11
-88.8619709156,43.7982647764,3.69256594364e-12
-54.4040116035,31.0746152976,1.69383047833e-11
-84.8814350708,44.6023055802,3.64251497854e-12
-88.7194443102,43.3410577161,3.81715149941e-12
-89.7550061475,43.1941426767,3.22291269173e-12
-56.5867125422,33.3611050621,3.89982475508e-11
-70.7694257727,42.1245924588,6.99278602067e-12
-51.1782725346,25.4634380285,6.37057328599e-12
-89.9048246813,43.0764827912,7.54751238574e-13
-89.4428919193,43.8248204931,1.735571466e-11
-96.531707807,41.8170901525,7.30787325703e-12
-52.8501611364,28.7861923141,6.67522329471e-12
-72.0662813445,42.1257813887,0.0
-58.1622463937,34.6877304759,1.52341632383e-11
-92.8896012919,42.8932617405,3.23765172841e-12
-76.144995694,42.8997837218,3.74763500026e-12
-87.9427651535,43.7251256791,3.79413177507e-12
-70.375886894,41.7738475782,1.59624307946e-11
-75.5331517169,43.0393459192,1.75866807429e-11
-68.7707793738,41.4292553172,3.62291522291e-12
-82.6076914252,44.3773480167,1.03691094046e-11
-85.5541453541,43.6976436968,1.04885405002e-11
-83.7674201463,43.2941460346,1.05587442979e-11
-77.6372827817,43.0996881089,1.73417783729e-11
-75.7056371317,43.0972858994,0.0
-76.2753041735,42.72286057,7.00804203284e-12
-100.812729647,40.7587016497,1.49949275822e-11
-86.5420228241,43.4790225412,6.85897224867e-12
-55.4343883644,32.0526107411,1.39889792576e-11
-61.4193315335,38.1816392236,0.0
-70.0056735335,42.4683712245,1.12890743024e-11
-79.9678043579,43.9005598729,4.26325641456e-13
-72.0598042403,42.5252723073,3.79434458971e-12
-70.7855233125,41.3298795792,6.8947842252e-12
-61.7004550881,37.6194707238,1.27319219452e-11
-51.6096553071,25.8053815236,2.6570836551e-11
-88.2082231637,43.5118127334,3.80693617317e-12
-80.9693375872,43.8602582859,1.04601006984e-11
-50.8320259927,24.5540857051,5.87158779439e-12
-55.0864557659,30.6927928919,1.53011526175e-11
-69.2751474697,41.8602934107,1.10186920586e-11
-60.3957410348,36.343330319,4.26325641456e-13
-86.993015204,43.9127320477,1.72200506259e-11
-88.0741954665,43.2551756479,2.77232379822e-11
-91.5836496625,42.9734099646,3.23373317522e-12
-61.0606069398,36.5944022275,4.28904282741e-12
-69.5105059023,41.7319544595,1.52180132332e-11
-58.5984143632,34.4248984342,4.55869404899e-12
-69.3976759381,41.1745452291,1.11185709369e-11
-88.9897595355,44.0072090571,1.42654037647e-11
-87.0141926705,43.6110299069,4.26325641456e-13
-49.9205272573,22.1044537479,1.74942131373e-11
-71.9784304855,41.8355477963,1.06329336761e-12
-92.3565712481,42.9120109331,1.34493901517e-11
-90.3771741692,43.1327541299,2.41057057105e-11
-78.3206859398,42.7912213108,1.01554720661e-11
-66.0822072007,40.7846444857,0.0
-71.4310747229,41.8197070016,4.26325641456e-13
-70.4399539933,42.3436591663,1.11205356448e-11
-57.7989829478,34.3755369769,8.75650214472e-12
-71.0700890804,42.047867307,7.57725575453e-12
138.62000161,1973.76064851,1567.07697179
-67.530892472,40.4422059059,1.09963260869e-11
-68.6820733749,40.6145188059,2.23326126019e-11
-74.2557824746,42.5909414741,3.76635218504e-12
-76.6779327739,43.3873677314,1.77692324927e-11
-100.216707628,40.6695374112,1.16189497879e-11
-94.7150150047,43.0297630713,7.77727548887e-12
-96.8867234239,42.2356228187,7.26401296468e-12
-50.6685433555,24.304822495,2.10216244098e-11
-89.4828296491,43.3226419173,1.03638431128e-11
-72.6632631425,42.4467977766,4.26325641456e-13
-55.2103983493,30.4317610655,3.56193157688e-11
-48.5474344072,14.7409236549,5.60323965784e-12
-59.0371880289,35.4882469699,4.54163733026e-12
-71.3018979851,42.6099149417,4.13337985128e-12
-61.2731167394,37.4816083171,4.26325641456e-13
-56.1057879223,32.1191498795,3.86838717703e-11
-70.2021506738,42.6451885237,4.26325641456e-13
-85.9185396445,43.6073873309,3.08695124089e-12
-60.2558236601,37.1049819001,0.0
-72.6351607185,42.4041288261,3.39791037391e-12
-76.8495086868,43.9814602412,6.86903348008e-12
-63.865413793,39.0462562088,3.16426892025e-11
-61.6955997037,38.2506969508,2.90108360924e-11
-57.0426397422,34.3508880305,1.00705446945e-11
-100.505455485,40.5522341436,5.22773405846e-11
-87.399138198,43.8269561583,3.07566031549e-12
-95.9137314862,42.2614150957,3.80774569143e-12
-94.1987592786,42.8405678292,0.0
-66.7083990439,40.2064646306,1.14470285301e-11
-59.5553817938,36.8004103743,8.56625066024e-12
-75.9929985058,42.5435343032,3.39142220815e-12
-94.2754042546,42.4190397892,2.14986351482e-11
-76.0554527331,43.4709992056,3.80938061342e-12
-58.7089572574,35.9138646378,1.08714582146e-11
-72.632181217,42.1057638983,3.27585711052e-12
-48.4237679574,13.2994626485,3.83436187608e-11
-67.8936345448,41.2022486509,1.52977944253e-11
-80.1153137265,44.0173707733,3.14135606997e-11
-82.9228670662,43.4137940709,0.0
-105.541246686,38.287261548,0.0
-79.0792290833,43.0048471585,6.97717074158e-12
-82.8771163136,44.119681268,6.73318193136e-12
-76.5891360627,42.5716371205,0.0
-68.2331662605,41.0200817418,3.64062990492e-12
-88.1005980818,43.877849745,1.05263135215e-11
-65.4883849955,39.8857808577,1.58548355079e-11
-57.0376768353,34.23101476,1.28382960267e-11
-81.4609462009,43.9217496756,2.45994449541e-11
-59.0383618543,35.376551359,4.40063199639e-12
-76.7682928626,43.0797080674,7.0596400404e-12
-97.494705821,41.8729921733,3.42249029195e-12
-78.6245745727,43.0976102997,0.0
-65.2697492981,39.6465543883,0.0
-55.0094322965,31.8853671575,0.0
-80.472870981,43.6446748461,3.2006979611e-12
-82.3637195634,43.6935854177,1.05152084627e-11
-55.6185655692,32.3799663658,9.25549528033e-13
-57.945167836,35.0025979221,0.0
-84.145300028,43.6343200197,3.7271451429e-12
-53.8423869664,28.5115784844,1.64923464491e-11
-100.539518663,40.98606705,2.27011036948e-11
-62.0697697365,37.0634504934,1.22856190252e-11
-57.750593752,34.4313155481,1.24897149068e-11
-53.3237954385,28.3913539674,1.72506198898e-11
-71.7212544143,42.2256619453,6.81238858428e-12
-82.5755242943,43.3553256212,3.71982857953e-12
-65.7678510313,39.9588663009,1.71670067874e-11
-50.3130705246,22.9449897393,3.80723287959e-11
-63.116776157,39.3872273459,8.0848950384e-12
-78.9061596344,42.9892995585,4.26325641456e-13
-56.3228242963,32.7922950307,4.78980565706e-12
-57.049484529,33.5424489715,1.4117028693e-11
-87.2479005603,43.8586999487,4.0639287148e-12
-91.6623553241,43.3302203725,3.10113929194e-12
-94.4550655352,42.8718597036,2.86034243088e-11
-77.2456141818,43.3730403466,2.47072802566e-11
-68.0800019589,40.474647664,3.66405556028e-12
-64.7087056625,40.0096991752,1.16671501688e-11
-83.2083626295,44.4111640108,7.32138059459e-12
-54.8580562,31.692039753,8.82614177975e-12
-88.4831989533,43.8156684303,3.71602660988e-12
-65.5206775738,39.6080023525,0.0
-66.4135606408,40.0459350895,3.50530542074e-12
-73.4387366471,41.8122639513,0.0
-72.1974431803,41.6527455716,3.91647896633e-12
-49.6363639929,18.7675671717,0.0
-66.8650092326,40.3969383337,1.17754906986e-11
-53.6804599293,30.2933748736,1.07006830443e-11
-57.5685470762,33.9987449128,1.24118191578e-11
-92.2947324927,42.963636701,2.49583442006e-12
-83.4383623227,44.4921959391,7.29882367384e-12
-66.3437104767,39.8589699182,3.90558749374e-12
-84.4168430358,43.5591803286,0.0
-82.667299634,44.2081957801,6.73659039798e-12
-94.8582173022,42.3120469771,0.0
-72.6918940038,42.4635005764,6.79029794023e-12
-61.3894114944,38.1348312238,8.19445251175e-12
-85.3385282341,43.7063565892,1.7263723e-11
-56.3917581404,32.5412780046,1.95213934783e-11
-73.4246672153,42.29685528,7.16992430023e-12
-68.8588859457,41.9175669337,7.59037231555e-12
-63.4344629124,38.4737926485,2.36528937705e-11
-109.395996751,35.4150509479,4.26325641456e-13
-60.7063184464,36.1109555277,4.38453895376e-12
-53.2594556211,29.4309941096,0.0
-62.8219116563,38.6415114057,1.07886414693e-11
-40.6665326723,39.2883074951,2392.51960546
-65.4394416488,40.6374483329,7.74856417832e-12
-77.1456768131,43.3048100091,3.81931604221e-12
-87.656948292,43.423758668,1.00540263479e-11
-78.0570024436,43.7222730242,1.06902451518e-11
-77.987794772,43.7765076371,6.89188305924e-12
-68.7437408994,41.2796854883,4.66414435036e-12
-61.7211514704,37.7070281962,1.66650152953e-11
-63.6547929937,38.6634540392,8.13488690468e-12
-52.3550059176,27.7146110321,1.72950322687e-11
-59.9803032711,36.1111306526,8.10091717716e-13
-51.9611820383,26.6670946861,2.57277904681e-11
-80.6380064891,44.042145336,1.04976755627e-11
-69.46078117,41.4234576013,7.81623667634e-12
-80.4363986447,43.3360007039,1.37035294535e-11
-72.0881006628,42.4621290616,3.39521279094e-12
-92.7674487543,42.7409617722,0.0
-88.9005150499,44.0445182932,6.86198678494e-12
-65.7679642589,39.9688634899,4.88179917394e-12
-84.4384272614,43.9354959321,3.68407459556e-12
-79.0446757951,43.8725833421,2.10544602106e-11
-97.9201298347,41.963654645,7.41068784485e-12
-88.6372783388,43.5412373752,0.0
-78.2743349211,43.512306813,0.0
-85.0405002797,43.6537460127,0.0
-86.041018814,43.7214156406,6.77840502115e-12
-86.9456512351,43.4638790715,2.42707608004e-11
-79.1561505954,43.8405448394,1.05930279957e-11
-85.9223182993,43.5409909797,3.73285299439e-12
-61.9397181239,37.025428717,1.59633765873e-11
-52.6511844206,28.0425340449,3.46986523773e-11
-61.805636318,37.914371217,1.13838252618e-11
-92.1376193825,43.1694192704,1.02734236045e-11
-48.7199772784,14.8114611584,1.50787608916e-11
-64.3439210814,39.3237586382,0.0
-90.7361793068,43.4384788053,7.0205912459e-12
