-69.8085101183,42.7270176533,4.50994410375E-011,,
-71.4860410654,43.6219085419,9.08715798378E-006,,
-70.7018238054,43.0095377669,1.14145382553E-007,,
-70.7955357072,43.867898583,4.26325641456E-013,,
-70.3473017863,43.6207295911,8.56126145878E-012,,
-70.8201007551,42.4282270512,2.61402672732E-010,,
-70.3480110938,43.5941534033,3.88924036121E-007,,
-71.9929420211,43.5656871149,0.000011765,,0.8277982151
-71.8390394409,42.8049568993,1.70530256582E-012,,0.4715068014
-71.856929372,43.7306705297,1.38836429405E-008,,
-71.8165493523,42.996340613,1.71784485578E-010,,
-71.8944880405,42.9348765899,2.06952487787E-005,,
-69.4919091475,42.6980484977,1.85233459758E-009,,
-70.580156835,43.4447402719,1.4661889567E-008,,
-71.6541219985,42.4068350185,5.11590769747E-012,,
-71.1544839592,43.2995027394,0.0051190462,,
-69.405091749,42.7102208095,0.000000001,,
-71.0292700863,43.3928371913,3.24640273115E-006,,
-70.9167677139,43.2564729885,9.07918954906E-006,,
-70.3316969704,43.3498891194,0.0004277544,,
-71.6058238333,42.9252108936,1.31687828959E-009,,
-70.2563015071,42.8321944587,9.13281819945E-011,,
-70.4305389134,42.9774631809,0.0001580893,,
-71.400975882,43.3177297363,0.0055474374,,
-70.7351118259,42.9741242716,4.76557482247E-005,,
-71.5833204941,43.150600863,4.26325641456E-012,,
-71.8667222792,43.3281590308,6.82401800992E-005,,
-70.964900391,42.791908144,1.09577646035E-011,,
-70.0412460223,42.8189451393,2.06891538915E-006,,
-69.5466091404,43.0443394109,2.02664743584E-008,,
-70.2783865564,43.3465622701,2.10854432852E-012,,
-71.0767932844,43.6129424661,4.33940222122E-006,,
-71.3224327702,43.1745438147,0.0106590214,,
-71.1356886488,43.7243553517,9.85087497675E-006,,
-70.2129204925,42.3167249429,4.49496968471E-012,,
-71.6965547154,42.6229610253,1.9753716547E-010,,
-70.5932771871,42.47226303,3.77351553962E-012,,
-71.1401327594,42.2387777463,1.33255820721E-012,,
-70.1702297479,43.4751211234,1.4375173695E-007,,
-70.0770337841,42.6448232232,3.74443777868E-008,,
-72.3061892265,43.1116389003,0.0007665874,,
-71.7043094948,42.9063705563,1.81117929699E-010,,
-71.5643835403,43.0658379956,0.001313299,,
-71.3933749466,43.6805219719,0.0001360981,,
-69.6056909032,42.6638276751,1.05347010266E-011,,
-70.5436521706,42.6735333299,4.58603836194E-011,,
-70.2918123989,42.8078200433,2.43309274844E-005,,
-70.6386170546,43.6203777078,0.000000001,,
-70.6561353356,43.231312685,5.05249665694E-007,,
-69.7869481839,42.8696175419,8.11241347403E-009,,
-72.033309864,42.9561711129,6.24034317941E-013,,
-70.8692471865,43.1688137125,1.05316044661E-010,,
-72.0092776744,44.1391628985,0.0001348215,,
-70.1209740934,42.3342179227,1.0242879377E-008,,
-71.762311778,43.7534661193,0.0002819463,,
-71.6338428108,43.1660915242,6.26105437435E-009,,
-71.655446281,43.4465889903,0.0009263114,,
-71.6015509132,43.143974885,5.54088033795E-005,,
-70.978173894,42.7282484104,3.21269948369E-010,,
-72.1987384119,42.9215335682,5.72715289575E-011,,
-72.0326774203,42.7487590929,2.53701517721E-012,,
-70.4539114063,43.1686548659,1.45393384658E-007,,
-71.6260738603,42.9528472877,0.0001183269,,
-70.0671034882,43.3961428932,8.05900656976E-005,,
-70.0041690308,42.6810496558,5.34320353776E-010,,
-69.9350623993,43.8750226351,8.42839846329E-012,,
-70.1419022489,42.6611926612,1.73467663738E-005,,
-72.6819565262,43.7091210848,0.1347709484,,
-70.1968682775,42.3203562865,7.61060141689E-013,,
-70.4312231358,42.9550816011,1.05826425717E-005,,
-70.893667934,43.7551232103,4.62866917169E-011,,
-70.515799768,43.0855015643,0.0008520477,,
-70.6248344036,42.3749247895,9.2377255565E-010,,
-69.900093479,42.6143872189,5.17553422909E-009,,
-70.344378477,42.7514788517,1.07966437151E-006,,
-71.5292979034,43.526886527,1.59961204309E-009,,
-71.7530122555,43.793587685,7.2736227003E-012,,
-71.8287106143,43.4612735349,0.0009387087,,
-69.9135299057,43.4895289474,7.78604998847E-010,,
-71.7192822195,43.789918058,0.0009292587,,
-71.3125556457,43.2593717786,5.77499037812E-009,,
-72.1106446626,43.1687258951,0.000016559,,
-71.7693883044,43.9471297916,2.75652444861E-007,,
-71.1493579692,43.4621485073,1.25498032459E-007,,
-70.1886956342,43.0348847539,4.20388571102E-009,,
-70.5722364068,43.2870085855,0.00000011,,
-70.6198981315,43.6761500289,1.11750808885E-005,,
-71.492190517,43.8636661946,2.2185041901E-012,,
-71.9850477781,44.1515430786,1.62617245751E-005,,
-70.1682571953,43.3887688874,0.000007131,,
-70.37968431,43.1202110856,2.48437202793E-005,,
-69.9721922562,43.1930563047,4.68958205602E-012,,
-70.3206747055,43.0747988192,1.45206165124E-007,,
-72.2771105943,43.5038535895,0.0078519083,,
-72.3540838074,43.7447080915,0.0007479563,,
-71.6138479067,43.3008485059,0.0044608804,,
-70.6859598371,42.19687895,3.81397731987E-012,,
-70.3617183575,43.3522679578,2.32174370164E-010,,
-70.3373470943,42.6825333261,1.60076113379E-007,,
-70.0517634533,43.0035042882,0.000002968,,
-70.9757815113,42.9721903117,7.55625324672E-013,,
-71.2504237851,43.5881820918,8.24241835495E-009,,
-72.0004470548,42.9165191642,8.52651282912E-013,,
-69.8061227714,43.5092727136,1.77916788535E-012,,
-72.2586833932,43.9149511535,0.0009481523,,
-69.9952069466,43.4983350516,2.27068510259E-007,,
-70.4442302263,43.101932168,5.30572659899E-009,,
-71.6802351441,44.0735553071,2.35028444378E-005,,
-69.7539184957,42.5541611633,2.55795384874E-012,,
-72.2742747792,43.352392581,0.024906233,,
-71.2237318698,43.815093164,5.70081100005E-007,,
-70.3143728536,42.2552098258,6.3109580456E-013,,
-70.1180237783,42.5937699687,2.04365092957E-006,,
-71.3253104247,43.7982925125,2.38224170087E-005,,
-69.2468174312,42.9257953066,8.05898975802E-008,,
-71.6769453453,43.4652989645,1.17784667361E-005,,
-70.031300503,42.4092455999,3.8882352829E-012,,
-71.739687025,43.9413844564,1.9294593701E-008,,
-71.0195941678,43.7198936985,1.06639064457E-010,,
-69.9724197161,42.9465710361,5.0389514917E-007,,
-70.3031703319,42.9345404371,0.000014475,,
-72.6659766812,44.15918679,0.0265439583,,
-72.1502644174,44.1432527529,6.24554763824E-008,,
-69.9956756249,42.6093204574,7.40585814269E-008,,
-70.9457207795,42.2277440084,7.80253462339E-012,,
-70.5085379051,42.9201779699,2.01281973558E-010,,
-71.6979161975,44.0946344135,0.000000003,,
-71.6331826593,43.5462205383,0.0064587817,,
-69.985428782,42.6128755143,6.86984264603E-012,,
-72.2224494007,43.6847279686,2.83680356815E-006,,
-69.9063289091,42.661918622,2.07062676119E-011,,
-70.1270671901,42.4865499406,1.04599413721E-010,,
-71.6938856124,43.4519059984,7.23977570029E-009,,
-72.1588405917,44.0665310868,0.000000112,,
-70.1700170058,43.6158310313,2.21921213904E-012,,
-72.405928573,43.6151278636,3.37421485632E-006,,
-71.9072115071,43.1216917378,0.0036761727,,
-71.0097743321,42.4352074153,7.4893822567E-012,,
-71.4751368903,43.3660325599,0.0019557419,,
-70.6606430657,42.716956048,5.02973824768E-012,,
-72.065912165,43.6508024618,0.0079944445,,
-71.3976802318,44.1405884991,9.46442262957E-012,,
-72.124412854,43.0282290643,7.39555366574E-006,,
-70.2156327005,42.5939123838,7.58785293203E-013,,
-70.6475230937,43.2135132592,2.36506345397E-011,,
-71.7680101537,43.7455796534,4.72986246711E-012,,
-72.0539191982,44.409516413,3.86926598266E-012,,
-70.135557955,43.3533349628,0.0004829018,,
-70.7670163669,43.873134852,1.34865188943E-011,,
-70.2886889293,43.2650448257,3.04263495059E-005,,
-69.3646171258,42.8826480726,3.88922140469E-007,,
-69.8967330339,43.6847949957,1.11528543412E-011,,
-70.3215441135,42.4414966364,3.66520623885E-010,,
-71.8325670811,44.0249744721,7.86916081955E-012,,
-70.2214875248,42.8387445315,1.79911302469E-006,,
-71.8305549744,42.6234926804,7.58538785967E-013,,
-70.4055812455,43.6441517293,1.16280454941E-006,,
-70.2403996177,43.3522694506,4.16207926063E-007,,
-70.7530412663,43.6348902097,4.7555779117E-012,,
-71.7699990747,43.7836089297,8.87108048074E-005,,
-71.3308291087,43.0458546581,0.0004326881,,
-70.7054611956,43.3814522772,2.74268948092E-006,,
-69.6157448853,42.7990190787,4.9504770913E-012,,
-70.3243069768,42.7045759103,0.000045448,,
-70.8093480283,43.0682582101,1.84566177658E-011,,
-69.331006878,42.9229034039,5.87310985055E-008,,
-72.1976051789,43.8042730386,0.0047694588,,
-70.0524302516,43.5539379692,1.51353782161E-007,,
-71.3570716481,44.0186861134,8.52651282912E-013,,
-71.1051043386,43.4838698743,1.83712296766E-009,,
-71.3178582222,43.7865283879,0.000036723,,
-70.3545580369,43.1214311087,0.0010701303,,
-70.3025864763,43.4262185199,1.9119071352E-005,,
-70.4977898083,43.1983630506,2.62843230276E-012,,
-71.0018942944,43.3788992745,3.3763210083E-008,,
-70.6212520453,42.5069204458,2.09048588352E-008,,
-71.0634602579,43.1842367662,1.67938281859E-011,,
-69.601162239,42.856017767,8.87822493911E-007,,
-71.9935585534,43.9531990362,0.0002880747,,
-71.5461295028,42.5925418276,2.0189784756E-008,,
-70.8546968248,43.7739009586,5.09760023065E-010,,
-70.4968891313,42.842089568,6.57549722723E-011,,
-72.1021609444,43.2054271011,2.4364308209E-010,,
-70.5467529192,42.8381828354,1.32855728775E-007,,
-70.4362055233,42.3354475999,1.42585072908E-012,,
-71.90246592,43.2416696747,0.0481361165,,
-70.033631082,42.5207967497,3.87328775006E-011,,
-71.3831976423,43.5000881526,6.59066903899E-011,,
-70.6336601066,43.3450448379,2.92612926604E-008,,
-71.5332230453,42.5427189576,1.34604388003E-011,,
-71.4879537787,42.4734867885,1.16746993694E-011,,
-70.5185747674,43.6946393284,3.97032245558E-006,,
-70.1001533904,43.7935122682,4.44748152981E-009,,
-70.0722729866,42.6231050844,6.27401337632E-013,,
-70.9573774607,43.7342793806,1.47453617898E-009,,
-71.2758706387,42.9438590484,2.15134801161E-006,,
-71.5923114789,43.555716774,0.0081821974,,
-71.2779880763,43.3873597452,0.0006544304,,
-71.6109106796,43.837970301,4.3131349915E-005,,
-70.4744485569,43.4139155515,1.51052088871E-005,,
-70.1388713459,43.459870735,2.30609077778E-007,,
-70.7338152594,43.2456350165,5.2724996955E-011,,
-71.8784109914,43.7841603764,0.0014135205,,
-72.0889033099,43.4583892782,0.0643397527,,
-69.5217717226,43.691186679,1.05219902982E-012,,
-71.0237362272,43.3053324307,0.0001416519,,
-70.4837607107,42.6553192158,8.28569561778E-009,,
-69.6757368851,42.6574584002,5.26738109751E-012,,
-72.1589366071,43.0703245809,9.93358200871E-011,,
-71.0369321385,43.2516290096,9.79357884596E-006,,
-70.3294312274,43.7744952021,3.40471963586E-010,,
-69.8147968286,42.692443514,1.25340425523E-012,,
-70.1972937771,43.2332685236,2.55795384874E-012,,
-71.1125704521,43.6928653907,2.13465348216E-011,,
-71.3351234113,43.2014361938,0.0019099966,,
-71.1502645608,43.2505446152,0.0008378927,,
-70.2312215028,43.2436153808,1.23674698686E-010,,
-71.6920754736,42.3782202364,1.42566120695E-012,,
-71.2301104914,43.946517336,0.00000004,,
-71.5380754422,43.9872511826,7.27345390293E-012,,
-72.195384911,43.5011585121,0.0007907156,,
-72.1352042517,42.6577664859,4.00183008671E-010,,
-71.7439118314,44.2577701246,1.04436300588E-006,,
-71.892603465,42.7991984823,6.87888112875E-006,,
-69.7787311775,43.9267487746,6.10078314577E-011,,
-71.9362489262,43.904946216,9.1157043504E-012,,
-71.4423933533,42.9103403594,4.49182300025E-006,,
-71.393703721,42.9721908987,0.000000043,,
-72.1039149674,43.4569253377,0.0001482139,,
-69.5425064834,42.773002899,2.02577848704E-008,,
-69.8742721747,43.8078476345,8.99692940398E-011,,
-71.4668210371,43.7076714964,0.0005964035,,
-71.5657467575,43.4601421116,1.73430798236E-011,,
-71.5631794172,43.2954811712,5.99219258004E-008,,
-69.8683884841,42.4104305914,1.42551845164E-012,,
-70.0646092823,43.0385911382,9.47060847714E-007,,
-70.7452830767,43.1677824824,0.0027575998,,
-70.4768893156,42.7144520356,1.65697053248E-007,,
-69.9962625057,42.6644727103,1.27195739669E-011,,
-70.0797047376,43.0341643306,1.44416453743E-009,,
-70.7921332833,43.6842567882,2.21901672862E-012,,
-70.4396335559,43.1576719518,7.54069933442E-013,,
-70.1263101826,43.1508651886,0.000015959,,
-69.7760163531,43.7171807471,1.58990077024E-010,,
-70.6260564307,43.110405319,3.30247329514E-006,,
-71.167669934,44.0657423159,1.97486886229E-010,,
-72.085022599,42.6448727673,4.26325641456E-013,,
-71.4294428979,42.9910166169,7.29761457303E-005,,
-71.3106942594,42.6214679515,0.00000001,,
-70.2127808568,42.7185269189,1.44129024674E-007,,
-69.9033128501,43.1168524693,1.23219113903E-005,,
-72.2844829622,43.0880155464,6.22433627622E-008,,
-70.0557926111,42.7245830971,2.32112392814E-011,,
-69.8112183184,42.7285475126,5.26703969803E-012,,
-71.1644104378,43.2583716417,1.08602644335E-010,,
-69.8324642813,42.6767589276,2.94901848667E-011,,
-71.5930204304,43.5673723524,3.12675901616E-005,,
-69.7669575104,43.1532593397,4.0335756971E-012,,
-71.7113307825,43.2777121001,6.72396966177E-010,,
-70.3713653499,42.7454549611,5.95738081633E-010,,
-70.2864438809,42.5108338514,1.65118248873E-009,,
-72.1229515007,43.8552137902,0.0026055671,,
-71.210646321,42.8662395551,0.000012845,,
-70.2872530347,43.5945674455,3.65255737522E-009,,
-70.2285132277,42.871264531,7.56470018207E-013,,
-70.2792192504,42.6502165927,1.15937540023E-008,,
-70.379819207,43.34784471,3.23168089974E-012,,
-70.0958737869,42.7060022073,4.89809708598E-007,,
-71.1154465315,42.803456402,8.52651282912E-013,,
-71.3356223781,43.0707031582,2.10971296191E-006,,
-71.5690801167,42.682767118,6.57495568072E-011,,
-72.3512676466,43.4037461148,0.0053972126,,
-71.1833239713,43.7399569263,3.7008425995E-009,,
-69.8847432799,43.2246407247,5.47759233535E-006,,
-72.3958341411,43.3265617351,7.6461724005E-005,,
-71.9019585967,43.3149454699,0.0013439614,,
-71.9521863749,42.9794085192,7.55564867827E-013,,
-70.014434368,42.5109219264,0.000000875,,
-72.0523939445,43.7085986272,0.0013175185,,
-70.3792816044,43.3550752718,0.000000901,,
-72.1706029205,43.5122337463,0.000000054,,
-69.786892114,42.4909683554,0.000000001,,
-70.2442878158,43.0441201766,0.0002857751,,
-71.9811437822,42.3757465371,1.32995871944E-012,,
-71.5376639262,43.6815096261,0.0005615827,,
-72.1424146713,42.9182818818,1.38052052457E-006,,
-72.0642739042,44.3704933311,4.95719237204E-007,,
-70.8393316986,42.8908021562,1.70458649202E-006,,
-71.6056699602,42.6684705396,1.22147466184E-007,,
-69.7316811162,43.8416206683,2.13162820728E-012,,
-69.8210389952,42.4450297376,1.63590693954E-010,,
-70.4310118273,43.0870582009,4.01151089339E-005,,
-72.5102130316,43.4385252202,0.0023757194,,
-72.041790611,43.8459911964,8.79818214762E-006,,
-70.7167765093,43.713939337,4.06329144171E-007,,
-71.5165373112,43.5607663785,1.77843420221E-012,,
-72.2073034456,43.6803064701,0.000000474,,
-70.5451809405,43.4514809612,5.42287822864E-005,,
-71.9784601844,43.7861340199,2.28587849354E-005,,
-71.1902625464,43.0836211949,1.04061894207E-007,,
-69.3477241181,43.3311474526,0.000000043,,
-69.6839047573,43.533730826,1.85673708509E-010,,
-71.5487410567,43.7084152889,0.0007234094,,
-71.927651178,42.6270533843,2.40576315146E-009,,
-70.084519621,43.2257106035,1.0949526809E-005,,
-70.902108891,42.8951274274,4.0792570004E-005,,
-69.5613117814,42.3320143594,1.06034235695E-012,,
-69.8361142876,43.2608558138,9.76528697011E-007,,
-70.4416442922,42.9600636035,4.03452190495E-012,,
-70.9524147592,43.1886693299,3.02059083593E-007,,
-70.5372176885,42.3727608481,6.24262773373E-011,,
-69.3843502369,43.0016099455,3.07547202741E-006,,
-70.535729649,42.2443810299,8.64366106613E-011,,
-70.7051506767,43.6826612151,3.04731697201E-012,,
-71.4282190872,42.981735098,2.30346065862E-005,,
-70.7660629076,42.6685437134,0.000000143,,
-69.7867155983,43.2711017483,2.10945076358E-012,,
-72.0503822667,42.9428425553,2.53173297453E-007,,
-71.7631499256,43.3968541421,0.0751335943,,
-70.3475277604,43.8980196369,7.25042707415E-012,,
-70.9168668746,43.1042004449,0,,
-72.133589513,42.5987453659,1.72342711219E-011,,
-69.5261758592,42.9018635621,3.83277248488E-006,,
-71.0205140035,43.4902451218,7.03323932316E-012,,
-71.4004036999,43.392400271,0.0052204787,,
-69.3263926826,43.0183820824,8.18831645603E-006,,
-71.5105280953,43.06087827,4.00404840582E-007,,
-69.7961255381,43.1098879772,3.57926807152E-007,,
-70.2854028517,43.4675602013,1.8261635566E-006,,
-72.1099474368,43.5841360016,0.0011177356,,
-70.2668283521,42.1364026458,2.6349402477E-012,,
-72.0161514092,43.3125618475,0.0028302821,,
-72.248934593,43.1335651227,0.0001849328,,
-71.1739365424,43.3026976975,2.62440731922E-012,,
-70.7926662056,43.4636124293,7.71842731599E-007,,
-70.8591729498,43.1268221738,1.00198736478E-007,,
-69.8273710209,43.0103765551,8.12502503272E-009,,
-70.2724661563,42.9977484608,0.0013040674,,
-71.6228726548,42.8274956691,5.10172113961E-009,,
-71.5027018529,42.7592407597,1.82512432756E-006,,
-70.4655335826,42.8193008522,2.53543177634E-012,,
-69.8726035563,43.1802738144,3.23299410833E-012,,
-70.7530215755,42.6670969074,1.56496823214E-007,,
-69.8396350904,42.3201857317,1.891335579E-012,,
-70.0932334905,43.4204634332,5.84535752916E-012,,
-70.7248247821,43.2603460753,0,,
-72.3009840876,43.8023027308,3.41060513165E-012,,
-70.3602524277,43.0895216129,2.03034812971E-005,,
-71.4833270417,44.2634406924,6.01530281491E-011,,
-70.588351224,43.2430874211,0.0015823274,,
-70.6116574507,43.1410389469,0.0034943694,,
-69.4097453653,42.5193051917,2.90223585573E-010,,
-71.6421141567,43.2874735091,0.0063936487,,
-70.0712114707,42.1563507807,2.90030722166E-010,,
-69.9989574997,42.5992817272,4.82658070915E-008,,
-72.1101077131,44.0091413362,0.000018042,,
-71.2053913297,43.2614243249,5.99546755895E-011,,
-69.9626929552,42.7208322763,3.6895976769E-010,,
-70.4149858858,43.6473167059,0.000000091,,
-71.7818579613,43.4342456995,0.0004650907,,
-70.4622208555,42.5184142255,3.32758150662E-009,,
-70.9651756127,43.5996979722,3.4710457188E-007,,
-71.2875418224,43.1514188668,2.45359652468E-007,,
-69.5633715498,42.8782487503,1.2755591371E-011,,
-70.0027486273,43.5643548196,1.96404950042E-008,,
-70.319871585,42.2206744357,2.63473831414E-012,,
-72.0873201983,43.3918305811,8.52788186479E-011,,
-70.7470125477,42.2889553954,9.38123477895E-012,,
-72.1021504577,43.5430484992,7.69871009464E-012,,
-69.9285481845,42.4228289972,3.17038253387E-011,,
-71.7027085876,43.5473301967,0.002074733,,
-71.0599833994,42.1398951895,7.62556013695E-013,,
-70.1445298454,42.9830085093,6.5717551275E-006,,
-70.0115049463,42.5187228348,6.53493157044E-009,,
-72.0538100461,43.1301328474,0.0009892329,,
-71.5608081478,43.686438206,6.51351658732E-012,,
-70.9462023771,42.5655984444,0.000000003,,
-70.8419088597,43.5905837879,7.33116237557E-011,,
-71.0693218386,42.9612714292,4.30867839756E-012,,
-69.6148466417,42.3801114858,4.73168932483E-012,,
-70.2217445436,43.5698858792,1.1768653973E-011,,
-71.5317790458,42.5025387177,8.52651282912E-013,,
-71.7489757819,43.041087806,7.16182041858E-008,,
-71.0501007393,43.2115048065,0.000079966,,
-69.9026666909,43.2373080761,9.15321747615E-012,,
-70.9677631927,42.5652015567,2.3292972195E-011,,
-69.3566668846,43.1755792716,2.74683940497E-008,,
-69.9041651024,42.0812398202,7.09505475751E-012,,
-70.8608782586,42.8426361315,2.89978393831E-006,,
-70.801277823,43.3274537226,4.26325641456E-013,,
-71.0564653572,43.676723981,2.20886006981E-010,,
-69.8107680026,43.143661691,5.40333294817E-010,,
-71.8505400283,43.3958393801,0.0084080439,,
-70.9633545331,43.6098351111,0.000001514,,
-72.0730885281,42.5495428081,1.22265022656E-010,,
-72.0869721651,44.0532126075,9.70984968518E-008,,
-70.5786080161,42.5826759567,6.88903647896E-010,,
-70.7964715429,42.7733418295,5.86275020155E-010,,
-69.5588894078,42.8878711946,7.56331109306E-013,,
-71.9876980138,43.3342868137,3.43785177728E-008,,
-72.2986516347,43.2692564824,0.0166954106,,
-70.5051339843,43.6587164462,6.94437871656E-008,,
-72.1589816198,43.1068978998,3.04851355255E-012,,
-70.3563152897,43.3752433096,0.0001464086,,
-70.5818667164,43.1504772858,4.30890149656E-007,,
-71.7002280536,43.8749214483,0.0015246338,,
-69.9518055468,42.4076913799,4.099984413E-010,,
-70.8926306335,42.2091883689,1.52396417334E-012,,
-69.7817451927,43.0935256235,1.70047619149E-011,,
-71.6904682271,43.775376956,0.0038073051,,
-69.8178261942,43.2028342599,1.97333682729E-011,,
-70.7899918875,42.3273065521,9.72680946287E-012,,
-71.1890738923,43.5224997174,2.48423868652E-009,,
-70.4208058719,42.5971761928,3.71642528183E-008,,
-70.329655117,42.8207552678,1.18932310146E-011,,
-71.4463580503,42.9249256308,0.0001045974,,
-70.3525113548,43.8687453326,3.87723432768E-012,,
-72.0977547702,42.8395204588,3.03269809655E-011,,
-72.5628830041,43.732306469,0.0034660796,,
-71.1856716643,42.8583324566,8.31438183088E-012,,
-71.9220032097,42.8078472701,1.06548240168E-009,,
-70.9985302042,43.4492670234,7.45605232672E-005,,
-70.9561920871,43.1457960732,0.000020272,,
-72.0831077285,43.7931860685,1.41936519618E-012,,
-70.8877130254,42.3799957253,1.19908519097E-009,,
-71.262001424,43.31952808,1.35721813461E-008,,
-70.3365837672,43.2196253186,0.0001341161,,
-70.2381524595,42.972217424,8.15570354506E-006,,
-71.9900456548,43.8870176042,0.0020801305,,
-71.9489899795,43.3824137749,0.0007742074,,
-70.6234100249,43.5771968211,4.32226018561E-005,,
-70.142370893,43.1408651204,0.0001118939,,
-71.288464334,43.5685010134,4.10745547906E-007,,
-70.8550285863,43.3918085296,6.19598576317E-013,,
-71.0366787057,43.8493310967,5.3546326239E-011,,
-72.1414089319,43.9974675963,0.000590617,,
-70.6245995866,43.9213343251,3.03830753215E-008,,
-73.0021892291,44.2758760426,0.1913960015,,
-71.9305384907,43.5172084603,5.42437060896E-006,,
-70.4746028242,42.7303893362,2.38043129746E-006,,
-72.0815291342,43.5180817775,8.74938632778E-006,,
-70.0380259323,43.6295576845,4.9264176585E-012,,
-69.8861449955,43.3977282723,1.19203198279E-011,,
-70.9490350798,43.4283499134,7.12900745442E-009,,
-70.9287059461,43.7251446055,1.46429856604E-011,,
-71.950961567,43.529553676,0.0032427862,,
-70.9267065434,43.1315626251,1.19856497317E-005,,
-71.1753310338,44.042186463,1.03753089246E-010,,
-72.2238858415,43.7122400034,0.0695546024,,
-70.2692899113,43.3626252234,4.80483550908E-006,,
-70.4246245961,42.9771243416,0.000261636,,
-72.1954756959,42.8411604182,4.56224211588E-007,,
-71.3615675553,43.3464422224,0.0005778821,,
-71.8826636924,43.6326931018,7.24753590475E-012,,
-70.7774279821,43.2724512465,0.0004693397,,
-70.7595925394,43.6596294469,0.00000071,,
-71.1919776803,43.6963508956,1.49906194817E-012,,
-70.4391054701,43.1854029766,1.81509602948E-012,,
-70.033399926,43.582787961,1.77812032531E-012,,
-71.671156629,44.127837498,4.05139390499E-008,,
-72.3817273981,43.1740886383,0.0001466925,,
-70.9956986008,43.4290069687,0.0002154831,,
-71.691060416,43.9955216272,5.67384466982E-012,,
-71.3484020092,43.0958702107,7.05808288171E-006,,
-71.6025558954,43.3411581995,1.0676165716E-011,,
-71.5655213948,42.622853739,3.46783260565E-012,,
-70.8104543137,43.6889380057,2.02797764462E-008,,
-71.9528682864,43.258426581,4.26325641456E-012,,
-71.2903083124,43.0408439872,6.23174979421E-013,,
-70.6850293128,43.6492276448,1.3705722348E-009,,
-72.3177361499,43.2372396126,0.0004022296,,
-70.7165920753,42.6956837689,0.000000036,,
-70.5906675648,42.6216659977,5.11189160238E-007,,
-70.8289287902,43.2144610915,1.29603158256E-010,,
-71.564376814,42.8526928257,2.77581913571E-008,,
-70.2151024073,42.6629005124,5.49377437371E-009,,
-71.660737538,43.6168220784,1.3013114251E-005,,
-70.3223208993,42.9891660278,6.17205969113E-009,,
-71.1604309719,43.0069762323,1.05313693853E-006,,
-71.4375272143,43.7199493952,2.13162820728E-012,,
-71.6868074468,43.1394312917,0.000027485,,
-71.7544147463,43.3883120383,0.005992119,,
-71.8362117785,43.6015443118,0.0641747198,,
-71.2581772885,42.9019264531,4.98613265306E-005,,
-70.5494464103,42.0558956419,3.33942861021E-011,,
-71.7166814432,43.7793795505,0.000487898,,
-71.6891564492,43.1135101487,0.0046213771,,
-70.6148432964,43.0278309794,0.0005636962,,
-69.0678413122,42.9806297548,9.08354559997E-007,,
-71.8511119162,43.2820005269,9.6446297949E-011,,
-70.9651545606,43.8558414223,1.06135381563E-006,,
-72.1838737211,42.9683115954,5.83829206071E-005,,
-70.5908718781,42.9057026062,7.60047187316E-012,,
-70.9856592452,43.8635875692,5.53477431487E-007,,
-70.1643898223,42.2314276683,6.84442124837E-009,,
-71.150803481,43.4393347323,5.64747176655E-007,,
-69.9847475777,43.3773813422,1.2880821138E-009,,
-70.7081735564,43.2070436487,3.27322505894E-010,,
-71.5831677885,42.8433047231,1.25035534174E-012,,
-71.5278896925,42.8540530161,7.74571426269E-009,,
-71.0460412596,43.0071015063,7.07676364424E-007,,
-71.2041172493,43.3772624695,2.53218689331E-008,,
-69.9937539299,42.9262295243,1.15223752931E-008,,
-72.3905758769,44.0791608869,0.0001725962,,
-70.1083855753,43.5900828924,5.08329841668E-010,,
-70.1694214366,43.2959330283,2.46663869322E-012,,
-70.339387199,42.9050787726,2.20737914123E-010,,
-71.8187175241,43.583000724,0.0544530472,,
-70.0112050466,42.7354175868,7.18327432053E-007,,
-71.960415663,43.2688133335,9.73960284637E-006,,
-70.2433353362,43.4324208611,3.44011453209E-009,,
-72.444152967,43.2626367002,0.0076921984,,
-70.8310050054,43.519127679,5.37051388923E-006,,
-71.2217825307,43.0016681587,4.79183826279E-008,,
-72.1191733871,44.2695517582,2.8344710826E-012,,
-70.7986322703,42.6937516266,0.000000099,,
-71.8490548535,42.9543005235,1.12387706027E-006,,
-69.7206622101,43.2099934294,0.000003301,,
-70.9921568036,42.7564454992,3.71516384462E-009,,
-72.0630781666,43.614644453,1.04458155664E-007,,
-71.379694532,42.5391975776,1.79192381681E-008,,
-69.8567681987,43.2280469813,2.62728788622E-012,,
-70.6065982805,43.1695770942,0.000041027,,
-71.8129477006,42.8167066343,9.04414747535E-006,,
-71.0640577718,42.6938903601,8.52651282912E-013,,
-70.7605209313,42.5125348706,6.2851442841E-013,,
-70.1650300572,43.7699666954,7.00135987175E-007,,
-71.5586224818,44.2825631171,3.11728356512E-009,,
-70.6901505973,42.9765400441,1.46106009151E-006,,
-71.4134310866,43.5234635411,0.0095333195,,
-71.1914930359,42.8999810034,3.81632759602E-007,,
-69.9218576012,43.2131572804,1.71215279124E-011,,
-69.5227369968,43.3843676731,2.63194311377E-012,,
-69.9058419793,42.4799098847,5.32158475577E-012,,
-70.1880530379,43.1380600102,5.27340168533E-010,,
-70.1558268218,43.6581294236,0,,
-71.1921072717,43.7425034953,2.59277763185E-010,,
-70.8522459825,43.4826052405,7.67226906826E-005,,
-71.3122336843,42.9033032931,2.28080858748E-007,,
-69.9127013189,42.2181898663,0,,
-71.3755187664,42.8181208764,4.34369127609E-006,,
-71.7678829699,42.8923101146,6.07516068165E-006,,
-72.0708006048,44.0030195491,0.0019739404,,
-71.6840824429,42.9790999956,2.05068511414E-006,,
-71.0514619654,43.1377808468,5.44578640575E-012,,
-70.4683754467,43.0949853591,4.55549219456E-011,,
-70.2919117859,43.1739464114,4.26325641456E-013,,
-71.0868513762,43.1748161772,0.000000001,,
-71.3679395632,43.8239277482,8.82246051838E-006,,
-71.8428566966,42.9713502162,0.000129269,,
-69.6120308419,43.3868542283,3.46521132017E-010,,
-70.5746801545,43.471371906,1.20182961501E-005,,
-71.2111282921,43.2601640464,5.53466201502E-009,,
-70.8066805098,43.5776876433,3.75266794935E-012,,
-70.9025995453,42.4341759927,1.05973346252E-012,,
-70.8897693158,42.700771686,7.06797080815E-012,,
-72.25420583,43.7911622884,2.77433750221E-011,,
-70.8136922826,43.0042829599,1.22784548125E-006,,
-71.6419536726,43.7340326621,5.46818755868E-006,,
-69.484888315,42.6095718546,2.98427949019E-012,,
-71.4268323319,43.8594949071,3.03426260069E-005,,
-71.5297605955,43.0739554521,0.0002648869,,
-71.1840762438,43.8923436214,3.35234414875E-009,,
-71.2688604434,43.5242577812,3.04481213144E-005,,
-70.2258131118,43.2206293498,7.33071433969E-006,,
-71.3676800179,43.8402122601,3.07474703832E-008,,
-71.2318651284,44.0924490205,3.96247138681E-011,,
-70.1719848166,42.5691625116,1.98161476184E-008,,
-70.8956204372,43.6784308666,0.00000004,,
-69.6970198034,42.785689061,1.30525501215E-007,,
-70.7517573982,42.8802063084,0.0001368454,,
-70.7342529331,42.6059180644,3.58395370196E-012,,
-71.7374442523,43.4208699404,8.19433763787E-012,,
-72.2071313379,43.199166632,5.26477743155E-012,,
-70.3742683386,43.5382687712,6.35283486796E-008,,
-70.0715972349,43.3091847976,5.52005362329E-008,,
-70.5517478638,42.7802369601,5.60819118057E-006,,
-69.7992659504,42.2319583068,1.42630906772E-012,,
-72.2370498332,43.7547820267,0.1166978745,,
-70.7999140911,43.2873978645,2.38066278465E-006,,
-71.8122810107,44.0071723107,1.70530256582E-012,,
-71.1282128101,43.0593127132,4.45854961314E-006,,
-72.5064327847,44.3991406221,1.10173235166E-005,,
-72.0300569971,43.5395585687,8.18210010145E-011,,
-70.6604081905,42.8113798922,3.88320668804E-008,,
-70.8416462204,43.4905972779,1.70465427016E-011,,
-70.9794412478,42.7030250618,6.6439028238E-011,,
-69.5792922371,43.6017562518,5.56260922204E-012,,
-72.0287839297,43.0615557305,8.66653691978E-007,,
-69.8033270546,42.8730119251,6.08801278554E-010,,
-70.6881928934,43.1466942382,0.0001695375,,
-70.661872531,43.4508773722,1.08455688307E-006,,
-70.770775294,42.209882187,4.44643371701E-012,,
-72.1507151909,42.8608637433,6.42535401904E-012,,
-70.5604756439,43.6267374311,1.42432600362E-006,,
-72.0483254933,43.3070878732,1.449279092E-010,,
-70.3999506575,42.7527457506,1.78678640983E-008,,
-72.0311137445,43.1296502633,2.2205993653E-012,,
-70.6348591594,43.0835732087,6.56083245433E-012,,
-69.6575652104,43.7589331871,8.13509496829E-012,,
-70.447426369,43.1989085171,0.0002983916,,
-71.6109718373,43.3614351706,0.0190546626,,
-70.8224372711,43.0305898629,3.58065420891E-005,,
-71.513411825,43.1309412036,0.0003930486,,
-70.6639906447,42.7934725971,4.32352448818E-012,,
-70.542109339,43.6634452965,1.70530256582E-012,,
-72.2815035696,43.4731983629,0.0005394061,,
-71.6024349109,43.7214087881,4.02667433343E-011,,
-71.7376820566,43.0942432459,1.36304760357E-007,,
-71.3235832865,44.0955217345,4.05484759433E-010,,
-71.7133829986,43.2801082061,0.000071933,,
-71.1349763652,43.5982458658,0.000012654,,
-69.1854085232,42.8272264596,2.28467301E-007,,
-72.2342978571,44.1149270663,3.22565766541E-012,,
-71.5117366016,42.9402885728,1.06638390995E-010,,
-69.5603118288,42.9283666802,7.01975131211E-006,,
-69.9850639775,42.8212124216,1.71613665001E-009,,
-70.3237210921,42.8541307931,3.25367925861E-006,,
-70.9973471853,44.0011413307,8.1287048224E-010,,
-70.0668410065,42.9950610422,4.6070502575E-009,,
-71.5574246642,43.2243319879,1.5378541177E-007,,
-69.7104087897,42.7367339816,9.41070294155E-009,,
-70.2411366284,42.5216057915,2.89020419477E-011,,
-72.0220598155,43.2412090479,1.94775509007E-006,,
-70.8491007032,43.816968666,4.67708060935E-008,,
-70.8146056639,43.115077395,0.0002729458,,
-70.5527310869,43.2865110228,0.0001481198,,
-71.4517937737,43.2037955583,0.0003975945,,
-71.6312981265,42.9172045261,6.50728509538E-005,,
-71.5911556582,43.089813386,8.24778736589E-010,,
-71.0533976488,42.7989322277,7.18906923607E-010,,
-71.5565503997,43.2871220198,0.0009971792,,
-72.1306937335,43.4019109994,0.0006189656,,
-70.3034792383,42.4809829941,1.2371201447E-009,,
-69.690665725,43.2253048068,8.76578082616E-009,,
-70.0471494235,43.3235953269,1.48006438368E-008,,
-70.8522380644,43.4800614063,1.4284334463E-008,,
-69.7237185623,43.3116391568,9.11708681156E-008,,
-71.8779290218,43.2408853133,0.0013301048,,
-72.1372897344,43.8260437648,5.15275757159E-012,,
-71.1611493237,43.293470668,0.0006801906,,
-70.9158689248,43.6623078288,1.71733818354E-006,,
-70.1289742778,43.4393737986,4.922509759E-005,,
-70.1357249391,42.7147617112,2.13162820728E-012,,
-70.9426360688,43.4484737721,3.16097898946E-012,,
-71.9579286045,43.923751053,6.833310057E-010,,
-72.117585171,43.1629682866,0.0017277383,,
-70.0620035774,43.372668978,1.69990932604E-006,,
-72.6025977259,43.6605553231,0.0047437369,,
-70.1839862095,43.1018494991,2.26361535492E-012,,
-69.9543338384,42.8024165894,2.94833822421E-007,,
-72.7137847168,44.1854643584,0.009118728,,
-69.4353493322,42.9758073499,3.9440059896E-007,,
-70.7725934491,42.3205671068,2.63449885474E-012,,
-70.5326852457,42.9506445529,1.40895545841E-005,,
-71.6458790423,43.1948574316,1.66119612853E-008,,
-70.7504187625,42.9546947775,2.23921014531E-007,,
-71.694664118,43.1426139524,0.0005936449,,
-72.3453727353,42.9965837969,2.58388300193E-005,,
-70.0860291668,42.9955042402,7.18771707339E-006,,
-70.2044759411,43.0881460432,4.2675252458E-012,,
-70.4654085755,43.0335390973,2.21647525162E-009,,
-72.0127560545,44.3042113678,1.0302572984E-011,,
-70.1560140923,42.5622278191,2.59394243841E-006,,
-72.2385618952,43.0696852555,1.31669332068E-012,,
-71.1604259397,42.5976718086,6.85002653207E-012,,
-70.0818912775,43.5466487643,2.21091811522E-006,,
-72.1353641507,43.4712702689,4.37017051892E-005,,
-70.2827649217,43.1487576408,0.0015679957,,
-70.1382055797,42.6795121525,8.11249100213E-010,,
-70.7036246851,42.4315411227,1.38129504487E-009,,
-69.7901661555,43.4467754465,9.16693548766E-011,,
-71.3239915277,43.9976149415,9.80548975349E-012,,
-71.4068812568,43.9368540924,3.16868878362E-006,,
-70.009955487,43.9225443646,1.83367665356E-009,,
-70.6716277951,43.0584694889,0.0005233222,,
-70.8146258926,43.3859957017,1.70530256582E-012,,
-69.8663807079,42.9707313876,4.94761194263E-005,,
-72.320201328,43.3723967817,1.25783647505E-006,,
-72.0821264257,43.6518722306,0.042201493,,
-69.9179960046,42.8793546114,2.15689927834E-007,,
-72.6701329224,44.0486215742,0.0127197588,,
-70.4370956798,42.9912281264,0.000296675,,
-71.907265429,43.317954139,0.0004165709,,
-72.4764566484,43.8087864807,0.0220266082,,
-70.9350828848,42.689363392,5.47224340092E-007,,
-71.5110323413,42.7762059652,8.73382256641E-007,,
-71.576966506,44.0850117463,8.75650801148E-008,,
-70.7373119878,43.0046197922,7.55353661808E-013,,
-70.8432286539,43.5430066559,2.97445139982E-006,,
-71.6905166175,43.2430123716,0.0064826116,,
-71.9507019325,42.9099607218,9.34314529547E-011,,
-72.379572259,44.0575162746,2.5722430273E-007,,
-71.8268032928,43.6884789346,1.93872514401E-005,,
-69.7817748641,43.7351655365,1.33096209151E-011,,
-70.0163526333,42.9873710639,1.77574916295E-008,,
-70.2867941062,43.2759099584,0.0002414883,,
-71.0980580538,42.7423915393,1.79754110364E-007,,
-70.3651205932,43.1528840354,2.34317617654E-005,,
-72.4840578359,43.9682017201,0.1274479654,,
-69.247015968,43.0580053745,1.10863279873E-008,,
-71.3892504888,43.9248651789,7.02271687534E-007,,
-70.7466377434,43.6681679927,2.31267985307E-007,,
-69.9540729136,43.5161248608,2.82839156309E-008,,
-71.2638706636,42.7304676493,4.26325641456E-012,,
-71.6178721512,43.4759147998,0.0327261041,,
-71.0545644646,43.1525589648,0.0016085501,,
-70.9933460695,42.9560191813,4.6720110004E-007,,
-69.8852061327,43.0162833282,2.4912977141E-009,,
-71.9361775113,43.0265932413,4.80893046688E-005,,
-70.4494860541,42.994831413,4.36549488532E-012,,
-69.9172579861,43.1806992429,2.13162820728E-012,,
-70.6418227757,42.6793306882,9.45237049322E-006,,
-70.1289933628,42.4823868546,3.46808864275E-012,,
-72.0335095278,42.5432047097,8.20655259575E-011,,
-71.3002205295,42.5109296672,5.68300563921E-012,,
-70.7197649183,43.6235040115,2.68173729327E-006,,
-71.8736480933,43.8175454837,1.68371039481E-005,,
-71.3213835595,42.7018234108,1.42422571757E-012,,
-72.0274794858,43.3095137917,0.0016749668,,
-71.0442747799,43.2161655452,4.81095303027E-009,,
-70.9009138983,43.1025620222,0.000000478,,
-70.1914886965,43.1623730947,4.6244532596E-007,,
-70.2559923408,42.7967167346,0.000000028,,
-69.532428349,43.4341407871,1.32784341832E-009,,
-70.5284507299,43.7562211788,1.7756460133E-011,,
-70.9106537242,43.5157496612,2.3866145679E-005,,
-71.8781579665,44.0464737538,2.41712241977E-006,,
-70.9043045353,43.3571784517,3.86428107491E-008,,
-69.7773040808,42.8223912301,4.67624847014E-006,,
-71.7784015273,43.4157026919,0.0001959645,,
-70.8768162595,42.9298424918,1.7282136765E-005,,
-71.237877915,43.0280587384,6.86372287967E-012,,
-71.7223455906,43.224872302,8.17101934932E-007,,
-70.3280627272,43.0722096904,0.0001553574,,
-71.5317395042,43.454023022,0.0188518071,,
-71.1809886565,42.4083650044,2.22265287431E-012,,
-72.2766851706,43.9223262337,7.65255701195E-012,,
-72.3242499754,43.605106129,1.32046720293E-006,,
-70.4461887449,43.2954342951,9.52335517231E-008,,
-72.4069837332,43.5646959347,2.04836672233E-005,,
-71.7331728136,43.0164541374,0.0009452209,,
-70.6128304945,42.8351456685,5.77418885816E-005,,
-71.1818561872,43.0836394962,7.54691212384E-013,,
-72.1921526184,43.7730073181,0.0001000149,,
-69.6240586358,43.0898063487,4.93750852401E-012,,
-71.7132987706,43.6487556028,3.22932031604E-012,,
-72.2731201809,43.1774768388,0.0002573341,,
-69.9690864346,42.6838558274,4.26325641456E-013,,
-72.1643458897,42.5039958539,3.89723906201E-012,,
-70.8529209329,42.9952905147,2.09719121498E-009,,
-72.687007973,43.6594354866,0.1116654244,,
-70.2528393977,42.855449098,1.16194723695E-006,,
-69.9159387325,42.6475598245,3.92187055973E-011,,
-70.9106658168,43.3433221037,0.000001824,,
-70.0862009574,43.844468494,4.7720529902E-007,,
-71.9196964895,43.5297973795,6.8212102633E-012,,
-71.3088109724,43.3670365722,2.21531480295E-007,,
-72.2428110289,43.0043324473,0.0001198369,,
-71.3367002947,43.5804532069,0.0001927678,,
-71.4176064561,43.7464966641,4.43767790048E-012,,
-70.180483897,42.7953662985,9.4753336123E-006,,
-70.2083019549,43.8192812299,1.41924865035E-012,,
-70.5561084835,42.9192728373,2.26237737805E-011,,
-70.8110738154,42.806928933,1.69367025796E-007,,
-70.5921816103,43.0421180131,0.000008044,,
-69.9257174836,43.090732291,0.000000292,,
-71.682868168,43.2912390258,0.0593745322,,
-70.0009241652,42.2647918798,5.70465474307E-012,,
-71.5270391367,43.7356899413,1.73959193493E-005,,
-70.8501076454,43.2109363098,1.26817032943E-006,,
-71.6198237574,42.5826329206,3.8125948729E-008,,
-70.3021817114,42.6787971962,1.34723927032E-009,,
-72.1422771876,44.1941165347,1.01029478475E-006,,
-70.8823846772,43.031753734,3.32462711853E-009,,
-72.527981595,43.5332288855,0.1071487733,,
-70.2655511661,43.8755665153,3.90087224063E-009,,
-71.4991786844,42.5049655637,6.93855842688E-010,,
-72.0162563075,43.8834302381,0.000000222,,
-70.8658826629,42.896438445,1.29119265353E-005,,
-70.493542755,42.7034615896,3.29190982322E-007,,
-71.2641679558,42.7077729828,4.26325641456E-013,,
-71.1281000009,43.8816224218,3.50787304849E-012,,
-71.5552338512,43.7810185054,4.26325641456E-013,,
-72.0866326388,43.5252326619,1.55785681958E-006,,
-72.1225250916,42.6720333409,9.32108818957E-010,,
-72.2636085912,43.4323133128,2.21973602991E-012,,
-70.0320868947,42.7998472772,6.25617254481E-013,,
-70.5633391746,42.4643242226,3.89929584522E-011,,
-71.6244965649,44.1728249614,1.16560865347E-011,,
-72.289685657,43.2065050296,5.37186591597E-005,,
-70.6039834879,43.0811476927,0.0003563117,,
-71.2976103571,42.5173827494,6.8212102633E-012,,
-71.2066473965,42.4124056632,1.42550969724E-012,,
-71.2620817944,43.3973778298,0.0003501935,,
-71.1172260804,43.5218144708,5.67850077659E-012,,
-71.206997267,42.8498591834,7.19904892466E-012,,
-70.2336270865,43.2751362103,8.92032817945E-008,,
-70.6622834523,42.3477551452,3.26417447829E-012,,
-71.9594999235,43.3549345378,4.44562498425E-005,,
-71.69625327,42.9578145108,7.55745713054E-013,,
-70.8316105197,43.4102858864,3.464583607E-008,,
-69.9463620965,43.3278146387,4.32863964355E-008,,
-71.7647179954,43.2730176696,8.29354590391E-009,,
-70.0907127083,43.1894392554,2.32242308998E-005,,
-71.0525149155,43.1198973424,0.000004295,,
-72.6331720229,43.9230453678,0.4701074055,,
-71.8387506947,42.8376201272,2.67832380431E-011,,
-71.8671441705,43.1538084295,5.99853964675E-007,,
-70.8154382955,43.1099339714,0.0006468551,,
-70.0931923078,43.2464472693,0.000001294,,
-72.2625456921,42.6813197674,1.79091232289E-012,,
-71.5838584034,43.4023382975,7.58030851027E-005,,
-69.840509599,43.3844358764,9.38268812638E-012,,
-71.7885442686,43.3028793142,6.41573425042E-007,,
-69.8444842517,42.193163149,1.26343265569E-012,,
-72.0708326982,43.0755466311,3.85289384458E-008,,
-70.5437234922,43.0098657529,1.62556495033E-008,,
-71.5150179928,43.5467484929,1.67466551823E-006,,
-70.4497809754,42.3042903867,5.68392453956E-012,,
-71.6826674301,43.1923160367,4.16693910348E-011,,
-70.9924725549,43.6453007928,4.4294037868E-007,,
-71.7228302313,43.5204456014,7.93665353103E-011,,
-70.5807946099,43.0024035017,0.0001835389,,
-71.296021625,43.2257817556,0.0006091426,,
-70.424753364,42.6304679069,8.52651282912E-013,,
-72.0337555471,44.0242979621,0.0044594392,,
-72.1703780991,43.3772807688,3.21704136408E-005,,
-72.0077501092,43.698531893,4.90331209827E-009,,
-71.3961622005,42.9724587459,1.76560960391E-005,,
-72.154964049,44.259611846,0.0009363187,,
-70.5976043963,43.6674785397,6.83227292427E-007,,
-71.3748986828,43.3109970688,4.92056971638E-011,,
-71.2633887135,42.9513114157,6.19882057339E-006,,
-70.1546406697,43.1158487174,5.79847652308E-011,,
-70.9438907035,43.4676497957,7.25644358987E-012,,
-70.8285746938,43.1963510051,0.000246701,,
-71.110023997,43.0368766851,4.3085673412E-012,,
-72.0077238262,43.7670957307,0.0482567182,,
-70.786206927,43.7328961244,3.8369307731E-012,,
-71.2890169562,43.4019416485,1.26511950382E-011,,
-70.8904830662,42.7610101231,5.68204240347E-009,,
-71.9981131999,43.6119491487,2.50095770813E-005,,
-69.9117267588,42.501758408,1.11462655737E-009,,
-70.2428909525,43.2038107291,4.12926533262E-011,,
-70.2028834858,42.0450212612,6.10672711889E-012,,
-71.4120663587,43.1137196555,8.83845466561E-009,,
-70.6395222058,43.5266014505,3.64997430851E-011,,
-73.0802736743,43.9969697598,0.5530251469,,
-72.3375208445,44.0722333196,0.000007992,,
-69.9324843309,43.1215285475,3.27735377945E-012,,
-70.6906003563,43.1167977141,3.13869430884E-010,,
-71.9152126657,43.2664394509,0.0015438896,,
-70.6013320511,43.4831475575,6.93554760652E-010,,
-69.7762769666,43.7450329214,5.25937315325E-012,,
-70.1404440141,43.5541263579,5.54190663544E-007,,
-69.3328756072,42.8975017223,7.00607867645E-007,,
-71.9677361179,43.1683184416,0.0114150155,,
-71.254241206,42.5441387632,8.52651282912E-013,,
-71.9549177549,43.0476045694,0.0012437213,,
-71.1845787059,43.3214286183,3.56368226616E-012,,
-70.9406697866,42.6990801472,1.83346503409E-007,,
-72.0403275028,43.0721420421,5.37181482695E-005,,
-71.8926256061,43.2823580142,1.81475775013E-012,,
-69.5757343652,42.4406725045,1.32872432981E-012,,
-70.437320943,42.8458299474,0.0002292256,,
-71.0855269823,43.4592367585,8.61453865314E-008,,
-69.6998845687,42.6073930189,1.48480884706E-008,,
-71.6562078064,43.2170430338,5.77965881405E-005,,
-70.3311684825,42.868073091,1.32179263286E-010,,
-71.9025440023,43.5341197731,5.54383839752E-008,,
-70.164716462,42.4850808381,5.4526056463E-012,,
-70.7268821345,43.5582032544,3.23003099699E-012,,
-71.9147271304,43.5687083631,1.65466976293E-005,,
-70.0629963001,42.2005130027,1.33328330424E-012,,
-71.5716201362,43.6820789531,6.18095112622E-012,,
-69.5074152942,42.9370387023,1.55072261078E-006,,
-72.2584372544,42.8857190282,1.4234087261E-012,,
-70.9401678192,42.5819575653,7.85624982489E-009,,
-71.9863127759,43.7327568678,0.0003096917,,
-70.216369074,43.2233713984,8.78297752176E-005,,
-71.9795736053,42.450808843,3.25604562697E-011,,
-70.6854252097,42.8086330107,3.17628364592E-005,,
-70.265543479,42.2505624305,3.70524538883E-009,,
-70.367637059,42.668479105,3.50231921106E-006,,
-71.8824451745,43.3913883219,9.69726701902E-005,,
-70.3687562129,42.4308749975,2.25041558847E-008,,
-72.666971484,44.3092579159,0.0017410329,,
-70.6836904411,42.9366000126,0.0003802491,,
-70.7667346775,43.4348705596,8.34582762696E-005,,
-69.7330026384,43.1643212862,3.59485258626E-006,,
-70.0865804651,43.2411242431,1.22364719262E-010,,
-71.0659156853,43.4968844142,8.0440644384E-008,,
-71.4417900883,42.9556005909,7.272997304E-011,,
-70.9694273308,42.9007357748,1.42334197303E-012,,
-71.1248948394,43.8106000543,9.46331502573E-012,,
-69.8615326892,43.6777760882,1.01736908461E-011,,
-70.8196308311,43.2873134534,7.47394779046E-009,,
-69.3407720765,42.7453779422,8.52081323653E-008,,
-71.6548996628,43.0928559657,6.09832133796E-010,,
-72.1728484538,43.6407977971,1.51456666948E-006,,
-71.9279202607,44.3338876855,0.000000006,,
-71.0832405341,42.4830002825,4.26325641456E-013,,
-71.5566234978,43.3791491881,1.32893631798E-011,,
-70.5565508186,43.2336979365,0.000000909,,
-71.6361218065,43.6704151313,0.007420066,,
-72.126676538,42.8729656128,0.000000007,,
-70.9755561393,44.0999401534,6.53969368258E-010,,
-70.9046627168,43.1216071903,6.71948028378E-012,,
-71.7276592584,43.0949796509,2.57525524668E-005,,
-70.8699907185,43.1983204696,0.0009644078,,
-71.6040991342,43.1584367306,2.3395314875E-010,,
-70.3627166348,43.6802345843,3.32231672236E-009,,
-71.1876638014,42.9692993735,0.000019019,,
-71.278718037,43.6149163862,5.40747698685E-009,,
-70.955085108,43.6102455025,5.0180709267E-008,,
-72.8161477209,44.1249433508,0.1036462608,,
-69.4566290084,42.677019715,1.75284815015E-009,,
-72.0980483319,42.8786551551,4.40186923922E-009,,
-71.0973526701,42.5142902146,8.70620470315E-010,,
-71.6245866951,43.5813189217,2.8406218123E-012,,
-70.8534249841,42.7135026977,2.22178487117E-012,,
-71.8907555111,43.8033689437,4.68958205602E-012,,
-69.5309642085,42.8883781397,7.10004088912E-010,,
-70.4417938362,42.4396001514,1.04175339901E-010,,
-69.7518537432,42.9069199106,1.06211172388E-011,,
-69.90213483,43.9417903152,3.50689423311E-012,,
-72.0122821554,43.3806759998,0.1099548078,,
-70.7653810252,43.4613355255,7.55939485995E-010,,
-70.0421140423,43.4292455972,4.75838413199E-009,,
-71.8362142742,42.9601852462,2.11317981727E-012,,
-70.0172219128,42.4223147119,1.58151586897E-008,,
-70.2615527376,42.9478401866,7.12294108966E-005,,
-70.9217481842,43.2366752173,3.4815583861E-005,,
-70.4636403645,43.0140349064,1.08190586853E-008,,
-70.912049968,42.5272741139,1.88509855854E-012,,
-70.6940424818,43.1170767274,8.11194345089E-008,,
-69.9225286742,43.3933537666,7.52088008149E-012,,
-69.5851152996,42.4932075182,1.39363198117E-011,,
-70.2848346612,42.9713784695,1.47665317695E-005,,
-70.057877443,42.7267525644,1.81669437386E-012,,
-69.8444991354,43.610300556,8.56549965273E-010,,
-70.2514827761,43.0978324038,5.23322672565E-006,,
-69.8851626937,43.9356942029,5.77377960312E-008,,
-69.6100972309,43.1118372591,7.57556887009E-006,,
-69.9253185213,43.6540179678,1.68852436986E-008,,
-71.0639394992,43.3347415238,6.12742922789E-005,,
-70.8476227531,42.7415704363,9.20242881914E-009,,
-69.8356773396,43.2209789994,9.87418758515E-006,,
-70.6610605058,43.0442611937,9.12373929518E-006,,
-70.27284521,43.4793387937,2.1040221536E-011,,
-71.2762276169,42.9260380137,1.72697259167E-008,,
-71.3919491817,42.3499459452,1.42578649383E-012,,
-69.5300097219,42.767074209,3.46756959838E-012,,
-72.8133455028,44.0603284455,0.43151221,,
-70.2212078513,42.644430268,0.000000016,,
-70.1925778484,42.8509672808,9.65837520419E-005,,
-70.9796875999,42.7068735022,8.14647429073E-010,,
-71.4686622027,42.6432467009,2.55795384874E-012,,
-70.9549520512,43.3908291135,1.98843346608E-005,,
-71.3142960191,43.3718603342,0.01461274,,
-71.0444664909,42.439183071,4.662507153E-012,,
-70.2181865797,42.8016953338,2.2711547922E-012,,
-70.3334818373,42.8200285885,9.79514151509E-007,,
-70.1101735192,42.702613902,5.11914361226E-009,,
-72.2356684062,43.4380471024,2.78166042168E-006,,
-71.0784609538,43.6800553017,1.08981165244E-011,,
-71.8066422352,43.0966470237,0.0002052221,,
-69.9993029643,44.0186764936,6.86487552804E-012,,
-70.1117028368,42.8199610816,1.42251581338E-009,,
-70.3196995778,43.0118437008,4.26325641456E-013,,
-71.6311971601,43.9474798459,0.0002486116,,
-71.297448995,42.9466884979,0.000000026,,
-71.740840749,43.6506321709,4.21505803246E-009,,
-72.0677396044,43.3939338152,4.45829550373E-006,,
-71.6574236761,43.827992495,2.11702358794E-005,,
-70.3588904615,43.0208455212,1.27897692437E-012,,
-71.1439775689,43.1624112085,0.000013961,,
-71.3375298829,42.6172180076,0.000000026,,
-70.2681483894,43.0951298894,0.0040718583,,
-69.8042908304,42.9780156974,3.49672504653E-005,,
-72.8918040529,43.954351482,0.1960158664,,
-70.3461703951,43.3230925009,2.84292445149E-012,,
-71.5028501892,42.8058794398,3.95294600893E-008,,
-71.8859248955,43.2660082393,0.0177267312,,
-71.8248041612,42.6925169367,1.48084002826E-009,,
-69.8949700474,43.6768440231,3.05984721621E-009,,
-70.4858072988,42.5902569713,1.29778181104E-011,,
-70.2285721438,43.0891637847,4.30143125152E-012,,
-70.7102658662,43.3963516944,3.25431039927E-010,,
-71.0380623076,43.7084821815,2.68070856489E-009,,
-70.711626147,43.5777680068,2.44432009713E-006,,
-72.5466454988,44.0881612511,0.006303456,,
-70.3037869103,43.4852359943,1.06542833626E-011,,
-69.4439668733,42.7798371661,7.38292092235E-009,,
-69.7598945237,42.7280264079,1.48664119214E-010,,
-70.2000592897,43.5497094343,4.26325641456E-013,,
-70.2542792103,42.5837527298,3.63438405622E-012,,
-71.465804337,42.8976059945,6.78477868095E-008,,
-69.3795621706,42.8118353959,5.89781551617E-010,,
